"Data Source","World Development Indicators",

"Last Updated Date","2026-07-01",

"Country Name","Country Code","Indicator Name","Indicator Code","1960","1961","1962","1963","1964","1965","1966","1967","1968","1969","1970","1971","1972","1973","1974","1975","1976","1977","1978","1979","1980","1981","1982","1983","1984","1985","1986","1987","1988","1989","1990","1991","1992","1993","1994","1995","1996","1997","1998","1999","2000","2001","2002","2003","2004","2005","2006","2007","2008","2009","2010","2011","2012","2013","2014","2015","2016","2017","2018","2019","2020","2021","2022","2023","2024","2025",
"Aruba","ABW","GDP per capita (constant 2015 US$)","NY.GDP.PCAP.KD","","","","","","","","","","","","","","","","","","","","","","","","","","","16150.6510725001","18992.0683778812","22468.5071202357","24730.3964479092","24763.6538099384","25460.3630272927","25743.4455010025","25870.1533960504","26581.9767488997","26504.1864180809","25779.5979282247","26547.4166076696","26418.0883302727","26384.8105935137","28104.8954362859","29007.7386958774","28535.4639480222","28525.8077063839","29959.7748189582","29081.7066997897","28885.9118700469","29556.8384686554","29870.6648077005","26204.0597361984","25429.2180974853","26093.0542083227","25444.7336646687","26680.1411206342","26773.8229102391","27458.2201537506","27587.2498040483","28548.8904317739","29419.208623316","29700.3634670565","22718.2294445007","26303.0397202375","29198.9903584827","31963.0764505349","33938.9541769192","",
"Africa Eastern and Southern","AFE","GDP per capita (constant 2015 US$)","NY.GDP.PCAP.KD","1186.27164538708","1160.37866888624","1219.27286582803","1253.36594034231","1275.81951392588","1304.20668313041","1329.28115929064","1360.97570218144","1377.15658836605","1406.45409275069","1381.60880745634","1415.88484924786","1414.23836393042","1437.00344648521","1471.21791218952","1448.49518908387","1439.89104858576","1415.2569195651","1393.9087216904","1390.51720422277","1423.01345078949","1433.87207216902","1392.7846820775","1350.68449857476","1354.94939180153","1313.62584417219","1303.91413747521","1315.25849556462","1332.36562989239","1329.77597270474","1293.76522236797","1257.32746247235","1194.98293940344","1152.59004074875","1143.91396339554","1163.1260924151","1195.05178683805","1209.72360539762","1199.70458220191","1199.43029122354","1205.87666437284","1216.22788108397","1231.33260616804","1235.59805226329","1271.19569954919","1314.2677841971","1364.58002599767","1417.37331385996","1440.52144510506","1414.50548927128","1449.78072652181","1464.88611192938","1452.76568595828","1478.87995623663","1495.79844862987","1498.71597073834","1493.11936575691","1493.1423907296","1492.18670204384","1480.22900239543","1398.57793000832","1422.65546311873","1437.09139374966","1428.54623843676","1432.50843496815","1449.27138341047",
"Afghanistan","AFG","GDP per capita (constant 2015 US$)","NY.GDP.PCAP.KD","","","","","","","","","","","","","","","","","","","","","","","","","","","","","","","","","","","","","","","","","308.318269746638","277.118051443941","338.139973643387","346.071627096223","338.637273888197","363.640141436773","367.75831169358","410.757728879097","417.647282647498","488.830652491949","542.871030476037","525.42698276582","568.929021458341","580.603833333096","575.146245808546","565.569730408751","563.872336723147","562.769574140988","553.125151688293","557.861533207459","527.834554499306","408.625855217403","377.665627080705","378.06630312259","374.37669620849","",
"Africa Western and Central","AFW","GDP per capita (constant 2015 US$)","NY.GDP.PCAP.KD","1130.43838794104","1127.59889973542","1144.94666619594","1199.2222698736","1236.29440063853","1259.00426369838","1212.6654411291","1079.56677716937","1071.9975959619","1204.35399179741","1379.12618829728","1486.30274609691","1496.25642189215","1516.22185503051","1623.8138315369","1549.11025143149","1635.12890940507","1663.87549185459","1587.04523099037","1620.35909879688","1604.54508676268","1455.9568599772","1368.17916163808","1247.80247140321","1221.4548831267","1251.83100002558","1233.41012340673","1217.03627137269","1240.42640069534","1227.32332211234","1262.02804836058","1242.85591692511","1236.74838636786","1187.89176137229","1154.07891669578","1143.74503484233","1164.38761748098","1182.83224603344","1192.28326968998","1177.84021453424","1189.60989480741","1217.48637912529","1301.45284845521","1336.53509360063","1404.15452106467","1443.9895720102","1477.96252664219","1515.04513261704","1564.2103448338","1614.44023110383","1679.8619541977","1713.47507358227","1752.04877339883","1808.05542437383","1859.65082949513","1863.40151301991","1817.66095620629","1811.55471646765","1817.65066402569","1832.1636948549","1722.44898220443","1725.17121673839","1761.05945140847","1782.32607004266","1820.07044608507","1860.36585549564",
"Angola","AGO","GDP per capita (constant 2015 US$)","NY.GDP.PCAP.KD","","","","","","","","","","","","","","","","","","","","","3186.73959671623","2937.55129348153","2831.46994190715","2842.76539929869","2903.70027038757","2896.78303599316","2874.86018426177","2890.075475723","2964.57234489924","2866.24611382809","2675.05239369334","2612.33170519933","2380.58274214001","1752.7231866103","1719.54294463666","1912.51777520778","2099.35045383251","2176.87757983993","2203.98692701402","2179.06426973197","2172.46326718726","2189.17352158048","2404.97792071735","2403.40415157242","2583.32411461508","2843.39663579921","3065.05576244155","3336.36332465491","3559.19522512538","3494.80724466468","3540.79159568681","3528.16824373698","3682.35229323075","3716.29718727597","3746.81619978931","3641.72893920253","3505.59634681792","3378.07588102598","3246.87857140997","3105.59971242672","2847.24241578243","2788.16737086685","2798.01717317688","2748.95196954248","2798.59392792708","2800.95785565447",
"Albania","ALB","GDP per capita (constant 2015 US$)","NY.GDP.PCAP.KD","","","","","","","","","","","","","","","","","","","","","1823.48926046182","1890.02197487257","1905.06352710108","1885.6927997741","1823.32356317723","1818.02506971777","1883.74041369284","1831.94703921937","1772.17935790921","1894.87827425617","1682.8810874018","1218.96427317362","1138.23773998809","1254.67888414888","1367.22058963712","1558.96638565461","1683.76965547424","1495.90035328523","1630.43874131845","1841.80762760566","1991.91435867116","2188.91854451375","2297.10853513924","2428.68934653563","2567.29763687121","2712.86983830331","2894.36032580174","3105.8796756386","3345.98161761476","3459.24695646692","3579.82413181046","3677.89457937717","3771.84781862015","3895.89975621942","4045.11934884933","4199.53912925398","4431.55635814168","4648.23078660658","4893.82375538717","5072.43648354739","4980.61699524696","5511.75743402862","5867.65096230557","6204.43525612114","6549.23387415397","6877.07720478965",
"Andorra","AND","GDP per capita (constant 2015 US$)","NY.GDP.PCAP.KD","","","","","","","","","","","43005.5424076199","41930.1505196359","42354.7451326702","42738.1683163052","42363.4459779041","40073.4103686682","39058.5886593417","38021.8198338874","36647.7020460133","34983.9990938008","34281.7439470011","32958.7650434369","31996.5442033019","31117.1962264429","30392.8420669422","29997.0862678001","29680.1329452757","30064.9979685293","30469.3442419146","31180.4123341226","31143.1468757172","29642.3059817481","28161.9424937627","26518.2336337044","26587.1383046901","27619.5060618267","28871.2160752297","31140.6896819813","31800.3640678661","32938.6437411832","34113.8173783949","36790.1037086022","38084.4843108589","39620.3201605161","40054.3211531421","40528.17486238","41322.0529213846","40789.1589697748","37775.1261404342","35604.3840098196","36277.2644425331","37637.4868342866","36206.9784356446","35684.1694347737","37300.6244197096","38654.9347217207","40085.020598622","39361.0622648699","39242.1448975099","39346.275035865","34536.6499222556","36929.0191528644","39780.3966130791","40227.23352974","41223.9924906603","42319.6276533021",
"Arab World","ARB","GDP per capita (constant 2015 US$)","NY.GDP.PCAP.KD","","","","","","","2399.88087734787","2491.10651940972","2681.50688151072","2799.16016736405","3343.73869378353","3493.05430449261","3868.08984222469","4255.42094332646","4565.59479113866","4425.98171531478","4900.63861556752","5062.3719142707","5043.27472660477","5387.81725914159","5531.26838100316","5403.32702594608","4925.41802509733","4593.45649754591","4507.18975724086","4333.74478167399","4171.51324044776","4059.12183806774","4077.68616577353","4120.6737838127","4299.76237187585","4172.37895844352","4334.43634376787","4352.86077803648","4377.18722063061","4387.70518810507","4488.04815990419","4620.86985061194","4725.56339133207","4741.99153927008","4922.11520199761","4907.21186577842","4853.12978171597","4939.55134024018","5264.51546177734","5427.84243278416","5632.36344117714","5746.68567268712","5915.86136125116","5810.71141659136","5965.71571721365","6054.00045574247","6235.42337538268","6234.27485821589","6247.36371197299","6299.87807685552","6375.45441645456","6332.00881888743","6386.55005729143","6377.12720480427","5914.3140803644","6083.57198947026","6361.38084442534","6322.02558331114","6311.25329101256","6403.69503357038",
"United Arab Emirates","ARE","GDP per capita (constant 2015 US$)","NY.GDP.PCAP.KD","","","","","","","","","","","48741.0796612797","56948.8005045718","68920.9758767467","107395.097052308","109718.570185402","105007.188489353","107855.628594193","113580.442231378","98092.3300146076","105254.749507412","117073.349209195","113153.021056465","99530.8620333545","89516.4418303787","88072.4472005835","80474.9846535844","64264.8083407516","61928.0314785734","56449.7552349159","59586.0443169486","66481.5897466438","63430.906618065","62201.818382813","59942.9907988351","61156.7439104734","62393.299324125","61871.4211109814","61715.5311994502","57355.8965054096","54943.770569469","56939.3600767998","54169.4135701565","52216.8318338175","53619.1662875958","55611.4376344125","55363.5818196998","56629.9713117545","52038.6229393122","47922.6941430472","42672.1946222627","42328.84668186","43687.7919424546","43958.5779670713","44312.6320463505","44257.6652085451","44910.3458860776","45168.4955973912","43293.0202360765","43377.802601486","43468.4534705013","39878.4663896389","40935.8915482084","41828.5686923546","41926.5773498407","41605.4138706908","",
"Argentina","ARG","GDP per capita (constant 2015 US$)","NY.GDP.PCAP.KD","7397.10965495682","7670.59545571641","7480.27172420174","6967.75019555221","7551.02490778789","8219.55155637229","8041.22487411475","8172.27456469042","8436.30856351031","9111.9459748551","9244.12251785153","9614.61061692134","9617.68814943737","9729.53258885903","10100.4469136163","9936.49583447894","9584.74851751038","10088.3374871635","9480.94009490414","10284.6064087552","10275.7987023886","9587.67379423426","9365.68465387847","9617.7000569575","9614.44726215357","8973.31874865813","9378.46866394349","9484.45876638052","9236.80771302535","8445.4100923428","8115.09386370753","8729.82318518892","9293.18692251748","9920.67358582437","10359.8927204871","9934.10776139515","10352.1400002191","11056.6881331002","11348.2022124673","10838.3199346387","10631.6503639029","10051.9448463043","8861.56199282278","9545.53194119994","10302.4465316428","11099.7509190602","11870.2791559298","12811.9021206578","13197.3570267029","12285.3784651865","13387.1553748458","14040.6189124444","13754.4254235596","13946.0950832252","13456.1319159151","13679.6264980954","13265.8860639123","13520.1129846159","13058.3285449954","12706.3978108968","11393.0505957877","12549.2811699342","13276.8232110189","12993.0928872416","12774.3506596628","13287.1159527489",
"Armenia","ARM","GDP per capita (constant 2015 US$)","NY.GDP.PCAP.KD","","","","","","","","","","","","","","","","","","","","","","","","","","","","","","","1644.02214502158","1426.82791357144","840.205259177402","792.567859246381","857.394474812969","932.357829471807","995.728275319872","1039.0798243009","1128.09888845227","1180.45341995952","1229.21510436102","1351.12072694555","1535.20452885187","1759.64684829386","1955.22262459229","2240.09273209788","2551.43546358452","2919.3734936373","3141.33193500774","2716.97436280471","2796.08143428043","2943.83687119315","3159.75860786889","3266.29882999873","3393.09252326884","3512.39350276709","3533.88503607007","3815.3747426037","4027.83393010979","4343.45839583019","4032.09043454955","4264.79961505187","4791.00481712183","5197.23509013575","5378.31799981682","5666.18616756416",
"American Samoa","ASM","GDP per capita (constant 2015 US$)","NY.GDP.PCAP.KD","","","","","","","","","","","","","","","","","","","","","","","","","","","","","","","","","","","","","","","","","","","13054.6364326897","13201.7347516166","13291.5356626851","13284.2791128875","12794.7565021718","13092.3111393408","12809.4633079683","12342.0575384016","12446.3086265015","12521.8095058644","12068.2667374983","11871.7937192729","12203.0894714284","12727.4102651386","12665.2829921268","11930.7771236826","12412.6024074562","12524.0160252283","13194.274740128","13233.5784817341","13709.0974895473","","","",
"Antigua and Barbuda","ATG","GDP per capita (constant 2015 US$)","NY.GDP.PCAP.KD","","","","","","","","","","","","","","","","","","6062.49730867664","6310.85528034119","6795.69319068949","7323.12585537909","7584.59252748296","7564.22182367711","7951.66482552649","8766.9905761522","9479.64251106372","10620.9981924893","11383.2024679696","12037.4265333265","12729.2904324833","13166.5241173582","13385.0114363295","13326.2728796496","13776.8264136781","14420.4693979194","13519.5287711166","14117.8679127333","14588.3079841576","14991.7802610684","15282.9733985907","15961.0918359058","15003.4389169034","14968.0703013883","15703.9347145491","16433.4130541483","17301.2134317518","19259.6486517907","20770.2689732844","20464.786306605","17746.700856041","16135.397384487","15633.9091131821","15989.3900199779","15748.1952024226","15967.284996712","16077.6340769406","16635.895232831","16992.9327495236","18042.1596435727","18525.2588907167","14950.8942397208","16084.7214406048","17359.2674811108","17938.3186828047","18304.5836762037","19130.3022925054",
"Australia","AUS","GDP per capita (constant 2015 US$)","NY.GDP.PCAP.KD","19957.0185396831","20049.2014599323","19819.5508619226","20651.3354330668","21662.9940402643","22512.3706366385","22528.1223305731","23648.5462637879","24418.8606195107","25598.378558021","26899.7541974476","27046.1431511563","27590.9777551932","27883.891225048","28303.4084700947","28331.3388137168","28774.5418932665","29474.2752072","29394.359192462","30256.548535893","30796.9990737135","31333.1633085396","31819.6532938973","30688.5439685755","31706.3733417014","32939.2895127443","33755.0847823788","34095.5190957953","35474.6950998214","36232.1764714618","36975.4199007908","36366.6962397612","36117.5446503441","37246.0044332363","38356.7691976693","39407.5647528439","40437.0941864857","41569.1653679391","43081.7201718179","44755.6599721318","45979.0765654048","46314.6235297968","47599.4079289312","48509.6632180363","50018.5904483861","50972.640519744","51682.8925230537","52671.325846724","53497.275355342","53430.5274781651","53768.349733441","54296.2321324814","55465.4462872577","55966.1509270561","56571.8062524437","56970.3613028094","57632.9995925594","57991.771347333","58772.7063152213","59181.2997904131","58377.7670517802","59465.535671364","61200.4588964781","61869.082498576","61486.38147544","61368.6075579929",
"Austria","AUT","GDP per capita (constant 2015 US$)","NY.GDP.PCAP.KD","11894.7443540629","12484.8089466588","12737.1855093712","13179.3526255353","13893.5859915403","14283.9974825308","14984.55314257","15320.3583827381","15922.6386610038","16863.5863238272","18001.7830752008","18838.3155993467","19891.8259854297","20749.343993787","21530.6342227432","21509.3123429813","22533.8803345008","23669.5086348985","23638.7784066043","24947.5270743961","25379.462993097","25278.295236062","25768.2192735584","26577.2454719789","26592.5469190439","27244.2148386511","27853.5049872765","28213.6633992636","29102.3222540003","30097.6512878468","31167.1857978698","31919.5573520278","32231.1216141522","32134.8299135937","32780.3419423369","33603.4278263558","34301.6562151382","34998.0321173934","36180.7490571265","37468.8698869794","38571.0858780001","38929.753800545","39313.7225107545","39569.2885567329","40333.3307183894","40989.0131778975","42120.1557002022","43568.8302243941","44063.8642019916","42372.4758254763","43035.4073531933","44146.1956805294","44221.4599530893","43851.3675497404","43838.8345892137","43915.228020857","44362.6702805116","45056.6385912412","45951.5819164034","46550.5622459492","43428.6983137234","45368.6434337368","47332.4240357971","46497.9114640341","45958.8250071261","46090.2514170459",
"Azerbaijan","AZE","GDP per capita (constant 2015 US$)","NY.GDP.PCAP.KD","","","","","","","","","","","","","","","","","","","","","","","","","","","","","","","2866.41060718579","2808.72744444906","2141.34003837017","1621.91809395607","1284.95555073458","1120.30867792344","1123.44793844504","1177.19685990232","1282.68413749503","1365.56585147028","1504.73106706035","1640.93664540398","1782.47319183639","1949.60608417331","2111.4533834475","2674.3688564996","3556.83212858133","4412.20326117932","4778.12452736673","5118.43395494687","5300.11048729062","5149.20665913206","5193.17501119552","5425.99559780578","5508.60265612676","5500.50364628486","5272.71817141861","5229.25259993413","5261.92938234432","5346.95318604114","5087.50022783627","5349.58226071425","5599.58524971025","5668.61021317029","5876.03295533913","5935.53323632509",
"Burundi","BDI","GDP per capita (constant 2015 US$)","NY.GDP.PCAP.KD","252.494432263235","212.342855409314","225.788139348072","230.224869823611","237.796206552628","240.48406689455","245.589599364794","272.52744854486","265.309585922564","255.821731085115","303.709792391106","304.559299116609","285.06811637395","305.139959453115","295.43006437029","290.202986018144","306.31315911461","332.792340173242","320.275135300224","317.614267208854","307.578267460065","331.215392246246","319.648687347883","322.759132903385","315.522461859928","345.163854234518","349.756030266147","360.679923797347","370.526755664209","368.226157097932","373.245241687992","383.870358589191","377.518319697874","365.282012271705","349.016249237768","302.701844524604","278.293479866983","273.889548332896","281.470892716422","272.030864788973","264.154407180223","262.913885774384","266.968141648342","255.500823385612","258.050009115333","250.878933475935","255.105582251925","254.311725516331","256.012461554496","252.582019875886","253.308577749924","254.242110648215","256.180393931874","259.311117203355","261.296721752002","254.402585226788","258.061970804063","261.725839287239","267.508692172687","270.411005710809","263.463876362597","264.682651658422","263.587550049119","264.84330794512","268.700857389911","273.432977612477",
"Belgium","BEL","GDP per capita (constant 2015 US$)","NY.GDP.PCAP.KD","11715.8267604397","12258.2996460169","12845.9667199187","13305.1270003813","14096.6675829394","14466.6268711882","14822.7174465672","15310.6184590978","15890.1321308581","16895.7048108658","17951.3223757272","18632.8422933665","19542.8867391462","20724.7405753826","21602.8018308189","21116.9915506255","22270.8535641559","22382.648446366","22997.2737603991","23514.5117930815","24532.4569582102","24464.5869932428","24616.83722877","24695.5649688117","25305.0320542767","25715.3579688704","26174.7550878409","26755.6980811501","27930.4858968463","28794.6548841575","29609.6207516724","30040.5508404095","30376.8745342462","29967.3944241601","30839.2414336465","31508.622663522","31862.6693868132","32991.5010116146","33566.9875919507","34676.6051555263","35878.3153586195","36148.2880924306","36600.862592332","36826.2699296094","37976.6972967442","38645.2605193362","39371.0858277448","40520.0843207009","40380.9075004042","39293.637546825","39991.5646206286","40236.9596308558","40074.492800399","40007.8997891411","40533.9135027898","40893.804537772","41172.8862831209","41619.328629169","42208.3625650272","43006.4042308863","40769.0218072962","43140.9676652971","44516.002160801","44828.2274521244","45019.6989654607","45145.6641673237",
"Benin","BEN","GDP per capita (constant 2015 US$)","NY.GDP.PCAP.KD","655.913007563868","665.431250366532","631.42071510316","649.260123067951","679.356446871351","701.332145059658","711.858170524999","704.838581809146","716.640156003181","721.532496801575","720.605098618137","694.034044850035","721.876315776552","731.313119718855","737.948326243781","684.962291595042","674.040866533898","689.858786250037","680.651097993039","706.10443231183","733.490637341118","783.925193667226","778.638765032765","723.483520668885","758.361165674301","791.727164830118","785.143070110497","750.403840602099","752.704034985609","709.188907710243","749.459666582926","757.403145107877","756.080888165851","765.479914438342","752.277508740764","781.0647884601","793.7950526962","814.901395438676","821.459971433599","838.976786975768","861.213292013209","879.854463773645","893.137100961634","896.146763201736","907.624431209378","893.91536869992","900.62053578735","926.740113754071","943.203380303862","936.565651071554","928.246655329144","927.716412836707","943.918771531001","982.399206290516","1014.4330062135","1002.41886879614","1006.03926633023","1032.90471194182","1071.50452156932","1114.17304526443","1126.65404122154","1176.37727637273","1218.49668929091","1263.62158336368","1324.78312597434","1397.75362076916",
"Burkina Faso","BFA","GDP per capita (constant 2015 US$)","NY.GDP.PCAP.KD","244.167257873365","250.394091012667","261.880916903197","254.731183016035","256.568911549561","262.001316967784","259.130285238002","277.313189171404","280.960315015046","281.73763833434","277.184105813715","276.290476527029","277.846496112942","274.152506421818","291.303145502961","294.050755641012","312.385989060691","306.319820987094","312.546378441226","315.71696837442","309.805283645997","314.286582559959","334.96046501527","326.730273513319","311.788334185274","328.715164630481","344.993912306641","334.888996959212","344.904464201203","343.089820260752","332.153276660935","353.206720757378","345.401816823349","348.581211032689","344.371184069503","354.841188502861","383.973583031147","397.838955257373","415.273513470241","433.104727597234","428.309796566198","442.914122870048","448.128856317091","468.263047790124","474.086412333459","499.192797571217","514.113131757062","519.26101218434","533.471299938288","533.470084831931","561.847221302489","581.603658737407","600.731343697818","616.741331164082","624.576885187665","630.124750752312","648.420480176012","669.276310328333","694.492813126351","717.021595096634","713.8421779224","745.472563435144","740.306319930259","745.405334618409","764.082625588818","786.966437457548",
"Bangladesh","BGD","GDP per capita (constant 2015 US$)","NY.GDP.PCAP.KD","429.398700910166","442.754802776645","453.534880895558","438.497510023828","472.526377856783","466.297416230715","464.560595017134","442.631515109653","470.576662620963","462.973250718686","476.495758008963","442.581266509865","373.483189983357","375.01209712721","399.510508130505","373.260373696999","384.509552028714","385.08552032014","402.385595931712","411.669266520237","405.226770259517","423.537122867473","420.872004532951","425.646571168568","434.782351604307","438.382478828439","446.08025306417","452.659756923731","453.839236883479","457.254334777705","473.444821021085","480.673358976087","497.371173735323","511.193509421294","521.323144726555","537.931946643983","552.077107138767","566.271140847632","584.448175174047","600.232323162952","620.560472822105","641.288922876274","655.672139362272","676.826252046427","702.656357081873","739.203718353409","779.419570444998","825.508229964537","866.45815762135","901.729626251937","943.66422864236","995.579947155662","1050.39140404066","1103.15695907123","1159.40753475981","1224.38647668165","1299.83091360792","1373.75363740186","1462.25050255713","1564.20802445636","1604.6659234742","1702.08028414189","1804.3493461776","1885.37733613545","1941.27874360025","1984.73292428118",
"Bulgaria","BGR","GDP per capita (constant 2015 US$)","NY.GDP.PCAP.KD","","","","","","","","","","","","","","","","","","","","","3427.23918150896","3583.21784298575","3656.03933021005","3772.02799797802","3891.02819888176","3995.50040762131","4164.71951636054","4410.38020522991","4887.5873353325","4782.42156117242","4425.49955286164","4092.07934990466","3835.45427951087","3808.94310683811","3891.38232617785","4022.19748673152","4253.45199440193","3675.36877811444","3840.17297697202","3537.52626953376","3718.11895993863","3937.90285118373","4260.62251956893","4519.415326977","4850.11917184577","5231.60538607098","5630.08907245392","6049.05136726418","6465.05231071194","6289.04666609216","6429.04599233108","6605.64616736859","6693.76983060797","6793.08253592745","6941.37319825776","7269.02586513711","7586.89174668116","7899.11056589871","8194.79296320014","8626.5750265742","8440.51416964556","9161.94541759347","9598.35828571579","9787.76510584614","10127.4152566236","10454.1739579477",
"Bahrain","BHR","GDP per capita (constant 2015 US$)","NY.GDP.PCAP.KD","","","","","","","","","","","17423.5246702283","17249.0124224571","18258.3131142924","19724.6516534591","20304.8174616131","17582.5754413652","21815.0764825317","23475.826642995","23251.0531134084","22978.2198018726","22551.9860925815","20521.425016103","18310.9908591644","18811.4380955493","19065.3191478664","17516.6361043991","17091.2903016984","18193.2073441956","18774.1395172075","18183.311929769","18345.8379968815","20882.5058640472","21701.2220342029","23858.1931245824","23180.3322555659","23465.7129170227","23795.2092538862","23893.1335655763","24386.5916523491","24773.8464104044","25407.9694054552","25106.2869742612","24149.0156013799","23857.6403579769","23688.1121059225","23439.6704353038","23095.0181330228","23112.4888058398","23127.2148040048","22206.9371985225","22224.0736166249","23288.0449398313","23894.8804447088","24271.6278814506","24135.4991304849","23734.0551143019","23715.2791328712","23606.8867501313","24059.7838641562","24873.6640060134","23586.9309581516","24086.7847803428","25234.40256182","25342.6226641572","25886.2393152311","26591.6651912691",
"Bahamas, The","BHS","GDP per capita (constant 2015 US$)","NY.GDP.PCAP.KD","18778.6497346605","19781.7873694885","20778.7815847543","21844.5348354201","23039.9974219566","24337.3736096222","25358.8191829638","26526.5283459697","27437.8995482699","28576.3578705961","25941.4690195874","25551.8853149408","24004.4866448997","25212.0091300218","20522.7753040588","17106.220493493","17606.0848407141","18809.6241220619","21034.8433988653","26013.653376332","27191.4849967295","24256.2435568937","25450.8928287766","25926.3208882951","29104.9829954372","29993.35702923","30012.8270394236","30389.4797086293","30564.7731507657","32051.9777199439","30995.4830715942","29192.9942606391","27565.9784622985","27137.178342536","27503.6353912861","28236.3753765914","28967.0480464753","28902.571896854","29837.4381789441","31544.3540604454","32424.7271786716","32870.0918307285","33374.602685914","32559.311554898","32444.0739567569","33144.7878790275","33541.850748701","33549.3360007274","32331.8246135092","30581.3342198488","30657.4319059659","30492.6738528071","31553.4919490645","30368.2631244189","30658.5344563722","30719.405417469","30152.1619246021","30974.7477261317","31537.2423841956","31117.6299132391","24791.6704945106","29114.0597726386","32186.4575039237","33009.645615121","33968.2032187918","",
"Bosnia and Herzegovina","BIH","GDP per capita (constant 2015 US$)","NY.GDP.PCAP.KD","","","","","","","","","","","","","","","","","","","","","","","","","","","","","","","791.443970389452","715.900061170044","705.206668516429","748.150027169041","871.398487189453","1013.22444430671","1498.0059275225","1974.057421178","2262.03263639383","2452.85188377919","2567.34137094619","2617.18230350812","2743.13878615838","2855.68314939849","3063.83543448936","3217.81341615345","3419.75887457192","3665.08966529499","3929.03297717336","3877.53540078456","3981.20985692032","4094.25329541877","4139.91732773657","4306.73175072214","4412.67617817734","4662.25869219448","4876.53471495633","5099.81602856447","5360.25201017633","5583.29721276458","5490.75366635139","5995.54197590494","6327.16206849174","6493.32400514463","6746.95366547249","6943.58251284534",
"Belarus","BLR","GDP per capita (constant 2015 US$)","NY.GDP.PCAP.KD","","","","","","","","","","","","","","","","","","","","","","","","","","","","","","","2888.81296582486","2852.83085924888","2573.29955103215","2372.48516910385","2097.38187007503","1885.36062660186","1944.68700512976","2175.40374180154","2368.78330877851","2460.36944195798","2615.36376799462","2753.0336970697","2910.39937484153","3137.26261430575","3520.40452642524","3877.71738911289","4291.68647163264","4682.20676719042","5177.64534775676","5200.77418555423","5616.0941173307","5941.68999156239","6052.6373706236","6115.43288098707","6212.91667418659","5967.05595058777","5811.20159182547","5964.89668834561","6165.91320019277","6267.73508743505","6251.98898968645","6457.73053706343","6206.61909685419","6497.78450683592","6814.34443423546","6938.36335858537",
"Belize","BLZ","GDP per capita (constant 2015 US$)","NY.GDP.PCAP.KD","1556.52812493767","1592.32816408951","1628.32371642474","1662.93876848162","1696.26336170539","1727.66189869359","1755.8870613618","1786.43037420541","1860.50602649634","1900.39366825897","1947.28337120936","1990.27838004651","2160.73117303141","2244.52416379583","2514.28245942935","2560.62896763855","2507.60067754992","2615.71835693721","2765.39333253554","2911.04475865766","3187.40426576851","3142.84461313484","3062.06719907974","2924.44059348213","2912.4123618248","2874.33886277887","2937.64707960299","3180.92991680315","3415.7025806129","3775.4795508791","4112.59517532713","4499.57971281862","4967.92710478843","5166.82867390165","5056.95201193832","4967.96153818049","4875.65675023061","4915.3403407039","4931.45499103616","5213.5662826521","5663.64632374973","5764.99055491104","5895.15235037898","6274.47428279313","6383.07432412662","6337.12389222378","6435.58767337678","6465.82885846045","6187.95885023655","5997.68447156383","5937.75398343789","5802.24344531492","5902.74234696881","6013.07879895362","6116.49578852783","6154.62264230369","6012.21296983668","5767.61921963762","5707.61059954436","5864.14611827109","5006.48453276935","5839.40157956017","6262.56088273674","6165.69414825936","6290.49294452749","6373.94191324413",
"Bermuda","BMU","GDP per capita (constant 2015 US$)","NY.GDP.PCAP.KD","39906.0219422945","40887.2553277031","41637.3631417601","41060.9761296957","44570.9985986152","45658.5944548796","51062.4081514285","56696.1527093867","56867.5774623567","57787.6562270768","60471.255277804","61975.665563665","62864.8733493888","63625.2779332653","64050.3241864199","66372.4924551379","72195.1610959722","76292.2393841989","77242.7029002796","78775.0614273019","84785.7462251032","86283.5987978388","81137.1319313892","82177.8355724679","81986.7194401669","79797.3827166062","84596.3528723121","87182.1874028497","90024.0922838766","89743.0558156557","89089.7346423608","85311.0494288592","84642.6084927299","86582.8344997142","86545.7823557807","89849.1250139813","91743.2962338679","95383.0225110365","98347.9089816051","100867.914579743","109502.763102809","116809.925253071","114574.433608566","118018.831592635","120432.12052555","122143.799577518","128662.931924261","132595.482654866","129525.177139097","121727.584908744","118382.908990645","113937.835700983","108040.575659203","107860.394791964","103941.982606956","104855.366822135","104190.876720334","107734.608357327","106843.163739391","106709.881238843","98846.4458079644","103130.365845318","109412.251159598","114244.681047132","116513.536565041","",
"Bolivia","BOL","GDP per capita (constant 2015 US$)","NY.GDP.PCAP.KD","1276.96577165674","1277.28494600681","1321.00916240086","1381.64409719512","1406.29044585465","1444.227124249","1514.70697855698","1575.49636091837","1672.33210629174","1708.5035945778","1758.01016303384","1805.97392288434","1906.55558469892","1971.13272228746","1983.71650349277","2081.06944174206","2127.83294834946","2182.6753696963","2176.90982838503","2130.7544762349","2054.79726888192","2015.24576097774","1894.05947270986","1778.78743473746","1737.68727853715","1672.78978179769","1595.83503432803","1601.0183471055","1613.04847152277","1639.11334017591","1679.40847944141","1731.39514136336","1724.3633452511","1762.66830964982","1809.57065115273","1858.78185214476","1904.28702213594","1962.86404301605","2025.5033470495","1998.94533975051","2014.19024634132","2013.84581094568","2029.66993705968","2050.07133419082","2099.9908107392","2156.18670353603","2221.42722588941","2283.42733535297","2383.25032547517","2422.57579380245","2481.4070083834","2568.52051674406","2657.2388497837","2793.51457124054","2900.90241571477","2996.01289811344","3077.57057582774","3160.16421247588","3204.53670838005","3207.38695231128","2765.09271788602","3011.55110825301","3088.24126173436","3122.77049466223","3045.61476620329","2957.27261403242",
"Brazil","BRA","GDP per capita (constant 2015 US$)","NY.GDP.PCAP.KD","2603.51901042994","2743.38888844205","2838.47229916639","2772.5799490463","2785.07443212682","2772.67176390786","2878.69979349639","2921.3724263796","3126.53548183139","3338.76247436022","3595.95086280878","3907.01225977893","4268.38384697753","4748.26246385619","5013.81724730208","5148.9106187339","5543.43637942576","5679.78590996985","5821.49131249962","6069.05474310333","6472.85214591952","6055.09781428103","5967.77899586532","5664.96368501244","5841.74986464143","6167.51343658643","6494.28087914562","6591.60882870649","6463.00545238554","6545.42575572846","6149.86788926381","6107.64883675747","5973.98285622586","6167.46092178931","6427.16901943704","6596.33572674819","6640.7270065575","6764.85842091319","6687.49523550242","6621.63676249539","6817.784240857","6823.03396999891","6944.62337495755","6941.4404574508","7258.78185165912","7409.56913232718","7622.04007133264","8003.25413096047","8330.76459841304","8246.09706995094","8792.63436120342","9067.99316348047","9167.49923929815","9366.73932434359","9338.34278278114","8936.19661712113","8577.84376650911","8628.25308908043","8722.33630317935","8771.44051292177","8435.01143254978","8799.22945810901","9032.08481566299","9288.02701470069","9566.74518687619","9747.99557762692",
"Barbados","BRB","GDP per capita (constant 2015 US$)","NY.GDP.PCAP.KD","8456.9864748233","9019.78982572461","9750.23303428194","9164.18289418954","9526.55352828723","10508.2157426009","10813.8533654578","11862.5906214948","12609.7513880513","13508.6692487242","14796.6442009228","15389.1098153584","15554.5476869443","15721.2746681701","14962.9056843512","14655.3514455028","15278.114997258","15822.9964433305","16599.6220838218","17929.9318678113","18695.0467666137","18285.6535409384","17332.8013529132","17358.1630846922","17917.6568892297","18050.7073576223","18913.0485448903","19353.2290929328","19994.0204806204","20686.0379699561","19965.24047908","19128.1019342633","17977.267183022","18067.0819950459","18388.5965093239","18728.9470113809","19455.5086622641","20369.3325002152","21125.2533175225","21189.4102394967","22170.0846712974","21615.8003391727","21643.8964907973","21979.2923230027","22162.6344048607","22918.5438028595","24193.1384344674","24579.0897752594","24605.4523230752","23250.8017659349","21285.0039393558","21200.1949825923","20534.8825878653","20521.1209928514","20636.0327188055","20429.4747123553","20673.7682337375","20766.5518491129","20674.3547847984","20687.6467427909","17056.9868669781","18395.6153622073","21315.9363255517","21701.2660270701","22421.5333611295","23014.2045970351",
"Brunei Darussalam","BRN","GDP per capita (constant 2015 US$)","NY.GDP.PCAP.KD","","","","","","","","","","","","","","","64932.0843458243","62303.4681448926","72760.0838890241","77308.8630968501","80082.6794581564","96517.1336821703","84483.3896949123","63568.3324706453","63000.67420568","61220.7080386665","57811.7720728478","54270.0845517948","49618.4647311583","49057.0847164443","46889.4915760067","44296.3390449877","44179.827869454","44201.1394947727","41672.3708419389","40342.0504065212","39721.4345352129","39274.4980204335","38331.6576177026","39820.2107524086","36331.1813349886","37045.9342568638","37509.5983847742","37269.3099216587","37976.2627573601","38595.1688513702","37948.6590825194","37312.2778797122","38229.3565684183","36174.516515486","34126.6941563969","32855.6021602466","33121.3178241724","33754.3640783713","33544.5389457877","32381.0739795231","31148.7297405401","30625.1287744656","29492.4145927789","29524.65912789","29200.1952024222","29996.2407223175","30015.9588506697","29256.1833678343","28549.1756060465","28645.9645396284","29563.8682753082","29531.4854435743",
"Bhutan","BTN","GDP per capita (constant 2015 US$)","NY.GDP.PCAP.KD","","","","","","","","","","","409.39951009812","406.291418918553","397.262037485288","389.593921511192","395.97778052767","370.056039481574","389.665426064711","406.33736880742","420.682203225947","426.159561589084","432.838643488682","482.235722777153","483.023534472283","516.678056159163","523.422165152942","527.791600354552","570.054288192741","713.587145838936","725.554916193497","756.380975678321","812.671325588739","795.191842865383","863.46389569327","917.291292689812","963.016574291679","1043.38748981674","1099.85817824831","1138.39922318847","1182.98781073316","1248.61600842811","1259.6237645235","1321.09878230279","1427.25693317315","1506.4152751782","1552.73915195801","1632.02169500573","1701.11878173586","1952.25734603779","2017.76018913403","2148.56480375034","2378.72810760985","2552.48871073094","2654.74798946027","2671.07460201171","2797.81883971908","2954.04081911097","3173.36773217431","3211.80903275593","3300.55006461736","3467.38598979356","3092.12428399363","3206.20366997254","3349.73309632799","3480.51388523184","3717.21053114706","3988.78118067972",
"Botswana","BWA","GDP per capita (constant 2015 US$)","NY.GDP.PCAP.KD","393.861742487166","409.502166469248","426.901637851857","441.728045569419","460.824434130607","480.490649773385","508.141727280139","535.405247145742","588.907189594904","674.389989055809","785.474884442778","971.592899383618","1184.47370056075","1370.73282732856","1419.44206854257","1464.68785200858","1539.17387299982","1635.51259140874","1760.57070364001","1859.49457887642","2002.99615272235","2111.34563888905","2276.04982459673","2484.51795571067","2603.44865679004","2693.78188151685","2816.7693715823","3050.23176245012","3536.42325387877","3888.73045113925","4039.46544455099","4224.09857544948","4226.73999498293","4186.14547358363","4219.4408088678","4399.1388580936","4543.2105349273","4809.4439184672","4724.93670942028","5070.94772048729","5062.64289173588","4971.96371794188","5175.47655317231","5320.440295139","5369.42516766112","5514.21742664705","5865.00026521361","6085.6354476126","6158.61629368051","5179.4138607146","5584.5034321846","5850.07858575461","5742.91924452636","6284.97678002618","6547.12254115892","6141.20394726616","6490.83463593483","6662.57644805467","6843.84612027739","6951.73189051146","6254.24806241091","6895.91184943107","7159.5860618268","7269.05170664457","6952.34770386661","6790.93284822604",
"Central African Republic","CAF","GDP per capita (constant 2015 US$)","NY.GDP.PCAP.KD","575.894391468806","593.189558332525","560.326768152575","545.581408664112","545.874892158702","539.817040213822","531.90309134597","544.747072768765","540.093413129288","565.30834319678","565.812174200598","560.464655722271","549.598711724139","549.35454984184","573.024209010012","564.260762473446","586.137157573357","602.199701083141","603.119667759043","581.982298397451","549.851069399498","535.271803204363","569.909860587753","517.400561236801","559.576063736741","574.324850721819","587.348322352386","551.039434586106","551.209370152878","547.973638780833","519.786735961912","500.991150890901","454.148968239471","441.384907508364","448.784442959801","468.150527620686","437.925054761723","448.634663639551","457.148858416438","460.827900216085","437.168928414826","446.658634192083","452.808702217035","418.240532289858","433.825227770233","427.968043155237","439.294330902768","450.762785401893","450.313616886022","492.215398914836","519.141456408484","532.38295493852","553.729578314912","349.821171688973","351.561554911625","366.322853938121","376.858254120398","387.35795131742","395.020015455909","401.82582161435","398.834274122139","396.020622931961","398.91539795642","397.467795750451","389.938307964229","393.988309778491",
"Canada","CAN","GDP per capita (constant 2015 US$)","NY.GDP.PCAP.KD","15432.4872462835","15605.5388669778","16455.770060601","17007.7078138693","17800.8820360349","18585.9001104989","19476.0466360581","19715.113441541","20371.164554016","21114.3082772687","21428.9306601929","21642.5625220751","22573.5889341376","23799.7194436651","24257.8411628662","24275.8371310973","25369.4889258826","25960.6652812882","26663.7974885826","27384.7054378937","27622.4011506651","28215.5591968377","26999.1061839354","27418.5191501577","28763.0011084144","29851.6732668471","30183.439114937","31001.1609686481","31951.5825607381","32116.9556042863","31700.5781154607","30654.3639368973","30563.4095229714","31032.785763879","32074.1884806299","32595.4842690909","32801.3348171586","33867.0419274091","34894.6484928404","36391.5718964607","37906.89821012","38200.4945025395","38921.7064054514","39270.0629084669","40108.7990262916","41006.264144024","41663.5541588166","42106.9147186165","42067.610977795","40376.4559330928","41164.3812486578","42043.6842044008","42320.6856530018","42851.2135876232","43643.2794910996","43594.2379080706","43551.3863558236","44339.4332217878","44907.3887994469","45100.336805859","42366.1710935265","44639.2381171993","45883.0058941892","45495.5100892605","45061.3864587285","45418.1292662699",
"Central Europe and the Baltics","CEB","GDP per capita (constant 2015 US$)","NY.GDP.PCAP.KD","","","","","","","","","","","","","","","","","","","","","","","","","","","","","","","6751.23596899834","6032.13059987882","5753.0680773915","5768.72902258047","5982.61290780808","6333.38168134071","6631.87841890302","6792.76321065053","6983.39118525847","7127.7236517367","7450.88371486209","7730.97137256735","8057.23910139445","8405.64953510181","8923.8782160842","9387.61745605104","10036.5097725823","10712.5851582186","11177.0146731334","10792.858773343","10998.682371605","11421.7596519166","11544.5713277541","11662.0107342389","12076.1823856167","12596.9151136003","12991.5742193095","13696.4931794299","14412.0115452533","15024.0494908704","14621.1740246993","15739.2441317825","16396.9966397292","16496.6728779092","16862.8261090388","17304.7508892728",
"Switzerland","CHE","GDP per capita (constant 2015 US$)","NY.GDP.PCAP.KD","36945.4686600699","38279.5021799498","38910.8406640071","40117.1827383305","42150.5632845287","43258.8824798177","43704.1878896336","44618.7174192881","45663.5156027763","47414.2122334877","50120.2719738637","50328.9149531746","51089.774153354","52726.3272308473","54120.3826410382","55526.2824314189","56435.4712369923","55723.2031081187","56694.1310498133","58753.0872846145","59515.0839957113","59459.6026935995","59851.3237798662","60727.9281659317","63069.5401448825","64148.2740818634","65532.7953421245","67306.5686611113","68523.5058596064","69776.2197877876","69584.5767626374","67932.7854592116","66409.491461386","64448.1064296646","66503.9311877673","68765.8004895745","68846.2811295722","70121.2926450719","71854.1176863899","72713.7068420544","74933.2770077552","75646.1781144131","75361.6941607385","74592.0284690955","75997.4453154761","77741.3436104704","80448.9696781612","82909.1358291459","83934.7657221246","81288.642957612","83069.4276373455","83307.3180998465","83354.0207485188","83914.0245080812","85004.8134534","85265.06205193","85951.2234148345","86362.360972862","88581.0826935584","88932.4119306425","86293.9183441155","90924.9256769825","93360.440112464","92947.9424441568","93018.3768706697","93327.5937403044",
"Channel Islands","CHI","GDP per capita (constant 2015 US$)","NY.GDP.PCAP.KD","","","","","","","","","","","","","","","","","","","","","","","","","","","","","","","","","","","","","","","","","","","","","","","","","","67617.8205403696","64722.9832990297","65006.4871287216","60861.9006460501","60780.669022098","61892.8083445708","61847.8212238857","62434.1859444218","63393.3938698644","63859.9826096615","64594.5213908684","58636.7036143365","64267.6930018122","67508.9385276664","69818.1528119104","","",
"Chile","CHL","GDP per capita (constant 2015 US$)","NY.GDP.PCAP.KD","3222.68320691095","3330.52707974518","3391.27067852121","3512.5701002739","3528.8579265412","3485.3610467235","3813.4880420372","3879.66399521903","3948.30026572163","4040.0058011806","4039.58221003868","4353.53619549239","4252.43567121887","3973.5039726836","3959.79582475475","3419.8279711603","3488.60951805533","3818.62804303532","4063.41850322282","4341.27884005509","4627.19349061049","4866.12669776366","4244.09899383271","3975.62230556306","4072.50464907353","4153.37019930025","4310.54362901388","4528.6333769652","4783.26035220905","5192.61380044824","5290.53694835535","5606.86557277047","6151.76546454326","6461.73217350303","6688.29717704707","7201.13100361441","7605.28953010603","8058.94228801535","8287.45061096547","8161.45168872186","8465.35303258864","8632.0148244056","8810.69052712257","9130.7842621819","9642.37478651228","10104.4208391373","10611.6144012877","11051.3450717678","11356.0922105983","11116.4093443103","11649.2897090856","12252.8441074615","12882.834417927","13182.7329619856","13285.9540361192","13433.9202987032","13505.097711133","13473.3458532934","13763.0068844795","13631.9284885172","12680.7761524378","14056.251601955","14275.4094646211","14294.7106635595","14616.9287938028","14904.6435509776",
"China","CHN","GDP per capita (constant 2015 US$)","NY.GDP.PCAP.KD","241.382661446948","177.349529290733","166.085165310961","178.744599232828","206.39459309973","235.698268353804","253.631144662158","232.931044915017","217.624094003727","247.611258585999","287.353854283243","299.305407404138","303.166764336598","319.317346193733","320.013476105269","341.827004315989","331.294213681681","351.549547458872","386.167053595622","409.99006489222","436.628325064633","453.119684821175","486.788897534069","531.489502016356","604.253640849507","676.125961043923","725.721895334567","797.416224331495","872.728317988186","895.614384005007","917.187887177205","989.585278674846","1117.29533882968","1258.34142676619","1406.97393365064","1545.07897848105","1681.45741269443","1819.07954081306","1944.46718626424","2076.93180259914","2237.30047918692","2405.99411858042","2610.66275070444","2856.85053293219","3127.91444892337","3465.72767067642","3883.27464370816","4409.69709445986","4811.34486346262","5237.78809982377","5764.65012366375","6275.71634288814","6723.09003744607","7197.937319496","7686.37369520403","8175.33285077393","8679.22528805041","9221.35045639842","9798.57890566402","10356.2924890582","10573.3794064211","11469.3174514512","11830.298767861","12483.9791101249","13119.1076099516","13793.2056196996",
"Cote d'Ivoire","CIV","GDP per capita (constant 2015 US$)","NY.GDP.PCAP.KD","1495.16746754194","1584.79700802047","1544.73084077175","1701.85098116155","1925.78185183022","1795.15446525207","1927.01291240163","1939.09574002605","2099.19940540587","2209.89957239449","2340.31065205636","2453.14652785489","2445.07611276194","2475.02677039287","2466.81998522238","2551.2970644557","2765.86772079083","2861.15876809449","3055.94030479339","3010.66074752137","2576.91660095729","2562.42591923373","2466.30363782942","2276.86700017061","2128.64190478015","2138.06011188618","2123.07460132975","2035.62090959375","1981.38877451772","1962.42170003804","1866.0785698741","1794.12062566918","1719.71261335163","1649.47036183619","1598.69239055813","1647.08777075504","1706.97650014485","1801.13163122133","1808.42289027986","1770.86540389357","1717.95385651231","1636.57318705218","1551.27925902838","1441.58801755037","1451.86547141894","1431.73320203111","1437.77453798586","1420.1738958245","1454.62731800082","1473.9183699329","1540.52927270246","1426.46463864534","1503.43433046682","1632.32712787006","1742.53693001178","1814.71855088017","1889.27777949938","1972.81431788947","2013.32307598499","2093.09994335779","2055.08483996432","2146.46047529012","2227.08197820584","2315.36434710324","2395.65916961845","2490.74922791875",
"Cameroon","CMR","GDP per capita (constant 2015 US$)","NY.GDP.PCAP.KD","935.699954812011","932.280026939942","942.759289850998","956.891728661397","969.229047665523","966.950594049791","988.594437772544","860.08689924625","892.491104144478","912.754108454771","916.710625779195","923.604760607703","922.880502053864","945.932707437732","1018.79726418801","1102.17636716094","1014.07667154038","1124.03776731799","1334.48750457376","1375.91817432986","1305.68366184321","1475.98950174546","1549.61272438048","1622.46829304371","1695.95061001327","1778.88090277491","1842.96431745669","1749.42466570751","1565.13475286994","1492.28176078781","1360.47765296011","1271.04658608388","1196.85081918895","1070.98275377636","1060.87326552909","1062.01607349987","1077.38925202961","1096.69757735007","1118.50819963079","1138.36298546565","1151.27689302947","1169.92670464984","1189.96707897027","1221.09446141454","1271.74326874167","1264.74345218659","1277.32990712342","1295.73067471287","1295.02211276052","1290.89961351149","1290.9013745759","1297.3064962694","1319.66961634054","1347.2130636706","1381.81938454907","1415.00009710569","1435.61830727839","1444.90682916573","1461.01969999317","1470.31785276187","1434.51913723409","1443.57600237663","1458.66180431693","1468.17837007337","1480.73097431993","1489.47119043622",
"Congo, Dem. Rep.","COD","GDP per capita (constant 2015 US$)","NY.GDP.PCAP.KD","1302.84345903481","1131.98772586452","1336.69980893441","1369.60082154168","1300.8958995998","1278.25079403072","1326.48771356794","1275.64800012337","1292.45762026881","1372.72158763073","1330.80191738713","1372.67158662084","1338.80477318904","1409.50960050226","1415.3013778405","1309.61694062181","1208.43992183965","1187.22781798447","1089.43139011844","1056.32764928325","1046.19884187998","1040.05243655308","1004.68917686245","987.078612402052","1007.5315807597","979.229876234951","993.629063435172","988.544179306769","961.885634113762","920.159121957634","831.66294744097","736.691215468217","637.436883335561","532.214450615766","487.814601482576","471.254216680815","457.551785605778","424.966609732791","406.859287635557","376.622893450888","339.52682222416","322.033920026494","321.547848189305","329.709536541877","341.714925752766","351.708486411683","358.454382275579","377.62283005586","393.640517898615","383.726254541217","403.722373878525","389.119308449762","408.966232816288","464.526715460494","481.830241883776","495.826633014883","480.461377880475","482.854682128541","495.312105711027","482.524295129472","470.852950000929","485.160805929784","513.512704372167","539.45912637913","554.117609962628","567.560325026362",
"Congo, Rep.","COG","GDP per capita (constant 2015 US$)","NY.GDP.PCAP.KD","1192.85616529576","1259.50432623652","1290.76325572732","1206.1534137723","1218.55873958116","1228.77600898682","1210.73883952684","1201.40130423722","1255.92951871902","1311.23001699027","1353.23817407044","1414.23871124911","1489.16526262926","1562.12627199102","1633.5218596222","1711.43754680841","1685.48230892799","1498.31802356781","1556.66717228441","1670.77966059118","1921.96861829766","2211.31674185091","2674.95109240622","2773.62663758927","2894.09973517119","2776.76428489105","2511.48682046393","2443.79019878646","2415.94091643835","2408.14159896257","2363.76701814587","2352.52754080776","2346.67913794406","2255.94360801961","2069.79640456567","2092.54337905245","2122.62819294837","2064.7536042465","2095.34403570595","1986.8478922289","2057.01922023551","2056.16505922617","2100.16876714574","2058.88683675038","2058.88402946896","2140.03686200251","2226.0233547376","2004.10103961966","2061.55829880574","2211.31572382028","2332.28508055953","2307.49384399715","2467.06102906839","2390.65754938662","2488.68118548992","2439.35189403696","2174.19310251224","2003.27121075187","1909.9560382117","1885.51080877731","1725.51040049963","1701.79060456872","1686.00234391385","1677.08549205924","1671.7266018229","1683.00937264433",
"Colombia","COL","GDP per capita (constant 2015 US$)","NY.GDP.PCAP.KD","1961.2291441726","1998.42316206119","2042.63527704771","2046.30756363644","2108.00878137941","2119.99498736563","2167.35670771429","2194.44365471957","2262.17424281179","2338.10714398443","2421.22502270787","2504.49731055786","2634.72068551099","2748.14553426071","2841.38134772396","2843.73101842111","2914.01196628327","2968.66258052749","3148.23886798572","3244.08651685293","3300.51170195765","3298.73218883264","3253.88046917188","3228.35593102948","3260.28459182748","3289.71209715409","3410.15965281641","3520.16261987219","3588.96963573165","3636.07569199887","3714.1849928328","3713.17727535576","3787.5942918216","3912.6590835796","4059.32146113882","4189.72770913999","4198.69126252708","4265.6935185646","4213.82800470051","3967.11339937681","4016.80951748167","4020.50789754842","4058.28493578738","4154.17528523618","4311.91591255233","4457.27537460443","4694.03442939175","4947.25260813108","5048.57187245249","5046.97121757727","5214.24547620131","5517.1011086899","5675.75617978305","5910.80592301166","6121.83982019825","6248.51490534512","6316.07067782542","6309.67745292518","6353.5464285392","6439.96359812647","5891.95523215403","6457.16921807086","6856.72590505374","6837.37392084534","6865.31283944628","6975.56696286259",
"Comoros","COM","GDP per capita (constant 2015 US$)","NY.GDP.PCAP.KD","","","","","","","","","","","","","","","","","","","","","1171.47249737158","1201.09896327368","1215.69296967518","1218.84625619645","1234.65138518177","1233.95209831507","1224.91930228341","1216.49074212065","1242.8962563178","1199.03755497736","1253.76230051227","1148.13962801407","1207.29241949564","1215.64983241848","1146.70744816409","1190.50070057888","1164.2036745499","1194.79519496651","1174.69021233013","1185.07075486739","1150.82871091807","1188.50139049127","1217.11534330128","1216.98069479509","1231.14779946851","1274.61470948066","1227.24669435092","1212.6966173611","1235.97280465287","1250.90237145763","1272.60716208007","1299.11093449408","1313.58187559666","1343.54683280656","1342.3295858321","1329.37048235986","1345.6261652831","1369.41180275963","1391.84570443267","1389.36488014859","1359.7070891825","1360.32663361462","1366.9513495529","1383.64201759575","1402.52614298112","1428.44965622497",
"Cabo Verde","CPV","GDP per capita (constant 2015 US$)","NY.GDP.PCAP.KD","","","","","","","","","","","","","","","","","","","","","581.755065828323","622.175843789433","630.373215165836","680.309270761066","696.047255683761","745.620229080143","756.26010041403","777.830957355952","813.037458467319","846.574036092057","835.120723175504","826.681399309547","896.519359558541","953.861011115729","1113.93806476467","1248.28104350759","1365.49820603623","1492.01847422507","1652.11117220593","1809.80582624137","2037.31720912714","2051.21733888102","2127.70872296502","2186.89500422765","2379.79636224135","2514.16779255327","2683.83943856892","3056.97102851154","3238.44159287498","3159.58698693977","3194.61667734233","3309.20121643898","3341.7421054836","3361.09387702205","3383.8422809791","3415.06266730931","3560.1400729534","3719.71306047915","3853.67940035241","4115.90283469406","3255.93628984058","3471.6553421786","3997.76763250653","4168.67748407593","4438.38741931171","4695.96134251417",
"Costa Rica","CRI","GDP per capita (constant 2015 US$)","NY.GDP.PCAP.KD","3616.30388180901","3549.44120999308","3607.71139477321","3720.83513702117","3725.33859573319","3897.70431237394","4037.23104648421","4135.5584873949","4356.51329151945","4468.50770757481","4674.02778426133","4859.8051244804","5122.41307159375","5378.29093310975","5533.73922556654","5506.6563625996","5661.54639165071","6005.59244846011","6214.35929015895","6347.56045607897","6223.6957112494","5919.50308422728","5340.05296050956","5344.04081178702","5616.08312300214","5503.32782901143","5652.72113530997","5767.51515512581","5813.9134626804","5990.4953167272","6048.58307533907","6030.17970863724","6420.44624299731","6706.2766889267","6839.36232894134","6954.09537663888","6884.73552958124","7099.52398121837","7439.72672879908","7589.29093683694","7726.51985617467","7854.23397563819","7989.55926106105","8207.45747826141","8445.52917577429","8655.33967667373","9160.29437313379","9779.51150221827","10104.9092352005","9883.67568633785","10285.0856777667","10612.4694960426","11001.5193084396","11151.1437937744","11422.6735972442","11714.7106121672","12084.4351419988","12468.5654849336","12708.8042828359","12944.013449341","12322.2359458534","13267.2549508035","13931.8461614764","14531.5005137466","15052.9149924743","15669.0041096907",
"Caribbean small states","CSS","GDP per capita (constant 2015 US$)","NY.GDP.PCAP.KD","4472.1296742016","4799.03997259599","4951.98317434197","4949.09513245626","5240.66038455159","5504.96867696052","5772.21894389693","6045.0722159279","6302.36268604766","6561.19112116299","6599.55127845873","6660.77564594544","6651.03258722186","6751.96982761251","6497.93251839268","6333.93556540803","6618.48656937035","7005.88375891804","7504.1906522769","8004.85250923882","8356.22133289694","8321.45829990694","8298.87177932195","7943.86510752439","8038.07314812812","8060.29652874715","8103.6265712207","8057.32244127077","8141.3271404108","8345.72787265146","8270.37782454198","8213.02133245645","8313.56544656444","8288.15260018","8499.02980529755","8686.54236710195","9033.9614694402","9371.35802535499","9751.25749791876","10160.4772174349","10553.7062607061","10690.3702191644","11027.3598401094","11605.4238812576","12056.9139473837","12683.3255233013","13597.1381777631","14030.0505594073","14177.6922464874","13623.5304132425","13697.4264360568","13731.3218758813","14203.8255539522","14327.5751136155","14600.729767324","14497.8798625347","13962.4303282906","13778.886010068","13827.9207659533","13836.1810586697","12507.6012734005","13353.2168994617","15259.8516050593","16520.5066629775","18643.3738062746","20052.8896994689",
"Cuba","CUB","GDP per capita (constant 2015 US$)","NY.GDP.PCAP.KD","","","","","","","","","","","2620.08770849073","2795.975227427","2884.41117375584","2941.1069301794","2932.40455689131","3174.5497646957","3314.86184023098","3574.73735429822","3785.5968529222","3806.65442247557","3606.74390099913","4297.33730540661","4650.66605560812","4863.89364258073","5206.71097026126","5246.13530193757","5206.52966743673","5036.67220086788","5174.62120636915","5160.02681276118","4961.45738860948","4395.45493473446","3861.87437370304","3270.55047645542","3280.38453264476","3348.88763214863","3599.32498555978","3687.42530352589","3680.98418008951","3895.54643322661","4112.26168350671","4229.90309433356","4277.39565642359","4426.96599591833","4670.18802138025","5182.35283601732","5799.41163668615","6215.76603727772","6469.08507847668","6561.25305093006","6716.49048497058","6902.16397571139","7109.24834185635","7307.82004410741","7392.48324633027","7727.91997207998","7774.0698462623","7927.27769431767","8120.43123558256","8124.75282059108","7252.28811179844","7379.04275283674","7552.33152218842","7433.42885399674","7381.39774048869","",
"Curacao","CUW","GDP per capita (constant 2015 US$)","NY.GDP.PCAP.KD","","","","","","","","","","","","","","","","","","","","","","","","","","","","","","","","","","","","","","","","","21523.6458973702","22171.0655460422","22231.8793091625","21840.8913168396","21512.1116035171","21112.3219220136","20913.6630394407","21011.1570622011","21202.4305115575","20952.8998451864","20706.4374577658","20518.0986087103","20277.5111916571","19921.4770634064","19529.5286704975","19361.8130008678","18953.0537415003","18651.4798142441","18355.1767135889","17980.5298177114","14849.9698474917","15625.4113227953","16772.8146989153","17326.9645481336","18044.7750692923","",
"Cayman Islands","CYM","GDP per capita (constant 2015 US$)","NY.GDP.PCAP.KD","","","","","","","","","","","","","","","","","","","","","","","","","","","","","","","","","","","","","","","","","","","","","","","96066.6290832355","96202.7379415493","93115.3168416314","84001.4215657607","79483.0972813604","78233.0187551876","77074.3890872511","76038.879554035","76104.6215727416","76379.2095108681","77031.8643873625","77717.1752058822","79305.769672996","80714.5718222987","75199.6446006284","77259.6331096058","79942.1196290248","82906.5454943954","84381.4731440521","",
"Cyprus","CYP","GDP per capita (constant 2015 US$)","NY.GDP.PCAP.KD","","","","","","","","","","","","","","","","6173.3154296875","7484.82861328125","8708.4462890625","9350.986328125","10197.6572265625","10667.833984375","10756.251953125","11269.810546875","11801.1875","12669.4892578125","13127.521484375","13458.51953125","14253.55078125","15322.6796875","16306.3203125","17144.4609375","16829.904296875","17928.53125","17623.275390625","18281.01171875","19453.837890625","19385.27734375","19617.17578125","20562.287109375","21349.740234375","22383.955078125","23019.240234375","23604.177734375","23930.7734375","24799.63671875","25631.35546875","26395.490234375","27156.806640625","27449.212890625","26183.673828125","26090.037109375","25538.76953125","24285.484375","22711.708984375","22373.56640625","23088.4296875","24477.974609375","25665.990234375","26962.392578125","28167.146484375","26895.671875","29517.05859375","31505.2109375","32022.01953125","32757.541015625","33526.828125",
"Czechia","CZE","GDP per capita (constant 2015 US$)","NY.GDP.PCAP.KD","","","","","","","","","","","","","","","","","","","","","","","","","","","","","","","11900.5844581421","10543.6195982395","10479.4918667877","10475.0849147458","10775.9443891717","11453.3800188807","11944.7171474526","11886.3480904927","11850.8396211995","12026.4688076608","12543.9364342367","12958.4667607533","13179.9878092741","13618.9349633164","14259.63342798","15147.7214417611","16107.3042502688","16892.542854974","17190.6470333289","16272.8084766719","16665.9317825137","16926.2846674435","16772.3539223328","16759.7808635642","17118.0425571578","17931.5987670768","18359.0978103904","19257.6930680911","19736.6295261285","20360.0599221814","19233.1469549829","20373.8783043424","20627.348651011","20272.5874017334","20449.1135911311","21011.7675172345",
"Germany","DEU","GDP per capita (constant 2015 US$)","NY.GDP.PCAP.KD","12606.9442517416","13048.0078134149","13531.7513520588","13773.764810278","14570.4833231795","15204.3067132182","15501.9647090644","15380.2874847444","16180.0453830833","17243.0198518","18062.7681725054","18594.4728854164","19301.5232494296","20160.0583265478","20331.5720957886","20230.6392028525","21323.1366430529","22086.8113636946","22771.1009028119","23705.7023334262","23989.8611451039","24080.1212028372","24007.8669264184","24449.3797993273","25226.6224585486","25871.6378172177","26451.3009266847","26781.0162993047","27665.556776457","28522.1322159262","29763.3124657124","31056.5938822126","31441.9743477578","30932.0193060317","31625.3939679554","32007.145402934","32245.8608379557","32795.7833455165","33477.9856458764","34168.8308210083","35104.1308467844","35618.5143698493","35477.5151544301","35270.0227284267","35687.6378708542","36024.0947047021","37459.261328042","38593.0749910508","39009.8477636357","36940.4078672661","38526.7371042695","40722.4849268242","40834.5088218456","40884.8926759028","41602.4661281668","41929.7549110722","42516.9337063103","43543.4807050551","43905.8550061973","44235.2658954682","42372.8726784255","44011.0194631674","44817.1316331389","44368.9920074881","44027.7631554469","44146.6409090446",
"Djibouti","DJI","GDP per capita (constant 2015 US$)","NY.GDP.PCAP.KD","","","","","","","","","","","","","","","","","","","","","","","","","","","","","","","","","","","","","","","","","","","","","","","","","","","","","","2140.13769442336","2253.14082249768","2376.12554719873","2502.85181449431","2596.45134698268","2677.1650334451","2781.94350113484","2773.40661780097","2854.15987035097","2959.78673011268","3117.8155381531","3290.42482052598","3458.71447416107",
"Dominica","DMA","GDP per capita (constant 2015 US$)","NY.GDP.PCAP.KD","","","","","","","","","","","","","","","","","","3222.03445602807","3545.92645492316","2885.5951976828","3266.22842715523","3624.75009709886","3789.84213980664","3904.07087573657","4085.35549372837","4161.42448954896","4476.86828445206","4784.91430397708","5189.25475375496","5212.9284610785","5536.87901663922","5638.3073302382","5750.32541372085","5865.47647130041","5863.78283734011","6042.20196512625","6235.05917401475","6381.53965204338","6639.15946016126","6687.23987711733","6879.59737273918","6897.65674086518","6676.97271467957","7047.66189595946","7323.8530008275","7381.74728529453","7698.53701483824","8106.18951878325","8682.57378179773","8582.71481435718","8574.27308682238","8553.8384670104","8532.34388117289","8459.6586988024","8576.26367623609","8282.59874702141","8499.52291903149","7985.6341102129","8261.16492553236","8624.51695993537","7302.94454951254","7738.31730070386","8590.92209069816","8946.98822588042","9172.71049624795","9500.63184456131",
"Denmark","DNK","GDP per capita (constant 2015 US$)","NY.GDP.PCAP.KD","17520.7465037935","18508.6964571948","19405.895686427","19376.2803357491","21003.9109922192","21790.2312390768","22208.4289164776","23330.9951603698","24546.6538531","26071.0399461977","26356.1270235795","27005.3650723112","27871.0435404766","29010.5191457583","28597.3223069695","28112.9709503213","29723.0911052326","30218.9600410319","30853.3720106472","32025.1913498041","31745.9167880971","31519.6358133961","32770.4867216483","33663.5864707769","35142.7674562678","36587.4452915","38268.0683940959","38396.5670749076","38482.6663594586","38727.7183764143","39306.7939232431","39776.5961774467","40447.2328284958","40280.8935863909","42270.6520867615","43328.5293418439","44331.6199637443","45546.5896151864","46437.1921069175","47657.1731901716","49266.9882757886","49557.1509962227","49624.5965359582","49708.0909084109","50956.3045398814","52015.1841169021","53823.1590295482","54113.9771471341","53572.5346568185","50635.9118061988","51209.4492757775","51667.5313210425","51470.689845427","51970.3909324806","52368.3625969272","53094.0133607574","54300.2039621991","55601.0145717787","56355.0733084714","57114.6227336347","55934.5555945523","59312.8158043771","59108.7449374068","59026.9843650999","60772.8624276041","62217.6077931564",
"Dominican Republic","DOM","GDP per capita (constant 2015 US$)","NY.GDP.PCAP.KD","1375.70722441446","1302.09311295911","1477.33268421226","1525.89213859357","1580.5448060214","1343.16948780225","1480.13901665748","1485.05706405048","1446.25743538776","1558.83667851989","1791.74554486529","1931.67320638194","2073.93932780423","2277.57291281564","2349.43576348151","2406.52288317358","2502.18412803502","2560.10264345997","2549.46562523603","2599.28947919132","2738.15968545396","2787.51516595226","2769.43026558087","2831.5437390584","2802.38052005369","2682.5999751972","2717.57529794529","2929.52596237452","2930.1670825539","2995.08174979838","2772.77065608381","2741.93908143923","2989.60630229953","3147.67060324766","3167.94494108567","3286.36149249382","3419.50600399521","3659.50819044162","3840.8718026365","4004.19876842647","4123.10573163115","4158.98430282429","4280.80182397408","4162.66686117661","4212.01044121773","4549.24957008857","4904.71715839398","5204.78500652254","5308.92664966814","5294.64953374426","5666.45633430206","5773.57403459156","5860.29893321013","6075.03399972737","6430.27811051339","6800.95309395474","7177.75376475488","7379.39978067137","7818.70593240469","8117.04639185786","7395.8734262396","8344.90510312395","8698.13592094395","8809.96335385949","9168.45418897141","9287.06293024608",
"Algeria","DZA","GDP per capita (constant 2015 US$)","NY.GDP.PCAP.KD","2388.42007866513","2027.2735152594","1604.48773834557","2122.43109189689","2209.90697857327","2311.73974611394","2161.49133930108","2313.2585876383","2505.31409679333","2655.44328833884","2826.24146248781","2449.95226859772","3050.82216641747","3093.38055507312","3245.60799488701","3290.82760114691","3408.01820820021","3459.30399620709","3672.11777956222","3830.80959219257","3742.71024718729","3731.93905389477","3840.57538596882","3912.93659124038","3993.39540513038","4002.55619415318","3888.36475872916","3746.16566713693","3606.26838801656","3666.85307879595","3605.68701212608","3478.50976269176","3455.92936294162","3302.91950568634","3201.56914402566","3255.18726869561","3322.95538141474","3297.46603361265","3410.88254401644","3471.49196276497","3553.32420521991","3610.00605631983","3754.66081538446","3945.89816094007","4066.28204806495","4223.60252133943","4279.61547120827","4339.25055772831","4367.56538017541","4336.10054052949","4456.6102741643","4501.3543013352","4518.43978956464","4543.23444006767","4634.10149179952","4685.05902729002","4768.73140081027","4742.90075532529","4717.0035885361","4672.66408678635","4363.68533767783","4456.74687637774","4544.46688060372","4660.40545687895","4765.72900168387","4882.79591454336",
"East Asia & Pacific (excluding high income)","EAP","GDP per capita (constant 2015 US$)","NY.GDP.PCAP.KD","325.33854138481","281.765515673501","276.190465742797","286.66800656909","310.065735116412","335.333316443173","352.52632821061","338.574356036669","335.574879564976","363.934237729937","402.000224473421","417.914247755689","427.73283902114","452.472584928321","460.272316871924","481.999212951272","486.828644326124","514.962072869648","553.523566511256","583.121359512119","617.168358526443","641.524359065172","671.243945866322","710.841460468607","769.552931620374","817.312007494091","861.238655838934","924.189346019973","997.067925984584","1036.33421262991","1072.17473909476","1141.40259102848","1251.80694963015","1374.46796908706","1504.66787018254","1632.46719470272","1758.52339301949","1865.23317664285","1898.6079047671","1999.39182044861","2132.32908980814","2259.91957276105","2422.46003381382","2618.71809817655","2835.31842515797","3095.20781374557","3410.6598804258","3805.1786009497","4102.08415106923","4397.74180769777","4797.14626921917","5168.39472019044","5511.80083123891","5864.59707043702","6225.56359132253","6589.81824245918","6966.41995023195","7374.76727155093","7806.58627734919","8220.63635978721","8293.47330929094","8905.68067463003","9200.1190748992","9666.08432645256","10127.9180882519","10614.8796455435",
"Early-demographic dividend","EAR","GDP per capita (constant 2015 US$)","NY.GDP.PCAP.KD","1068.01119764314","1090.24628206782","1106.84822079188","1135.65882411967","1200.30878066304","1241.84096778079","1263.30741516459","1301.01183101748","1360.83092105678","1414.7635245717","1496.27477625241","1538.71867776103","1602.27864564039","1673.41502492204","1743.37369427573","1749.98429005566","1827.09925159366","1854.72936576167","1849.82137145755","1878.18417369801","1890.07469618095","1908.19451435803","1868.52148038975","1827.00043066171","1819.22056631154","1792.61347529324","1775.63483241272","1783.32997227224","1797.14869584475","1789.69357197146","1835.13250226617","1872.15112049844","1906.74705487057","1932.42926289172","1957.65334289309","1967.42784185689","2036.98358063444","2095.1077746852","2103.50978903436","2109.65288625475","2160.74346407508","2146.84095089536","2146.24084688962","2214.01476503093","2314.66677487664","2411.95897260986","2517.93797435526","2620.13480564456","2668.77158037966","2644.32908283068","2769.87664169436","2862.47539021219","2939.37593158074","3013.93253830751","3091.3641287626","3178.86716124226","3266.95703994597","3370.86780261045","3450.30289844386","3485.83540250583","3296.2051222201","3506.50286307281","3676.37654127034","3783.31364991383","3884.38931770884","4008.58216469443",
"East Asia & Pacific","EAS","GDP per capita (constant 2015 US$)","NY.GDP.PCAP.KD","1155.35402613899","1197.51352862336","1245.67508648463","1310.46623250673","1413.6351925769","1477.31815637099","1564.35582490627","1639.5836568684","1749.16950884481","1900.83832539627","1924.75531421923","1974.10290525101","2066.6513748","2176.37661391685","2153.31043260687","2189.238518306","2243.19963255261","2323.8563702921","2421.66577449068","2526.42725457863","2582.57721732709","2661.23894006502","2727.54264499222","2801.30112696521","2930.72012750675","3052.68531315176","3154.04948611779","3299.56118197693","3496.10915514879","3618.05061549465","3746.07973269848","3870.84086826585","3980.69809521017","4094.03601328195","4252.82785541542","4434.31667609462","4627.04825790461","4767.94601013419","4727.57969534436","4857.35138350369","5077.98492597409","5196.78754674668","5382.25360075602","5602.52459533088","5886.18938389565","6190.68887546982","6545.03469272412","6985.43993494533","7239.90537339912","7370.0195612033","7876.59864598949","8240.19911455592","8603.6234263906","8985.01177157421","9355.53149899712","9730.64405529046","10109.9616270695","10544.5364751924","10985.5560070104","11370.44994499","11313.8325015148","12018.1160959764","12361.4385727479","12838.6681574645","13295.329301063","13812.0162098692",
"Europe & Central Asia (excluding high income)","ECA","GDP per capita (constant 2015 US$)","NY.GDP.PCAP.KD","","","","","","","","","","","","","","","","","","","","","","","","","","","","3452.2413953571","3517.80576984047","3514.43650609463","3568.61929589161","3370.67344505931","3182.8487417025","3098.39119473258","2777.41113633033","2793.50148216815","2888.07539957577","3036.6190831989","3093.01740122777","3051.9938190309","3245.88534647866","3234.66049997751","3426.15822729396","3636.01340486753","3966.81545088351","4286.86707967653","4618.3280614311","4937.15920672959","5057.30262489027","4846.21223459428","5149.8055295914","5534.97431736067","5714.90712667646","6037.24531324726","6178.94474790458","6338.80741019255","6462.34464500545","6792.21425054227","6989.62463883041","7109.90457345448","7080.0362508299","7690.46991422501","7972.62807689424","8435.75381106955","8719.2497368167","8982.015348118",
"Europe & Central Asia","ECS","GDP per capita (constant 2015 US$)","NY.GDP.PCAP.KD","7250.044809691","7530.43427945007","7792.16037056103","8079.66534076114","8462.760614628","8752.63625724862","8997.68478467701","9222.88096309621","9636.68370896325","10117.4533075598","10541.2133204605","10807.2699929784","11201.0063572688","11783.9803023233","11976.7742776016","11866.4529451657","12311.4863287826","12553.5207263639","12846.2806821762","13222.3437465917","13307.833491815","13273.650250557","13338.042315941","13514.6115645743","13807.3515073358","14082.0652459584","14402.3450272858","14746.1412038658","15248.9913898623","15669.715580632","15930.071318391","15881.0653710834","15716.2657850294","15553.5215969054","15746.2188639285","16098.3369219158","16359.9116585008","16839.221266229","17252.1486046437","17732.8079918976","18489.7723627187","18876.2222676969","19137.987953529","19434.9539216248","19994.9526883816","20483.7052778191","21218.6420264668","21942.3439443716","22077.8466393493","21021.0362461548","21496.9574340089","21946.7182534558","21930.9259023068","22039.7194290423","22377.2366286294","22742.4739859372","23073.4498063679","23666.3148569145","24094.598211265","24442.3874231782","23085.0498018734","24641.4252022588","25489.1529254156","25741.0380070691","26049.7447851247","26380.9976734418",
"Ecuador","ECU","GDP per capita (constant 2015 US$)","NY.GDP.PCAP.KD","2391.68004251383","2444.25902868187","2492.22622730745","2472.24896775318","2578.95935355031","2586.06761738802","2501.91557877735","2540.66169170091","2513.00216143129","2553.05924747148","2648.64798630584","2733.31598864156","2787.37877576185","3085.04290357147","3333.36860850118","3595.34513644445","3754.40921384736","3710.30597994154","3815.91235332704","3852.47842136509","3889.17817173943","3999.2219866679","3918.96098102769","3804.53281852482","3803.57698971645","3852.89105504248","3888.31507228661","3785.72228032271","3916.01015186151","3866.16747717704","3919.71758067093","4000.56819787678","4000.03146191686","3996.99377481811","4087.34069011974","4100.68735341031","4093.84154476335","4192.85523208483","4252.04348649475","3979.19293611513","3953.39879728357","4049.0001889951","4174.89793579965","4220.21298466638","4430.23717984188","4589.32849203452","4706.98056823816","4715.30359842555","4939.90215021789","4909.33681705683","5022.20374387205","5359.45724615639","5579.85624282158","5893.32172683036","6055.04172761485","5976.1596805651","5849.13587933672","6104.27253521751","6063.0956178776","5971.38938386723","5355.68934196443","5815.09477390949","6107.49495006543","6165.40977555695","5993.74697758454","6164.58139883809",
"Egypt, Arab Rep.","EGY","GDP per capita (constant 2015 US$)","NY.GDP.PCAP.KD","754.665127408478","773.359952691995","782.464128955772","842.326112348859","915.12863287558","935.954213452018","958.850656912302","942.860658092055","905.164664509817","930.030902265305","959.05605529264","975.172435737432","982.105208413768","993.429316293668","985.862077723842","1048.96951157156","1160.7919367942","1235.69710073316","1309.77615132069","1335.53152120211","1431.40108169045","1495.85483053309","1599.40083221743","1632.3820136427","1738.32577314782","1785.07842980701","1817.0762574663","1835.11342623572","1882.26797772983","1921.85630400156","1972.13789303325","1940.10019358564","1979.02010131332","1989.97920020791","2024.95373805253","2074.83991140246","2133.64804177244","2204.66575942446","2277.2850483467","2361.86425101369","2458.60835003154","2492.03441188861","2498.4812119434","2524.80477195753","2574.42341789647","2635.70305226634","2761.62410768311","2902.06559803259","3052.2129784594","3135.09661305712","3233.84521249306","3222.37650111397","3220.99194201188","3216.37839024454","3235.66246235519","3306.98159414141","3381.22246307712","3452.90961245976","3568.63966286365","3701.2446344954","3770.86947868544","3837.31992325256","4029.78295458204","4111.3118479018","4137.6092923313","4252.63696588953",
"Euro area","EMU","GDP per capita (constant 2015 US$)","NY.GDP.PCAP.KD","9716.6577465064","10186.7306717226","10681.6415710992","11105.9526870146","11656.1073012831","12140.0618224394","12572.1331108382","12914.2026524607","13557.0460655359","14424.646773665","15147.0146514335","15626.2578023008","16280.2660109653","17167.3377956099","17623.5509855533","17403.558026372","18200.174556988","18688.6883730013","19192.5427806852","19860.4807173093","20204.5783124626","20238.1346621905","20327.9223256101","20570.718644534","21031.829880166","21478.5356208027","21969.8527215848","22469.870947561","23371.4452234349","24227.4479290289","24980.5136043699","25461.2532464194","25640.1169009215","25367.9826148327","25931.0075197904","26511.6954677809","26918.8439846116","27587.4174333603","28363.3111829819","29139.536317049","30189.3008380116","30766.5726970873","30929.8173201796","31005.4460255685","31559.0180212487","31964.0968987768","32882.2025430207","33707.163004223","33692.5979697593","32081.0242521645","32682.9836342241","33329.674600975","32959.6032104989","32867.052177107","33296.8666974398","33928.614137702","34456.7787485334","35301.6485495203","35860.4204802822","36362.1610606018","34123.5966842683","36304.0120488212","37533.5524037551","37542.8850711276","37747.5762546902","38166.9810117283",
"Eritrea","ERI","GDP per capita (constant 2015 US$)","NY.GDP.PCAP.KD","","","","","","","","","","","","","","","","","","","","","","","","","","","","","","","","","642.072233527209","705.988405158037","829.915037227268","806.702995328956","838.660572635214","895.033773452053","899.082974199102","886.053679218386","845.132430060544","893.268735439193","889.009113592982","830.379672282601","808.591420184592","809.794793468889","789.402432018085","789.072701743247","693.398874212494","702.430936480778","703.877374381654","751.374899794668","","","","","","","","","","","","","","",
"Spain","ESP","GDP per capita (constant 2015 US$)","NY.GDP.PCAP.KD","6284.85194107682","6963.89795891376","7586.92102970979","8242.39255106355","8594.11568577046","9032.89962825538","9588.73320087715","9882.54411559087","10397.6393468509","11212.7189152091","11559.5954799611","11952.1509075931","12784.2827351544","13628.5600609114","14237.9022757881","14161.1462399115","14475.2082357205","14733.6858232099","14805.9881866507","14682.1319378567","14886.4067025715","14761.3776341084","14855.9108518513","15045.4001753188","15250.4535062705","15548.0400421709","16005.9732611803","16850.0903528198","17670.9748560478","18494.9397646048","19174.77083233","19612.9766041957","19698.51176766","19394.4931411816","19762.3886289154","20217.9031940372","20658.8402775701","21310.4311888986","22135.4045018802","23017.838771323","24106.8818529374","24878.3784543991","25205.3154769045","25481.1653690112","25825.3106463315","26294.447384391","26899.0921497113","27338.79541774","27112.526293889","25860.8142592652","25766.2515825743","25510.5579678829","24763.568274484","24498.5559507945","24947.8512505913","25982.4416197775","26719.2442268615","27426.281015093","27956.7225466484","28301.4393949563","25077.019882928","26705.3629138959","28203.1093419474","28558.6319817501","29245.2192451729","29762.9000560093",
"Estonia","EST","GDP per capita (constant 2015 US$)","NY.GDP.PCAP.KD","","","","","","","","","","","","","","","","","","","","","","","","","","","","","","","9341.22558106091","8637.20577725726","6934.17057662389","6706.56021122484","6738.99904122236","7170.94607721168","7637.25708286963","8732.99085657194","9199.93534127632","9133.89593384355","10006.7696280939","10662.9455020331","11474.6622721923","12424.0441535693","13348.5284463324","14703.6179707772","16234.5152041417","17543.4661785723","16688.997772178","14274.8511086787","14657.939813612","15820.922342204","16460.6843479001","16809.5326683781","17413.6867560212","17722.1557669523","18264.9873304279","19270.8141210511","19914.3454922878","20579.8756732376","19946.945696898","21570.6658455268","21023.2994937246","20126.3730486957","20078.1397620993","20282.1530371991",
"Ethiopia","ETH","GDP per capita (constant 2015 US$)","NY.GDP.PCAP.KD","","231.020311732483","235.017038203337","239.386778488611","242.704624004673","249.912231375365","261.150022934557","264.675697737817","268.128469203589","264.47488599322","266.245461715207","275.976263514282","280.058137263866","286.63864651165","288.463346176636","285.006045430116","278.3136620268","280.444448365703","283.283138767077","276.040285482629","292.153506886342","297.391843880891","288.690088739962","303.85728316787","287.621232002049","248.47060503182","264.539002422205","291.112259309145","281.374024417104","269.793522386618","267.078134508598","237.502454667904","207.967880879774","227.173295614208","226.399912642527","232.230450633845","252.612985005506","252.311666681832","236.05551452188","240.604711286049","247.505413659694","260.04231608135","256.066635883709","243.076666020009","267.923513391712","290.833381425059","313.013896721503","338.799064654308","364.642208155735","385.632419711374","421.898622378633","455.909628648555","481.639999909808","518.324662208106","556.362532243867","597.912113218663","636.835680951429","678.98541915757","705.96881207336","744.702789740042","768.705424484873","790.657019602458","811.177729337321","842.446604881663","883.458588614999","945.358838108184",
"European Union","EUU","GDP per capita (constant 2015 US$)","NY.GDP.PCAP.KD","8596.76417836349","9016.21567333255","9450.30010599074","9817.53039439137","10315.4578457784","10767.2834329907","11139.8312972426","11448.2445605728","12003.2678169365","12758.6636604719","13388.253590784","13800.3780794023","14361.1222894738","15125.1870993008","15507.3557537275","15329.4038574384","15992.7870010098","16383.9555991999","16807.414435372","17383.757503715","17661.5682843787","17684.8307577116","17774.9192596164","17984.5195335148","18397.5601240367","18779.8861820329","19212.1108873748","19643.5933363366","20388.4387660803","21108.9691057518","21731.257153555","21985.0210009315","22118.8609418225","21915.7436320895","22451.7130424692","23019.8549890066","23422.7357601839","24015.3715317336","24698.29961088","25398.2989452523","26365.8085370636","26899.8894391635","27131.1240490784","27284.7373654402","27885.7767479776","28334.7697308438","29246.6564527789","30060.2071364862","30144.6595203745","28771.7442854218","29352.9533503664","29974.1599339174","29700.9101574933","29667.2132839257","30117.891265209","30771.6635221374","31300.1655435498","32135.668371076","32739.0873976707","33289.4438136062","31435.0432357987","33488.0493001082","34606.1111714906","34626.5282460477","34899.3225839678","35365.4242663492",
"Finland","FIN","GDP per capita (constant 2015 US$)","NY.GDP.PCAP.KD","11153.7785299585","11917.5853760857","12189.7888921421","12501.5393666751","13083.4676124093","13731.411914668","14004.645910976","14231.1050912951","14493.6698398204","15893.3097443453","17145.4187747689","17527.3886120219","18771.158896405","19968.3795286842","20507.0182141903","20784.6883614587","20793.4910663419","20785.0684867374","21330.5987748157","22791.4236217199","23945.0603707378","24150.5782368449","24756.9389223507","25373.6804022849","26052.7867322716","26862.7992099895","27513.38864514","28412.4497948666","29811.9509398364","31214.6750164216","31291.5222587198","29290.9773950558","28162.3512348846","27807.8614663327","28785.9195720485","29890.5243289925","30883.8347237846","32762.1179107575","34457.4555939742","35886.4949080548","37872.6020343504","38784.1308115726","39343.0698997627","40038.9839702277","41521.962874476","42529.3506920884","44069.3958834717","46213.6898975737","46359.8732844055","42412.5133513534","43556.5385834368","44391.4535667984","43507.9345371578","42883.6384986417","42502.4880199858","42560.3456767103","43529.6761616969","44862.220404205","45337.2409550575","45898.5708448954","44690.9801103074","45792.0454180872","46016.1492103929","45196.4814400136","45075.1684940688","44941.2341102195",
"Fiji","FJI","GDP per capita (constant 2015 US$)","NY.GDP.PCAP.KD","2135.00105602289","2143.81526224871","2153.38612078454","2219.48309865746","2256.38661193074","2129.25178275877","2068.36187038343","2286.31619296212","2413.46577169741","2424.804424889","2679.36140793474","2811.37076523068","2970.33174889747","3263.55933543943","3299.67025599267","3268.68433254542","3302.90292111927","3426.10600739215","3408.49389037172","3735.0419710152","3588.63389797973","3725.85925042297","3420.17355509609","3206.53995251083","3392.64400931294","3159.91256608419","3333.21187514255","3066.12840418725","3062.15306054663","3257.20435244676","3414.95052754862","3295.7268636798","3471.43143388926","3522.84229699877","3682.00010727317","3755.26832131607","3910.82964905101","3785.46685383881","3787.48699562496","4073.37706349238","3960.88903458193","3998.79730008036","4086.1043298133","4087.72446536081","4264.59725802376","4255.45096025011","4295.40677074806","4223.44802067613","4240.77264898616","4164.29314815569","4272.35916210382","4375.58083514077","4427.97841523552","4630.3512738488","4883.24299340799","5097.53106864695","5218.85824573477","5500.67840280072","5720.21445752907","5701.10434532357","4721.12281287253","4507.33353013335","5291.51692439451","5761.56947891018","5935.20895738332","6096.1836851283",
"France","FRA","GDP per capita (constant 2015 US$)","NY.GDP.PCAP.KD","10776.1233606616","11192.7696024924","11840.6630184201","12437.8916843647","13116.0613030999","13619.4227770773","14199.1418506395","14760.3285518192","15313.2422666741","16264.8940394037","17116.859268108","17853.8971347786","18496.7852509799","19484.4620579649","20210.490760679","19924.3722074097","20700.6186231805","21336.3877815302","22078.7228161384","22792.2359498683","23050.9255953042","23186.7612665684","23666.5121788084","23836.4018927227","24102.0176176027","24358.1382748825","24813.0302579158","25308.620924146","26374.1221811161","27372.0534763161","27992.9751471374","28197.2359540607","28482.5194675509","28257.0962487817","28822.5006495069","29379.6158424052","29683.7786067651","30325.522871824","31256.5073830655","32152.7207478734","33255.1379642335","33640.6738002565","33753.5782979758","33840.6175720101","34557.1471111581","34946.0372494703","35645.4162427116","36322.1685141004","36257.3658930938","35052.8510772683","35578.1968010183","36269.9561530888","36161.2918253465","36256.086680981","36444.3949089146","36702.4323733379","36920.5342846914","37580.5979329356","38062.4435961412","38705.2072940618","35709.2045925926","38030.8571685178","38868.3303330557","39319.4152227295","39683.3953489029","39918.8850568745",
"Faroe Islands","FRO","GDP per capita (constant 2015 US$)","NY.GDP.PCAP.KD","","","","","","","","","","","","","","","","","","","","","","","","","","","","","","","","","","","","","","","","","","","","","","","","","44623.0315871975","42379.0851176044","42334.391628988","43947.1570625821","47304.8451728204","50121.7919684574","52645.8769957728","52638.2668218454","52758.462646154","53832.1022752798","54432.5257658066","56031.6628701293","54305.7918823334","56275.5306614124","57784.7223702914","59067.5637446297","59302.1098546142","",
"Micronesia, Fed. Sts.","FSM","GDP per capita (constant 2015 US$)","NY.GDP.PCAP.KD","","","","","","","","","","","1698.84552482856","1688.81914641173","1661.835539751","2166.28519797187","2431.32760874695","2372.54721970556","2325.10457658412","2324.1606646712","2387.71991974963","2363.59966705728","2126.82765124626","2263.82494115477","2139.46857014815","2117.38222314946","1975.46457480113","2237.45674325707","2348.98360673158","2312.55089689426","2316.46834864802","2351.97829821341","2394.37558886361","2525.50241966495","2575.29732806047","2726.15725759043","2661.64218976612","2818.49690906028","2712.57379982072","2535.82445447681","2600.59655060566","2622.81714261636","2735.1956569283","2777.02466489199","2787.27413276067","2840.52449068865","2758.74590390098","2847.48229525537","2853.20713732847","2827.53072106163","2779.82971113098","2841.46745946079","2901.24604798215","3006.53976237006","2952.58709656817","2837.15746729135","2757.39654878889","2869.86276169101","2896.47282245468","2945.60147384462","2946.05827846428","3043.07718989012","2963.44360529022","3035.92251779232","2928.52464245951","2948.07720975276","3001.79669747008","3019.73745806654",
"Gabon","GAB","GDP per capita (constant 2015 US$)","NY.GDP.PCAP.KD","3311.29693814036","3756.64160763217","3987.37302717701","4176.14999511174","4307.94711821812","4601.58264952403","4738.29146948499","4857.54224653835","4899.79966024679","5195.79922572595","5527.63605078666","5969.45075181197","6511.21796044723","7026.71576594733","9594.10323180831","11184.7241895352","14823.8829930465","12653.3137502918","9377.06283780252","9187.35765811771","9182.52680219592","9399.27026015795","8866.93461619978","9113.43670535789","9533.31659324811","9058.4995497615","8741.05138607781","7044.15674885946","7730.9357484059","8162.58240779554","8354.26309000876","8627.38985737905","8138.86821905371","8237.7433874389","8322.61010843084","8514.94009899596","8603.00813400361","8870.12550864019","8949.1211008365","7944.64517936466","7596.09970650519","7556.76995314898","7338.75620613605","7301.67154442842","7148.98713447497","7130.22505771754","6724.08148977274","6908.67399162999","6468.38523357609","6264.83611480154","6481.49612073562","6699.23394606512","6803.22668079211","6938.25753862236","6998.60545439576","7047.12654634355","6991.3251446736","6840.05959347802","6724.5961429108","6817.56879468764","6534.27966529444","6479.0490069252","6527.48207901861","6541.25368618042","6618.9868586134","6640.95687890165",
"United Kingdom","GBR","GDP per capita (constant 2015 US$)","NY.GDP.PCAP.KD","15323.628641145","15618.3439996218","15656.5060264095","16294.9377258056","17095.0843880322","17347.4558490139","17522.4995922205","17912.1532167262","18800.6914906503","19085.7384549699","19524.6865159129","19833.0569103608","20482.7111067345","21938.2937939268","21556.1992721976","21411.8812069663","22017.8273799837","22545.596298244","23311.6577053372","23930.4936898844","23381.0626649925","23063.5915396279","23554.7695677663","24400.1538085665","25012.2474056338","25853.7914666851","26828.9203252802","27993.289860294","29336.7220502717","29928.0161928787","30071.2085616955","29590.9054053428","29893.0776793743","30862.4118121654","32308.7952722115","33362.0161272507","34147.3459054033","35721.6105928791","36773.9287790406","37730.7155591161","39297.1366317267","40082.1359356822","40594.932929345","41706.8303930126","42434.8209023638","43320.5628684438","43944.9985799069","44882.141312304","44508.2874631479","42146.5095879962","42762.720840223","42791.0934313474","43136.7006795996","43585.8731772281","44628.5724578217","45256.040227057","45888.7099614563","47019.4510419999","47516.2099770322","47866.9140354078","42985.0392148248","46491.5068836685","48410.095170282","47911.1540134832","47900.9680144146","48422.0671236369",
"Georgia","GEO","GDP per capita (constant 2015 US$)","NY.GDP.PCAP.KD","1438.21569444633","1484.57936873597","1536.95623492798","1578.11918589518","1640.50449433996","1789.99342199708","1902.99606549797","2002.25561911472","2072.58285278926","2151.35584495054","2387.46810183883","2421.14178156344","2464.77210236436","2601.53891669817","2806.25364402928","2991.21007276643","3150.85725796529","3345.20714904597","3572.82135997741","3808.01905885908","3948.86535079512","4122.87659127008","4169.97924413232","4311.29871587326","4506.66813674822","4688.0718652506","4266.72494637357","4285.87259530389","4479.40018281131","4146.2568079811","3534.03227732782","2768.81016089293","1513.85017404463","1062.09528080207","966.419596225484","1029.48054628347","1187.123206219","1354.78352202066","1431.79336069224","1503.46298776734","1561.19867638847","1661.83019106421","1768.5970116888","1977.46143338741","2105.00472843799","2321.60084285163","2554.81253503914","2891.13702331846","2970.15858282428","2887.25607935922","3090.06513662318","3362.1030031968","3609.780798626","3806.50600649051","3960.35080091901","4086.6223465965","4225.09154904806","4442.50744127374","4713.65354845303","4975.81148194814","4659.60925318234","5175.19865185825","5736.30449578597","6180.6206023429","6606.35772271858","6876.98508939391",
"Ghana","GHA","GDP per capita (constant 2015 US$)","NY.GDP.PCAP.KD","1100.76305218242","1106.49456785536","1124.53316411011","1146.37281080406","1144.13832736884","1132.30702640524","1058.32348060355","1064.83941805326","1043.06652540406","1078.40357133549","1152.05176710267","1179.06074375302","1117.82315272421","1117.34245836667","1159.77576208586","986.613046328261","924.779241630551","918.336702049617","966.366546263631","913.729023099301","891.578049368905","836.509660283615","756.294499573179","700.396045771895","741.569874205891","762.747783660855","784.937923659407","803.929610179043","829.017387585837","849.686579158456","855.85250708181","878.63570406594","890.313174799419","910.722897752222","918.428722656692","933.895311664356","954.325387944775","970.995739362631","992.20631798932","1010.88194916348","1022.27520714566","1035.22666053257","1052.46591644399","1077.69990866645","1108.30475353633","1143.31178934301","1185.26570738595","1205.31705804209","1282.63416886747","1311.63053760125","1381.2279503506","1537.81834019283","1640.54072088003","1718.59704769958","1726.36930134647","1722.77282833606","1740.81101902928","1841.44636153249","1915.4532323781","1999.55372220211","1970.19411460398","2030.04866500967","2067.20895855521","2091.81335596465","2173.00329800201","2260.57555903544",
"Gibraltar","GIB","GDP per capita (constant 2015 US$)","NY.GDP.PCAP.KD","","","","","","","","","","","","","","","","","","","","","","","","","","","","","","","","","","","","","","","","","","","","","","","","","","","","","","","","","","","","","","","","","","",
"Guinea","GIN","GDP per capita (constant 2015 US$)","NY.GDP.PCAP.KD","","","","","","","","","","","454.021892849015","469.853004135626","472.476065773993","471.890918542322","488.622222643696","494.755008028771","525.693823301009","500.224866623139","525.818457287848","510.937903652384","515.075498240815","508.556746994401","507.412755095438","503.254700009446","499.099790230844","511.885502734728","514.948827108147","518.460706253598","536.935142790771","544.125289836889","548.371534819426","540.622747465388","540.768238017649","551.006742654772","555.962782286148","565.553359749505","574.302865750492","591.77353015526","601.907993085373","611.007685844967","614.137235083638","628.320554864936","650.554963973291","644.071217908894","645.182843390689","651.359606871604","645.472001923653","673.698997420626","684.775780377366","660.756701330284","675.736917327708","696.199991395571","719.505916794546","729.833143236326","738.272274481308","747.356966759448","807.236421043888","867.907502577607","899.907328045175","926.42221954853","945.570903389665","973.646890096159","987.502501465337","1016.88094800324","1045.92207475792","1098.14023541721",
"Gambia, The","GMB","GDP per capita (constant 2015 US$)","NY.GDP.PCAP.KD","","","","","","","541.080188773137","526.393360555569","560.868340169724","558.54686424948","576.3284949378","559.62991364986","544.839051932197","577.941930022901","594.161379584551","648.280119394208","674.974030161572","676.455417537658","696.184905331213","664.353754557366","682.144429383382","680.763235791179","652.066636208096","696.849478073282","694.302648852541","662.008143550023","662.002325492942","651.245092357426","653.000030965074","663.331309889547","658.711165332156","651.229615381431","646.421031932611","641.918738488002","622.551318791124","609.618491441846","605.40992484126","617.297597679527","621.226058231623","642.873705091153","659.911237641141","679.539755947951","640.03893213613","665.834222326194","693.563314497133","658.676285443081","636.596026908866","637.20930597537","657.675679192228","681.433469086571","701.014524591061","625.464360270983","639.139881889048","638.522368532214","611.879472952196","619.536364296461","615.193365494386","628.777299272925","658.127833258563","682.797642940426","670.758642891251","689.49323955737","710.686979216316","735.612384062616","758.965888826955","786.0058158504",
"Guinea-Bissau","GNB","GDP per capita (constant 2015 US$)","NY.GDP.PCAP.KD","","","","","","","","","","","530.038207842032","507.729108295228","539.728776699538","540.022721959447","545.743584355489","554.539611146607","545.716719833003","474.082444095876","502.503980418456","494.912807263144","411.228191061056","478.365016394864","490.618441344467","466.478485144929","500.948088022197","513.578560199997","501.441680283283","507.779967171681","522.568587226461","545.340640363452","569.169670374215","585.58551396824","574.852002556155","567.860072938098","568.168871993007","578.381849917403","632.160906920913","660.537774707954","502.81554020706","576.330795296558","571.094015178625","585.837980688333","594.040535151552","579.092506821836","572.526464627294","595.94255560187","597.257151722046","597.482020935948","608.958620496925","608.202131879882","625.904027290582","658.953470528116","630.66862302825","634.095456089352","623.610159103365","645.066837207039","663.242608032005","677.466131311367","686.456819839526","706.298562874985","710.275830755611","729.396882757942","752.149255217249","769.504652461795","785.91021956464","813.829913686556",
"Equatorial Guinea","GNQ","GDP per capita (constant 2015 US$)","NY.GDP.PCAP.KD","","","","","","","","","","","","","","","","","","","","","457.608857542671","460.694903212463","443.126779908143","436.571815905833","415.030661056574","443.495676350693","412.631312540002","412.790221907507","407.241360186669","387.128291910418","366.314404747023","349.352882285968","453.637813917068","485.392231712925","545.595470854948","617.294826128754","989.777266733629","2380.32106827232","2833.33184629343","3423.12126162912","3839.08642737128","5882.85050306586","6604.0054631081","7082.65489186921","9208.60566707162","10212.4545051498","10521.9996774827","11594.9172068456","13048.0703050168","12627.862381545","10984.3243932426","11203.9073679091","11650.7196270884","10731.6455729191","10363.4872473549","9068.91003238645","7971.83401904573","7259.10936454803","6578.90039765711","6018.12066321865","5575.26241511492","5487.92479201992","5524.24312418579","4992.26076814571","4892.95310498567","4497.75112328053",
"Greece","GRC","GDP per capita (constant 2015 US$)","NY.GDP.PCAP.KD","4985.76049516035","5599.4972624979","5586.54223274246","6225.1293347158","6786.24148561981","7481.90330099547","7909.24507897853","8289.86933775607","8829.42258970423","9814.49791967552","10666.6208776244","11453.2123477243","12535.1276831236","13488.1243950179","12573.3482017471","13248.9212623097","13938.5385978162","14162.9910906399","14993.6891417866","15293.9313177537","15246.994403616","14876.1172004964","14617.2352230695","14375.6996589942","14591.8630536729","14900.0862258833","14927.7613419499","14541.8603092112","15110.414666476","15602.9733207597","15438.7937023583","15727.4735434744","15717.04638162","15374.8626265369","15604.0339944242","15857.4161930856","16005.9511569711","16501.0316491318","16973.8293714071","17358.4346978294","18002.9064613985","18742.4235780691","19548.3677447396","20632.2557041942","21688.1050959558","21880.5265835801","23220.5324419197","23973.6936091313","23923.8800731311","22878.1346644397","21547.724178239","19448.255802525","17924.6620496886","17644.8766635021","17903.5252440012","17980.7298238137","18049.928997892","18352.0884461258","18769.0389621976","19216.6759579785","17486.951333323","19231.2888803517","20550.5049158297","21050.8648111581","21494.6856060599","21921.6862747184",
"Grenada","GRD","GDP per capita (constant 2015 US$)","NY.GDP.PCAP.KD","","","","","","","","","","","","","","","","","","3040.04156420967","3226.0984894223","3435.90423536845","3451.94417701718","3523.01454992859","3655.44815778464","3765.69268144747","3877.60851229182","4083.26775949669","4346.32354009777","4705.94265134243","4807.01372985656","4947.21594941974","5102.69172981553","5130.48257478522","5046.3110720505","4909.77076444883","4956.32245138997","5026.24215573734","5213.43103712383","5438.0445822801","6036.15899808614","6409.14591451052","6677.1265230922","6509.51660313374","6707.36873532777","7309.78547094579","7233.29494434962","8162.91232124727","7808.24358323434","8257.36225682689","8307.49221491819","7733.12990600058","7670.71165827663","7695.37616017287","7559.5628483956","7688.75297701343","8206.62862112333","8694.12438005692","8983.68397337899","9357.40728883583","9744.16919577204","9785.56040240592","8413.28335500372","8782.32193426078","9406.19337643226","9817.86383583917","10042.6503142063","10477.151595701",
"Greenland","GRL","GDP per capita (constant 2015 US$)","NY.GDP.PCAP.KD","","","","","","","","","","","15375.1866638299","17088.6844499834","17731.0750292335","18667.3128228197","19533.1987515075","19619.7941752242","20747.1496877618","22714.6391462067","24179.2062679611","25149.988701843","27005.3259668971","26758.5557170795","25327.608421672","25901.4739745512","24280.2581215331","24931.4968474838","26551.2406001603","27705.0620966198","28883.818146464","30528.8015621406","26805.5496974442","26823.378375534","25544.2992633194","24303.8982888635","25604.5956883247","26416.5165028368","26772.6138141762","27117.3732945796","29169.0465812684","29570.9623369365","31623.0591501943","31914.1710964481","31483.6074780094","32787.9680355213","34961.9356097257","36681.8055890619","38828.8524943222","39896.875364094","42527.6668469766","42899.7441985862","43481.5161087805","42994.8790874739","43655.7004664255","43338.3839246907","45545.1429414917","44536.3549705377","46561.7831434013","46597.9452470348","47012.9860350276","48170.7896955512","48169.9406957389","48709.9339758895","49679.3365414895","49929.7755428605","","",
"Guatemala","GTM","GDP per capita (constant 2015 US$)","NY.GDP.PCAP.KD","1884.56151789873","1908.03005015529","1917.85420336956","2040.17234187307","2073.58917300822","2102.46768897076","2156.03941417722","2182.52608765914","2309.26157484249","2354.71263385969","2424.60099055087","2494.63075277231","2609.49004937964","2715.38832929029","2816.26534690634","2802.06567003993","2944.83232742931","3105.80934677066","3181.46964570206","3249.09778808389","3287.02569465938","3226.26129373388","3041.6176008832","2891.73215349284","2825.72211867085","2730.1450010131","2659.14270106243","2678.48941109293","2705.90101135815","2734.55823253419","2741.53944249398","2765.88345519371","2823.67347786611","2857.29765344313","2894.43254991164","2958.34981711979","2967.99499537336","3019.28867475021","3089.97742727983","3129.12226621472","3165.933886028","3166.20502444306","3213.26990763198","3222.15622111509","3250.20561194529","3284.81128421658","3388.15165081967","3527.77995621193","3569.93031541246","3516.19395579721","3546.62750929879","3621.37582644774","3655.57490299412","3717.30457960279","3809.61584332802","3893.50533299068","3924.7789643024","3972.74059262672","4040.21214374742","4139.12206338632","4005.83916360689","4268.62864461492","4383.90326160481","4469.05514652918","4564.21378502908","4687.86355660464",
"Guam","GUM","GDP per capita (constant 2015 US$)","NY.GDP.PCAP.KD","","","","","","","","","","","","","","","","","","","","","","","","","","","","","","","","","","","","","","","","","","","29576.221681311","29685.9531745657","31483.8141949558","32520.3729565352","31242.462900947","31385.0475162113","31941.2706025874","31988.7229358255","32644.1484056205","32665.3787483379","33404.9317636913","34044.3190415455","34755.2691107298","35165.7014644795","35373.8483143417","35850.9025520506","35731.2203743081","36830.1264410973","32884.8852646787","33239.4846327875","34627.9862781837","","","",
"Guyana","GUY","GDP per capita (constant 2015 US$)","NY.GDP.PCAP.KD","2733.67017377019","2795.91596559797","2765.60232706682","2373.894072225","2587.3374565389","2799.88924384382","2885.01083833356","2947.36722517736","2916.5864939663","3057.0032625233","3130.48106601695","3182.82907828322","3039.04595646039","3040.96521513223","3240.06449958436","3480.32677141053","3501.59054165487","3380.43034639294","3293.62021029982","3210.16797697625","3247.67276846022","3287.40767961686","2852.84256803946","2661.88012930901","2533.83411714106","2603.49640007679","2591.39934975717","2628.31843844379","2546.09160620841","2436.29631542227","2377.21795364949","2528.08038811696","2716.75893023455","2926.93693707006","3164.66777875426","3312.64996890674","3566.13499360957","3778.00652865741","3708.04637110615","3813.33057565798","3759.60789699989","3847.09461851367","3894.87107415198","3873.04123684261","3937.11435304522","3867.93308158647","4076.77981715707","4382.10449666813","4472.34517889699","4649.34144792756","4860.09110980566","5133.89539813637","5403.79899428921","5573.3421790463","5635.71704117947","5640.41560569466","5818.61682204646","5997.18271426826","6080.90612132746","6278.63054079553","9010.61000469878","10711.9973374148","17365.3336428642","23101.3538282741","33034.948872927","39191.5676631842",
"High income","HIC","GDP per capita (constant 2015 US$)","NY.GDP.PCAP.KD","10294.4017123673","10617.8797903866","11075.0961956681","11495.7720793063","12087.7627526543","12615.0513934131","13177.4401032805","13551.8316266802","14219.5880493665","14875.92809065","15185.048900449","15583.6593877266","16276.0302458183","17157.2607598278","17217.2225154745","17094.3143563683","17805.2099418108","18335.4672610819","18961.2037382366","19571.1086924368","19656.7196461528","19872.7257435983","19705.5792464461","20126.98442982","20943.9831180028","21533.7346014146","22077.9065373203","22706.3747394098","23594.1030619916","24326.6348924136","24803.5604850107","24832.9356009058","25036.3303040026","25146.5484568036","25741.4269990116","26310.1477166858","26919.4438383107","27717.5856215978","28295.0678821774","29154.3692579037","30253.8409167376","30574.4108550638","30920.0871053297","31459.5817301314","32386.3750803379","33181.5625765607","34058.5960994323","34818.495991805","34817.0437554658","33440.6880027413","34306.4541964383","34840.5663756104","35159.0555187547","35522.3093441449","36111.2634992428","36734.6310227088","37185.2771759522","37945.3076510303","38731.1124683986","39326.9264662088","37706.0367844528","40005.1470452164","41064.1952230136","41501.2948730887","42026.5401511337","42653.2432852435",
"Hong Kong SAR, China","HKG","GDP per capita (constant 2015 US$)","NY.GDP.PCAP.KD","","3955.99989854482","4333.8002731663","4847.27195675403","5139.73439068452","5739.51575676852","5791.02111631566","5737.05229885906","5807.3275543317","6363.66443336324","6782.60912097306","7122.00285463071","7728.20764578559","8435.80583339161","8370.7690757968","8253.95806612799","9468.4600080768","10427.0850829813","11085.7825518651","11709.1720689286","12553.0638934721","13397.2671849205","13579.9965035895","14174.6667776616","15435.9492999607","15386.6259060365","16876.223613412","18945.6777188565","20386.1833473406","20635.519980503","21357.2396746971","22388.5913459199","23585.6546636119","24621.6478184223","25526.4330083318","25620.0203685972","25551.3713114257","26631.7761597523","24856.7504063002","25237.6325695984","26933.2130754703","26885.4053275596","27210.0502364654","28097.0971397308","30304.2901619598","32401.3558626573","34458.0032348089","36371.6434233987","36924.0529643897","35938.578391742","38090.0154420129","39656.3184510131","39887.8192650568","40959.9776349249","41796.8593150091","42432.1619740441","43087.5537128127","44380.8176753147","45280.4971892076","44195.2741142906","41451.2989586282","44530.9213833761","43281.0067309646","43518.9311789918","44734.4365296835","46450.1893260301",
"Honduras","HND","GDP per capita (constant 2015 US$)","NY.GDP.PCAP.KD","207.81524033173","205.377946621958","204.016219246489","200.822729450182","198.193157265853","197.556956030709","189.789344454928","191.312073240903","183.633008201016","179.893514809709","183.26395169204","186.117894078966","187.599061776512","190.114679324334","202.076390280227","206.60198350011","232.495117476831","244.925064974283","268.186072317287","290.046953741013","318.017226315051","330.912192293134","335.238355650801","348.18544759768","346.071904246267","351.880656755497","360.878990418874","356.889613108792","373.257584295228","388.784671302458","457.981040092588","561.125592319344","594.68900114157","656.869827849093","823.791675562094","998.356564183177","1193.38830906175","1420.73109700244","1543.75794800689","1677.77949157084","1789.47798512637","1789.18816032117","1807.97305547292","1842.29750018813","1908.90950050464","1975.85647913236","2056.53491469231","2134.19540639485","2175.14709403064","2076.30859895638","2108.47314459603","2144.56265540491","2188.39378817891","2205.40126728067","2229.24772232218","2271.20265980349","2315.72983058198","2383.37398439714","2430.13503657762","2447.61649282181","2189.43168668222","2423.76634916911","2482.22384904714","2527.27366333188","2575.32081187859","2628.19722136887",
"Heavily indebted poor countries (HIPC)","HPC","GDP per capita (constant 2015 US$)","NY.GDP.PCAP.KD","737.267658614866","718.082146695423","752.018279038814","758.284765999921","763.928034888477","772.954121233625","782.115744448639","779.357946106585","792.65096270978","807.471409937158","786.005420096453","799.718017555378","794.780206833871","797.163370365841","816.758655666016","811.248216471691","818.99057221573","824.777475480207","821.140587020873","802.312365753977","788.378773191664","794.444042389999","779.474306466745","760.652135915316","748.120971319232","738.312413405658","739.921154011575","742.376725824281","732.272308385661","722.831898997989","695.764787063158","683.621803364557","654.451135071654","636.019868009876","619.324443849788","633.003222533144","649.448673504505","669.216519564763","674.932470432039","678.826293380214","679.661916317719","685.807417274643","692.386060275808","699.537450245131","719.286073985495","737.815494830608","758.076010727433","777.852603441457","799.010898073682","803.669382584904","830.195436382547","840.995109673087","850.90537224906","878.389738901825","900.23327280781","917.924140878178","930.303195845621","949.269457689577","961.125858662023","974.069965846461","947.580161647698","962.578481916824","983.847120090035","992.174917021435","1016.27398761692","1047.79533535811",
"Croatia","HRV","GDP per capita (constant 2015 US$)","NY.GDP.PCAP.KD","","","","","","","","","","","","","","","","","","","","","","","","","","","","","","","9754.76325850554","7842.64431877356","7095.31004903355","6490.91059131693","6795.79207585721","7304.72692228877","7858.19280544609","8383.47376326709","8577.65913376916","8541.53312242717","8880.47789126428","9515.92714476421","10062.0602516769","10619.3351874985","11059.1274155158","11522.944604729","12104.2947219361","12718.2002498979","12970.5143712302","12099.7045228367","11965.1414956676","11993.1337166457","11780.5853491253","11838.4554388595","11862.7815706266","12283.8750299177","12848.473748279","13485.3711360576","14061.0597402919","14641.8735578488","13545.7402289427","15395.2861605128","16618.3333786183","17225.4504515697","17854.3262648378","18414.2935235367",
"Haiti","HTI","GDP per capita (constant 2015 US$)","NY.GDP.PCAP.KD","1735.02657122509","1653.89922572987","1752.00306965988","1688.67112439859","1631.54071205727","1636.19814585485","1596.9765972586","1534.49796433614","1554.12753020636","1583.57820985315","1564.38895221073","1634.68963949244","1619.58759427436","1664.49081836292","1727.23666370029","1713.30379616486","1822.40734517244","1853.92218428991","1931.45229634864","2037.86816576864","2146.49092997378","2045.46255796987","1934.639428235","1914.43247559","1882.81789284203","1856.96811301461","1811.0858236738","1760.75045120756","1728.60254302384","1644.10374508487","1627.31264525633","1624.49598864977","1507.81872889823","1398.25464638175","1207.6605445003","1302.13491168553","1330.54039885269","1340.99702096807","1344.9390395747","1356.11344556059","1342.89490450523","1314.11419693969","1304.5293810385","1326.47161042212","1286.90282128221","1304.33303731231","1305.03813815611","1343.61111422048","1356.53400140048","1412.89653523429","1317.58389339746","1369.16921255852","1354.88546124499","1392.38204736859","1411.76834802154","1411.12684746796","1416.74881879698","1432.67228609541","1437.35251928349","1394.42114071112","1331.69778506932","1292.71954963551","1256.72143592448","1219.11871645847","1154.68841945337","1110.76318831712",
"Hungary","HUN","GDP per capita (constant 2015 US$)","NY.GDP.PCAP.KD","2083.73453164548","2172.00043811551","2296.96408081761","2421.36351481246","2527.17918660934","3589.00068076222","3842.95403325426","4115.82975811314","4300.99832187155","4578.61133641726","4775.63461315407","5057.23064553546","5349.75018119814","5700.48196458668","6009.92660584739","6345.11763758832","6537.47467226994","7001.71841270971","7284.62424158897","7467.79903899811","7477.86543101327","7691.71541684827","7914.90849326563","7984.11697147846","8212.75572464126","8206.88233186907","8347.08001662316","8699.82535349933","8707.48356673951","8867.65103070439","8646.44754423109","7618.64029551674","7388.08229422743","7353.90020686221","7581.00102233039","7704.6409020455","7725.69980358198","7971.80554914825","8297.85419511945","8578.19506388065","8979.73578602949","9365.95393193015","9836.94065083321","10253.723920764","10786.4881991495","11272.7345428122","11734.4544729813","11791.7074416876","11929.7209867703","11142.885928524","11287.3686666108","11536.3578996772","11440.7622718825","11729.5720798501","12287.3779441033","12782.9412577973","13145.6559885563","13734.2442804335","14533.7783144312","15290.8085466331","14664.2971195385","15787.9535427563","16487.7973935944","16375.0462724192","16543.1049095203","16710.9602521813",
"IBRD only","IBD","GDP per capita (constant 2015 US$)","NY.GDP.PCAP.KD","994.28677625085","994.603614060436","1008.57940103729","1031.51118761357","1091.54554472202","1132.80102465084","1167.73294083405","1187.96990524418","1235.02901773226","1300.10929029099","1368.27594372045","1417.31137487754","1477.10356560289","1547.39586108871","1601.29301033847","1642.4194798074","1712.5359282873","1759.7673100181","1797.79208482683","1848.78497573531","1903.6876213303","1908.2779881834","1925.63996294672","1918.2850984111","1975.75770596127","2024.74788760018","2064.544799727","2124.95462219373","2170.99766033248","2194.65220601395","2199.85579402121","2190.69429962745","2192.10191117391","2239.08845117863","2285.90326475894","2345.0200179345","2438.57026790401","2535.13968073643","2568.12192743974","2628.91861646535","2750.17686745674","2816.85409923483","2910.66880220101","3048.08979022397","3247.59840290551","3445.54326791071","3693.37066538383","3983.75786510527","4177.43900963448","4249.82071937767","4533.00914065275","4770.82824838185","4977.09090605651","5179.63613332378","5370.20489610287","5546.81934137697","5738.52582613831","5978.75957459242","6215.67638120711","6412.74148413925","6287.10346120634","6729.33339266546","6950.42582854395","7237.59788175414","7516.23109692996","7797.15079685089",
"IDA & IBRD total","IBT","GDP per capita (constant 2015 US$)","NY.GDP.PCAP.KD","955.88004053415","953.926892971088","969.976115574247","991.906950613567","1043.93215193625","1080.07422752957","1106.83822927893","1115.39417125605","1155.23627834546","1217.26987500816","1281.19852817233","1327.30610626482","1374.06082863581","1432.85622189049","1484.24022286604","1510.93425669165","1571.89813126199","1611.70043028521","1638.32479366713","1679.36554273153","1723.56082683076","1719.89730807965","1726.94191067554","1712.80290872581","1754.94268166683","1794.87345342956","1825.28968641921","1873.13666590078","1912.06009173129","1928.25431366965","1932.55369448941","1922.21767480433","1919.76604607195","1951.19175848114","1982.74389077096","2028.12068474097","2102.72086582516","2177.73389640408","2202.00849807075","2247.12559032262","2340.82875174853","2391.86557804998","2466.37534927867","2572.95758342267","2731.20917223408","2886.65266109948","3079.20147750429","3302.82526069676","3449.8203963698","3504.47378188872","3721.63119008758","3898.12924678617","4049.02401734632","4204.1114505155","4349.50164662377","4477.24409653758","4614.08685562372","4788.10478996534","4959.05836315983","5097.1350886918","4975.19205124347","5288.48751677048","5440.77771363889","5634.16482692317","5825.50541967732","6018.61307031399",
"IDA total","IDA","GDP per capita (constant 2015 US$)","NY.GDP.PCAP.KD","731.202511566649","721.524385699694","745.414033411197","761.94380649944","778.652655758927","792.34623590451","785.221068476897","747.279713303712","756.669782766007","803.074162821968","846.488328173866","878.176614282056","871.913310315723","883.743755683775","923.705492364085","895.975326080144","920.501334833027","932.539366161354","918.77817612496","924.655499500233","931.172512358022","902.610871871118","877.047364165338","845.506181107172","835.910428741259","846.827931815714","848.365917782502","855.409795791268","872.810733092806","869.213405924363","878.988181008032","874.021161524892","868.113676506683","852.351569441917","839.084840240397","846.953376978529","866.087460638412","877.062061611688","885.37592759161","889.989738156118","902.727878479473","917.222006498417","944.764140365419","966.711421750773","1007.42076408979","1044.65404144036","1081.58606287181","1118.49861077272","1147.24627389385","1176.8794999748","1220.95123872251","1242.31604652501","1256.89332471361","1297.88287583466","1339.89861488766","1357.9051932623","1372.7296442096","1397.38370461298","1427.14883414215","1451.18305482757","1394.41549981948","1418.97233507819","1452.67025448891","1466.40467616719","1498.37807376176","1536.6710718056",
"IDA blend","IDB","GDP per capita (constant 2015 US$)","NY.GDP.PCAP.KD","988.099895737434","980.740689696197","995.64648176103","1049.90241230174","1082.56903162803","1109.16566891536","1086.41325957772","985.414475480907","988.933413305679","1107.5580022605","1262.63732195668","1357.12308978689","1373.74722725009","1410.92381665697","1483.02979579395","1421.46528917302","1473.94517864227","1507.75234946518","1469.24306150581","1502.88222145405","1509.95876620999","1406.20287812095","1347.39505441762","1268.10837679891","1247.75859508199","1282.43187089215","1280.01739361956","1284.65539955298","1322.1096546805","1323.11378613227","1359.75619429123","1344.83353604134","1343.84832109261","1304.69571472261","1281.213878396","1275.39696775819","1300.13408601131","1297.16672448107","1298.68875523704","1291.55958367106","1302.79173205587","1319.28373984693","1368.72431947825","1395.74781049748","1461.53585071321","1510.78551454883","1558.19950495576","1600.87649761883","1625.06360764076","1677.01134797999","1732.0970274752","1762.43109999793","1800.98680407865","1864.20094351718","1932.2366467346","1967.8941145813","1975.50456585507","1991.50582003859","2028.14092040239","2049.30236677741","1943.87243809295","1988.14316748151","2043.42372895199","2062.62356419287","2107.6638668718","2163.14295417872",
"Indonesia","IDN","GDP per capita (constant 2015 US$)","NY.GDP.PCAP.KD","597.734506697936","614.67800035292","608.672830748941","578.480952858822","582.039622009982","573.642474075567","575.863301570169","568.830963804607","614.066837154833","638.076485696931","667.649761220022","695.446971500357","724.833992058908","763.256635953719","800.65408027571","819.538910861999","854.39856737846","906.717766390934","944.755242951634","989.678300355954","1061.791789401","1119.39911020788","1118.38320739334","1139.00630123248","1191.59058771764","1195.12311547851","1240.06475649342","1276.13231995892","1324.37572952378","1396.699709074","1470.91822258528","1544.99580894527","1617.10954872218","1693.1074260189","1790.32729962455","1905.54236111238","2020.99148132509","2081.8416693962","1780.20049544892","1767.51466729756","1828.10265968361","1868.59172307292","1926.37435868149","1991.91820506473","2065.70617470842","2155.4478015921","2244.0802226202","2355.1528565328","2464.60193418272","2546.21969707767","2670.8129098953","2799.62468790318","2930.518445323","3055.24246006469","3170.72103011429","3288.22269725538","3416.81005170972","3553.51999262321","3701.32155461912","3850.90321738979","3739.44906563161","3850.68877253903","4024.91225288391","4192.64401034181","4367.94741847938","4555.18055720702",
"IDA only","IDX","GDP per capita (constant 2015 US$)","NY.GDP.PCAP.KD","","617.114201534389","646.947792960587","643.479472805374","652.058447465498","659.119465126344","659.915065423643","654.422137573176","667.274363217968","676.734676899195","661.433526901138","660.037758065248","640.229919311144","638.267953821514","661.774363477875","649.674163751314","658.535973769707","657.323700930706","654.521501629604","643.69262936842","645.993157544812","653.087899543165","642.652542621634","635.149636045378","630.296124030595","627.297143757228","629.558701769379","636.596893187393","641.264892055559","633.223876677538","625.631482445561","624.445230127598","615.089966952056","612.030767592526","604.089600048112","619.310506232705","635.149119754835","653.539348096436","665.241779630553","676.053438385186","689.180790229207","701.950532842353","717.326546711149","736.445386593645","763.028687893496","793.392553485602","824.39686692688","857.594387123422","888.11196361438","904.690055498465","941.87311126462","957.759251305851","958.993364993698","987.559506416371","1015.3734765589","1024.03892548547","1043.61712928397","1073.84673193105","1100.73857863193","1127.40470768605","1097.9073513853","1112.55281021201","1135.34471641403","1147.16316787956","1173.2818683549","1203.51525862111",
"Isle of Man","IMN","GDP per capita (constant 2015 US$)","NY.GDP.PCAP.KD","","","","","","","","","","","","","","","","","","","","","","","","","18303.4356649234","18416.3589164412","21835.2224329301","23666.1501333527","26035.8540320139","27362.5680646573","28042.4441205102","28128.4485818915","28133.8324364624","28694.4160940259","29676.1422111499","30802.8930909929","32928.8324560471","35337.9128286621","39591.5712572814","44456.4562710624","46274.9709691403","48252.7638498277","50714.5824703383","53224.3527757804","55464.0220993356","58201.5990838178","62075.7601604994","66029.9755907183","68520.6825624937","69192.0258221691","70747.8417587183","71727.5055082703","77009.2978612012","80383.8273088527","84778.5806639347","84753.5187422732","90783.7647245394","93200.3108083857","95040.4061748938","95110.1385990737","86595.0676099275","89873.5420093569","86100.5672917037","84315.137992954","","",
"India","IND","GDP per capita (constant 2015 US$)","NY.GDP.PCAP.KD","312.777847829868","316.739644665114","318.381945826526","329.64149485279","346.011883332873","329.392574458173","322.241317769904","340.080025745202","344.128288078031","358.966799409582","369.19248063917","367.033309772096","357.07792915078","360.637844054436","356.615069655557","380.159941384358","377.496025416227","395.443306819602","408.51694440403","378.219592791247","394.182239921013","408.153549793307","412.596737104221","432.429235384759","438.541705512915","450.966703855867","461.725611476403","469.209956296394","502.937342187065","521.073383839123","537.870269536103","531.898397833351","549.235069964895","563.372872336747","588.727892180632","620.699954336366","654.355928434052","667.598423093399","695.293709337082","742.53920839812","756.704109533187","778.507377522499","793.615912901002","841.278894562408","892.596614580718","947.732565644272","1008.23275344818","1069.24696812234","1086.50605251005","1155.10163273817","1235.15939132939","1281.61054354937","1333.09626557649","1399.4537980281","1484.31640682961","1583.99815907985","1694.46534973787","1788.69770318481","1883.35772705055","1936.03067741063","1806.50110583865","1965.30943437472","2098.21124476122","2229.71491223037","2366.8328910323","2523.43601851376",
"Not classified","INX","GDP per capita (constant 2015 US$)","NY.GDP.PCAP.KD","","","","","","","","","","","","","","","","","","","","","","","","","","","","","","","","","","","","","","","","","","","","","","","","","","","","","","","","","","","","","","","","","","",
"Ireland","IRL","GDP per capita (constant 2015 US$)","NY.GDP.PCAP.KD","8523.76219186843","8964.63951990149","9214.972480865","9596.02165213766","9911.03037513164","10064.9101140666","10114.3739331697","10649.2424333642","11475.3650788562","12077.4285260282","12295.6125499895","12574.2863182533","13192.7974147858","13595.8669377775","13942.1816273872","14490.450187254","14472.4965217655","15450.2168687118","16327.2781873073","16606.2971774956","16921.795746439","17280.9270056772","17509.2117546219","17343.0480497196","17986.419721408","18511.7551873722","18424.0903029613","19281.2232196111","20374.1557006031","21644.2887602714","23456.999356198","23772.5663058612","24400.3064402451","24932.3770542724","26263.7091752353","28646.8176219898","30518.4039336362","33543.9942975657","36105.9184837456","39460.4758655009","42599.4803921319","44151.1536032557","45974.4881988842","46594.8620267616","48856.3238587396","50547.2123729763","51656.8194855887","52849.6948429458","49461.1594281353","46466.3794269222","46991.6464673949","47539.9181739968","47147.1604669421","47928.0346487005","52044.6201181887","64250.1385181257","64205.979777351","69748.6221034014","74029.0550611436","76485.635854651","80927.936475395","92781.2322150786","97793.5366671697","93541.9643678381","94474.9879707069","104416.83204022",
"Iran, Islamic Rep.","IRN","GDP per capita (constant 2015 US$)","NY.GDP.PCAP.KD","2345.11087212965","2512.11791006455","2629.72819341093","2729.80655122362","2870.3801257982","3255.50135774216","3518.61621818274","3797.07696677175","4215.93673234613","4726.09252157204","5085.75681676835","5612.36301510845","6240.70077372592","6511.65454254456","6688.44521322137","6468.12239488762","7422.12860861168","6996.18431406879","5901.81296035878","5016.91486789935","3793.35429688212","3394.34358172067","3965.27550470445","4236.71681089406","3788.97762858202","3720.53262273169","3234.88543131803","3115.61803177018","2833.18757791548","2920.36931132344","3222.20102704479","3534.65396417255","3579.73221786246","3514.51966574661","3448.25956881527","3492.17204969482","3674.0326860276","3679.27534912962","3704.56563043092","3725.31745828772","3885.30183360649","3917.29935489016","4198.95356080727","4511.43134034458","4607.45169088209","4650.35841490708","4778.7934584732","5084.71796043623","5035.94008533618","5023.89314362941","5249.06133369759","5321.75870744453","5058.64637811835","4916.97291948475","5093.20319702187","4952.73355532178","5312.61724954192","5395.2398398598","5127.22495367018","4952.45669081078","5132.82430762118","5300.62271961895","5465.31447539413","5687.84396268742","5834.44296939863","5617.42166770918",
"Iraq","IRQ","GDP per capita (constant 2015 US$)","NY.GDP.PCAP.KD","997.925581506414","1045.35159413524","1061.12493114338","1051.08048848022","1167.09649202161","1249.76156739787","1268.03983724558","1117.05793442321","1290.03189560145","1286.79354274415","1299.35892720761","1322.70187022675","1325.75580274961","1337.44392023958","1501.23712514077","1633.76336398088","1852.73076542326","1826.17052819415","2066.87426184461","2419.11515236455","2924.31916822628","2817.12121531585","2833.0144210139","2390.54919750291","2282.72261735824","2260.8763214908","2308.44327504947","2454.9950238006","2398.23797711999","2262.47044477723","3526.57925126853","1254.63057385597","1615.03903542774","2005.56353164115","1985.79691950682","1961.09255088499","2108.82328338114","2478.84310444349","3242.95733892317","3691.74051342189","4172.78025105244","4116.09405320279","3660.92527507177","2250.06990123369","3354.26588756715","3310.86344473993","3471.98744698568","3565.58054079041","3781.78001712762","3768.17284328983","3881.94327045302","4030.01686860986","4387.90469058707","4504.82687537354","4446.97343234862","4440.14189252367","4932.9272911439","4736.32710809857","4749.00921836896","4898.14897668582","4213.99843766061","4182.50064045825","4412.99733146512","4337.0870532422","4180.29619477317","4005.04081579067",
"Iceland","ISL","GDP per capita (constant 2015 US$)","NY.GDP.PCAP.KD","14221.1448559212","13936.3511609799","14817.9359769201","16053.1011837088","17328.6365207443","18273.6177694982","19538.9788473586","18983.9498131556","17696.4608002206","17951.7479297311","19189.7449557563","21521.3369695579","22518.7339350328","23691.1293819956","24706.4839013975","24550.136163704","25756.173264595","27820.5777488858","29265.1430704948","30388.7918271633","31797.028945465","32777.1832348301","33038.8245612084","31902.8887708197","32868.7307491229","33684.674976315","35535.6008703994","38152.1475894792","37525.5566334753","37159.494654456","37302.8060599712","36790.4868486955","35105.2870333046","35206.5664833565","36162.2911509183","36008.5846495164","37425.5142753793","38657.2763911898","40926.715820447","42010.9376256893","43472.3369951306","44545.9822738464","44389.5560604909","45088.9226082383","48101.7116415743","50674.4411406649","52306.128485789","55457.3601614503","55360.8136012406","50581.0846167336","49528.4864733411","50058.8302665144","50375.4117054195","51696.0876507326","52102.575810195","53505.6964079339","56049.2928672039","56657.9800322797","57731.6523639512","57118.8452777198","52464.3073240589","54285.0209203242","57626.2533717585","59951.7537739692","59053.5648370451","58910.1759513518",
"Israel","ISR","GDP per capita (constant 2015 US$)","NY.GDP.PCAP.KD","8791.25842083861","9458.63955442403","9928.52378132969","10593.150322061","10990.4498595643","11568.0561477665","11268.66237466","11115.7010423579","12653.7427809761","14000.6896335435","14533.7517490716","15626.1975962966","17084.4660920794","17323.655731014","17904.814221367","18068.1082362942","17726.1924352735","17513.1500031396","18100.2690966941","18736.4481542417","18597.509172637","19204.336860022","19239.5140824969","19527.3117937211","19453.6368526939","19885.1571367391","20400.2969995076","21506.6299610497","21768.7504269937","21525.5757280153","22396.3023419926","22717.7744150266","23649.0394737135","23976.7431106567","25099.3242920961","26052.1113890118","26861.1743305822","27144.221603813","27618.7744807547","27809.7288829095","29411.4999428787","28804.0396341969","28186.5548167752","28079.3253966943","28870.0080868057","29600.1467243332","30707.435814097","32071.3107404162","32519.7624461575","32139.1146490917","33307.1044316197","34499.9509262825","34685.0915981013","35436.2912873273","36055.08530225","36138.13561386","37044.0118623764","37911.0217281157","38695.0100079706","39322.038041422","37938.3809354755","40788.2391785198","42539.2748766689","42131.7415675806","41882.0474698252","42596.0772627285",
"Italy","ITA","GDP per capita (constant 2015 US$)","NY.GDP.PCAP.KD","9731.19627783451","10459.7143952499","11033.6888899469","11567.9458893944","11794.1608575744","12077.4620360047","12701.1618944753","13514.757373119","14308.559422797","15095.4127815885","15813.2011158569","16025.7748802391","16523.1331589998","17580.9120841639","18426.9080027171","17934.3228648852","19116.6107624269","19522.996928617","20083.8802093996","21219.2669637857","21901.9268708549","22060.3287067697","22135.1628545397","22385.8416028019","23102.8115427941","23742.3854949723","24420.0802858599","25196.9881183266","26241.1619056876","27109.970559768","27625.1792306413","28030.7653841073","28245.4271054692","27987.4328969281","28583.6255328648","29408.3209572297","29795.6597750915","30353.3778243995","30892.1758654455","31405.2609007683","32609.66746283","33243.599343976","33267.4474482048","33110.1698494812","33348.9744820456","33407.6754716472","33873.0493680093","34159.9109244074","33550.6340800063","31587.0638416305","31928.5543621096","32039.5032494316","30953.4147447427","30330.0221599668","30325.0287793923","30639.8829751432","31077.6792675211","31635.52277108","31963.6417148824","32180.4341017428","29469.7989238626","32267.7091050201","33891.8866526216","34221.7182928271","34508.1235191237","34716.1405786348",
"Jamaica","JAM","GDP per capita (constant 2015 US$)","NY.GDP.PCAP.KD","","","","","","","4135.07906575594","4160.19545593224","4349.02393527166","4538.59655791195","5023.68060051815","5078.13472725478","5906.34014145139","5497.87570868578","5186.84286399776","5101.61867279707","4698.21202640785","4520.74882814711","4466.16983984691","4367.43485325165","4067.64427298738","4120.923884804","4148.80384290827","4169.46768099328","4051.26602520306","3887.22002148017","3923.62647416332","4199.51831662168","4336.70453242817","4616.03114609235","4773.62848195303","4960.83040580996","5008.12883358686","5423.3508419918","5442.16740407801","5514.51252836665","5455.19334658148","5343.48049225757","5174.28295609468","5187.99579646328","5197.39692210665","5234.02744397806","5305.87658697244","5467.17406988236","5507.20135110043","5525.73577833713","5656.66803579988","5710.53878446758","5639.58974873397","5372.14234169511","5271.57221477938","5339.62170188798","5284.00852557589","5289.88438546111","5307.19165380801","5339.30718256806","5472.28314023034","5586.1365723133","5717.87621107532","5814.79275311692","5317.84145033966","5607.45378253877","5965.46127464873","6127.90771263434","6096.4327030963","6105.9221184706",
"Jordan","JOR","GDP per capita (constant 2015 US$)","NY.GDP.PCAP.KD","","","","","","","","","","","","","","","","","3195.26250046906","3356.16894521624","3729.52306934057","4358.34987346028","4671.64972548196","5259.18950526996","5393.50008707247","5044.35427017302","5028.22619953898","4673.59710903275","4708.74894604541","4600.37547536923","4455.08518118154","3791.16878228393","3496.48977109386","3286.63559783063","3564.73934155579","3535.94786061685","3538.09885361169","3606.71295243238","3561.74921330419","3582.04875443504","3605.63447052895","3648.60665235433","3725.49544709257","3841.98511846743","3979.40388653953","4054.22612609768","4296.62367370886","4532.96248258538","4596.56909353547","4681.17006766931","4902.38348073849","5043.62638729303","5066.49720027725","5085.98005025386","5135.0327939589","5007.76162067161","4703.39944986815","4441.61896013754","4326.17261571505","4335.92512689541","4320.029787425","4313.80791426608","4188.21240095719","4266.3790298994","4309.61432856804","4373.38088482368","4441.03974922351","4579.33082182137",
"Japan","JPN","GDP per capita (constant 2015 US$)","NY.GDP.PCAP.KD","6481.37442274053","7197.18214473058","7765.88292703689","8338.99399083672","9216.32221560597","9648.24054656205","10577.5937769986","11628.8833173252","12979.860485465","14426.9406553992","14318.6588003477","14666.1228715572","15678.891945691","16701.6297669361","16279.1053900856","16570.1490384468","17045.1784418847","17622.1033093596","18383.0750924035","19227.734800588","19614.2922299856","20291.567958628","20818.8044337152","21402.8665366541","22221.8862508533","23238.9252243658","23884.4841642864","24894.0912634322","26472.7749041278","27648.0847646202","28904.7658863073","29775.391651584","29916.6529957081","29665.3871017287","29876.454752764","30504.5332529005","31371.432405964","31723.3382538425","31076.4386626557","30911.9243180534","31779.3788459032","31793.1269485489","31746.2430105713","32115.5810785373","32783.1292835489","33385.9179590327","33880.6890093456","34426.6937124867","34008.5915147362","31993.8588053706","33311.2872381879","33306.1802259719","33909.4911855243","34636.6924746166","34996.8796756631","35664.6446110613","35934.4467886662","36547.7357437305","36899.3847079435","36837.2583653113","35363.2996951789","36792.556429474","37448.3504824849","37902.5492204411","37976.6371788298","38619.3367073485",
"Kazakhstan","KAZ","GDP per capita (constant 2015 US$)","NY.GDP.PCAP.KD","","","","","","","","","","","","","","","","","","","","","","","","","","","","","","","5557.08215736977","4910.15324119135","4635.42154654073","4223.1282023154","3740.97810892024","3498.51454364229","3583.36908423331","3728.96386519689","3750.56494562659","3899.65723139778","4269.33016782791","4822.52862802669","5267.6990320263","5724.43199248054","6233.29439373307","6787.4115548789","7450.39687062615","8036.87599811505","8216.52181589585","8218.39912556048","8704.70655484556","9223.3021336315","9531.91477617058","9959.72586930534","10226.7100539683","10196.1226255982","10151.423313302","10404.2718646317","10670.2120148279","10989.6840718388","10565.0359816235","10873.3915275276","11058.3482413407","11453.3952725363","11872.7842626298","12492.1392679131",
"Kenya","KEN","GDP per capita (constant 2015 US$)","NY.GDP.PCAP.KD","792.958020207348","704.532413221054","742.214802683441","776.61405320386","783.777273902912","768.312009345226","847.028481793247","841.449011083599","873.396320093881","906.636182608442","831.801819281121","980.029449369286","1108.22714085008","1133.74828467608","1140.55255920466","1113.00977634208","1100.6565011535","1165.36861222478","1203.76787713531","1251.31913330141","1275.28269729355","1276.92778781689","1250.61396929068","1221.53485890834","1198.09437242046","1204.91932367736","1245.98851025394","1274.22087961614","1306.36433683504","1320.50774519897","1329.33312766232","1305.46415701447","1255.93870622359","1223.50616725762","1219.7841113305","1237.88250467675","1254.21025248674","1226.19542113337","1232.06658106635","1224.63404639886","1195.41296851656","1202.29348759987","1171.4262517349","1169.14433674051","1191.25443604556","1223.44738472019","1263.54164666211","1309.91092948216","1273.77226103073","1276.73503486074","1340.16467408856","1370.58000874482","1396.30178709756","1413.94142522583","1450.59338202277","1489.11959777284","1517.97796057742","1542.33773973372","1596.69045914945","1645.70961777862","1609.33414078281","1698.89578271444","1747.53198804428","1811.21651838425","1858.87650030024","1907.81875397233",
"Kyrgyz Republic","KGZ","GDP per capita (constant 2015 US$)","NY.GDP.PCAP.KD","","","","","","","","","","","","","","","","","","","","","","","","","","","1022.86660449102","1036.71012984427","1153.02506583629","1160.67608073008","1203.47208279448","1089.90005451003","928.31552055094","784.564919201316","627.220989930123","587.298180667228","619.667768615001","671.25000816306","675.058248147575","689.414278205464","718.342832397662","749.423779561565","742.44300111832","786.350474964134","831.482103944381","820.709519437592","837.138026647346","900.02796489729","966.409971184817","981.220904665529","962.764789828724","1005.4831781815","985.8472865972","1069.78404438716","1088.58214229508","1105.65193844261","1128.3161612818","1157.18275758067","1175.0712778747","1201.87701429721","1093.32856461422","1132.5546781282","1212.17812721768","1298.25724482211","1423.58624650541","1555.4444955048",
"Cambodia","KHM","GDP per capita (constant 2015 US$)","NY.GDP.PCAP.KD","","","","","","","","","","","","","","","","775.61301310347","832.046370021047","768.349009368511","835.709043830217","746.08572413472","688.762215998489","678.011250962987","659.062242599126","663.885539072704","671.730248753369","679.989551081934","678.670094090388","790.553706971779","852.223975284837","849.279049748096","824.051655825487","850.610221173097","862.478030887335","845.382004291868","513.967147967874","520.926883186145","511.670349597704","496.770551310941","499.016649050833","552.901492232643","598.561915252147","632.833573980849","662.188341283454","719.333494240509","775.847139030978","866.340290123209","947.065220050691","1030.23117620792","1090.57475806147","1117.25834194514","1155.85236856699","1221.38839852454","1295.25271477893","1376.29557595926","1464.53115866927","1547.32010444393","1645.46671578126","1753.93530504662","1884.28374817086","2008.32094006706","1908.63427518336","1938.76436741728","2011.27433313262","2085.05748462122","2183.55682401667","2273.40169673646",
"Kiribati","KIR","GDP per capita (constant 2015 US$)","NY.GDP.PCAP.KD","","","","","","","","","","","1473.59719824148","1411.81592169253","1552.54661185826","1844.90008784819","2663.39415031051","2816.41038860525","2073.59128957137","1990.87516087898","2025.51477996958","1781.69221291246","1734.33011069497","1811.68131048096","1763.17927004428","1565.11854060036","1754.01238303506","1492.76046834936","1422.51662118726","1406.31580236076","1675.63824975673","1516.91518751205","1387.65304955701","1283.34653145552","1564.72287611506","1539.30453918434","1547.62423440117","1566.47266832462","1539.33663487683","1529.24932474439","1569.02691581722","1482.19226993632","1555.58204812097","1477.95177621217","1467.99273241655","1415.54577869304","1378.9583696722","1368.99728765793","1419.38723031361","1433.35747805619","1361.83599775608","1340.27605600221","1328.78776438805","1348.0602369873","1405.5029344967","1493.49148676402","1492.8508200481","1639.85274740652","1731.43702001694","1768.87874841933","1802.34850714657","1834.42627824847","1779.62973024917","1895.61362957222","1960.15475844976","1990.14605922104","2052.81298774256","2108.59515396012",
"St. Kitts and Nevis","KNA","GDP per capita (constant 2015 US$)","NY.GDP.PCAP.KD","","","","","","","","","","","","","","","","","","4474.44162151065","4664.55711811818","5040.41499881822","5489.17511917791","5593.93046876973","5646.52293616151","5740.25408985267","6281.96829091358","6858.00144737872","7649.33908016446","8203.61881033902","9022.84351759517","9588.26287871082","10136.986550185","9966.20374372867","10300.5415354294","10860.6034990877","11290.2168438156","11743.3784162332","12269.7967435843","12940.7852855874","12710.9629751883","12942.857504219","14039.0281125333","14610.9099610508","14727.3908829316","14100.3067967234","14619.795111247","16000.5658929826","16457.8622372067","16508.1437081315","18325.7612670282","17671.2547069735","17688.0690103409","17958.6813977053","17770.4963640576","18773.8926898397","20187.8061975481","20328.8003530109","21133.6575914414","21191.6047083703","21635.4972146482","22297.7644995701","18918.8263456611","19031.8211910603","21050.758653729","21664.0333984701","21692.2406392872","22237.9509113396",
"Korea, Rep.","KOR","GDP per capita (constant 2015 US$)","NY.GDP.PCAP.KD","1037.72899231615","1077.10464038579","1087.79362228726","1153.23486916692","1229.36998908154","1286.16625407866","1404.83811121824","1498.01049644544","1657.18854005249","1856.48418780744","2001.04656436772","2170.9646968132","2286.93666830827","2583.31158461691","2784.47241806545","2955.1963902217","3294.13497099216","3644.59385270464","3986.99777854343","4270.07298916474","4139.9606854608","4377.64026742067","4675.53053701243","5227.53893142287","5712.63984757483","6105.74268983951","6740.69941617276","7535.12660432782","8367.04656522944","8878.29655251462","9672.57845182894","10618.8431439122","11176.560685871","11837.4692053797","12817.2447824958","13924.3044000347","14894.3278834104","15682.2717905189","14800.5091573641","16402.9168341094","17763.1353417297","18460.4288193829","19775.3800655139","20278.0406421178","21244.8136800528","22123.7613066851","23162.1860111297","24391.7651013448","24934.5396367691","25009.9148311999","26623.0487122927","27393.455357272","27944.0564190045","28732.711152033","29470.6732991655","30171.7906545222","31005.4072876388","31979.9027302467","32852.8887488942","33496.3113815643","33215.9298928108","34792.9397214598","35809.0138105144","36347.7036392553","37048.4264001496","37469.6600233386",
"Kuwait","KWT","GDP per capita (constant 2015 US$)","NY.GDP.PCAP.KD","","","","","","","","","","","68591.7076069771","68673.329224067","67066.7402080857","58987.7700113988","48324.5309755616","39840.7601437991","39811.7354515366","35866.6057353586","36140.3246475172","38757.8068652172","29547.7549827285","22766.1033035531","19135.9123854264","19686.2018974869","19848.7793827107","18264.4444880155","19042.3788746625","19786.3645509832","17116.0656840733","20743.6868362331","20140.7834697754","14812.9200924661","22382.8420685118","29323.8532618275","31946.4902579278","33156.8473491495","32417.9627954317","32152.4367426144","32306.668723862","30798.0947114833","31341.9780819419","30573.4284224199","30702.2162068121","35169.6335737863","37918.5405829238","40451.2551656974","41137.969927672","41113.8693942735","39852.5129115699","35124.0853941026","32568.4981754501","33545.346271839","33578.3309651964","32311.1800008536","31073.1537300624","29882.2126495698","29454.4426388829","27048.3706935958","26706.0191660864","26580.2264741607","25541.5378987908","26203.2617257856","26579.8321646876","24722.8143701857","24140.3257964584","24962.7320750091",
"Latin America & Caribbean (excluding high income)","LAC","GDP per capita (constant 2015 US$)","NY.GDP.PCAP.KD","3237.69821615245","3338.36180128615","3393.01730679885","3359.20848360335","3522.68958083058","3623.54888692967","3682.92635396762","3741.54929636522","3915.27329753416","4067.45132579017","4237.59802655873","4410.51706571818","4622.33614770265","4899.39593205882","5091.90148557368","5180.61821920635","5342.23375093697","5467.53587611514","5566.01664693806","5825.93507375433","6051.99441787403","5978.05817678344","5871.74029692141","5608.31614778161","5703.70137609665","5756.15422138677","5832.60947184659","5898.89545545201","5814.18353125533","5749.02403616315","5624.5145128785","5690.33299051553","5711.27355156305","5846.01399915429","6037.07088878282","5966.42046982203","6092.0654413316","6315.73345752879","6383.44384485337","6305.85375785725","6437.96110048513","6362.4321554373","6280.19153327588","6328.85389898797","6598.99754541507","6788.80078819268","7067.05640436568","7361.2956717151","7550.46364134656","7282.42112731485","7665.02918840407","7916.87181279329","8023.11594740369","8155.35128235007","8162.13622465638","8087.33242325425","7932.49607746858","7986.11604858229","8010.5932042996","7962.19314357083","7368.61318654015","7827.41188417897","8089.0443057316","8203.23895137503","8307.70645839353","8434.21631085993",
"Lao PDR","LAO","GDP per capita (constant 2015 US$)","NY.GDP.PCAP.KD","","","","","","","","","","","","","","","","","","","","","","","","","579.867782983835","592.627301998099","604.331788271833","579.022620522311","551.363163716143","611.822069881845","634.525297009385","643.410259077746","660.633861954064","680.964153708638","717.509245108717","749.234741728538","782.683156535545","819.205851313643","836.088098507116","881.634129609675","917.228038617529","954.123505414634","994.492241963795","1038.71192767783","1088.76034728831","1148.68153852071","1228.08927619923","1301.08597549864","1381.73754223953","1463.3379666846","1564.91068311647","1666.40086189871","1774.63585203672","1890.27861294875","2006.31195444447","2121.01339097363","2234.76098741846","2351.57441747595","2459.97874636195","2554.95638019245","2529.74622698761","2556.58912640405","2589.05015191628","2648.88726608035","2721.07810663122","2807.25374437797",
"Lebanon","LBN","GDP per capita (constant 2015 US$)","NY.GDP.PCAP.KD","","","","","","","","","","","","","","","","","","","","","","","","","","","","","3934.02937659685","2218.62643641084","2752.72442253257","4031.19474543924","4595.5808332577","4992.69878232449","5301.41584672248","5542.2265103529","6054.52911921482","6008.75855385657","6120.45672717024","5982.41788354308","5958.97836750301","6085.76041420146","6207.24133893746","6319.76518298647","6633.75258002393","6707.18024635316","6696.37428200596","7179.34520092306","7701.29823027979","8375.48851252821","8955.54336184707","8936.20027462737","8920.8056984673","8443.53856528784","7830.4151113336","7714.1099998804","8019.1416913426","8305.57405425721","8388.7235123835","8064.04873416236","6440.82843092922","5973.41933892988","5909.03651555028","5834.63415739394","5391.22914209501","",
"Liberia","LBR","GDP per capita (constant 2015 US$)","NY.GDP.PCAP.KD","2444.31469526757","2443.49659480131","2415.69266041905","2409.4954202823","2470.56791446524","2524.01173421628","2650.22595716575","2758.08976875735","2816.84664683349","2945.89004216618","3062.76012670052","3133.08794246405","3181.18745918364","3029.07698774212","3089.60241101354","2902.91706211827","2974.92235227576","2938.3808063932","2991.43152973263","2999.25307157856","2792.03699789523","2653.14625045204","2514.92132162384","2394.57437804073","2272.71154024111","2185.92809767452","2085.95288219421","2005.365759545","1908.45304051582","1360.08049123405","754.134009462384","735.180658658157","450.538677691808","290.388920233659","227.742776021788","216.093554614513","235.435058248512","449.286058616964","528.670341826706","609.040903258705","754.850917360951","754.422355762017","762.716393927064","528.567395543421","535.995882066218","539.665378841936","551.377446611852","574.609394348543","591.185378141907","603.256211077605","621.783295071575","646.908727016597","674.360011422232","717.007280358975","707.157694930142","692.590082351257","668.031513175601","671.260899835355","665.875439637137","636.699384824869","605.025475431411","621.927983063426","638.005183858289","653.329188343162","665.101337624192","684.038392553354",
"Libya","LBY","GDP per capita (constant 2015 US$)","NY.GDP.PCAP.KD","2818.01054981575","2971.84367839673","3777.5309453831","4893.76778426124","6843.4814499726","8525.2050717474","9863.91368888797","10676.1021152589","13891.9893383714","15230.4046797114","15460.2338332372","14161.8807376114","14950.5563277566","14659.8970274195","17044.2198549165","16770.0269191519","19473.6763289922","20018.4295248634","19521.5919192401","20077.740120192","19090.5503735732","14587.3858912799","14580.8924435817","14242.6127542805","13328.5893545722","13975.0974777952","12022.664788855","9976.13024516634","10458.6701898418","10940.1407021471","11085.9439949716","12541.6926152482","11949.2275026865","11274.3452230872","11280.3829303475","10839.2802241884","10891.8055687803","11284.7780739062","10722.8700734717","10643.1452796026","10853.8059516526","10467.8776146012","10170.3095776338","11267.0627623548","11529.1086646221","12628.896152656","13176.7758911904","13712.9602583972","13403.0004645911","12549.0854345521","12913.9334939386","6569.59477578957","12599.258882136","10126.314927806","7644.24843947404","7458.48917756374","7236.16409923502","9435.60060040046","10020.9165751361","8768.4104874586","6102.79864032512","7731.35448152581","7002.68189296358","7630.49664928174","7696.0807819319","8634.47963250683",
"St. Lucia","LCA","GDP per capita (constant 2015 US$)","NY.GDP.PCAP.KD","","","","","","","","","","","","","","","","","","4232.4586355695","4600.42587188172","4706.08425966862","4533.61559072062","4745.07534839001","4768.47313298112","4926.91157454487","5200.74079176013","5540.54774876871","6238.03997462967","6386.06815363835","7178.18209891858","7736.20939060312","8418.43121970586","8349.33748060159","8879.90075764079","8800.62691819002","8808.68294405759","8822.50069854295","8945.86353079673","8759.56755308065","9183.3516374622","9306.76032489833","9198.93894352203","8795.54582090658","8755.45939353129","9054.06778374517","9637.37801390276","9527.58469430542","10045.6504032593","10147.4432459936","10583.4310172598","10219.8024011561","10191.3146827694","10576.8979743596","10517.2777635533","10279.4155096001","10369.9382566513","10334.9860823918","10644.1612913407","10960.4843512477","11233.8883578457","11077.9479823807","8512.8183987353","9447.30059244639","11258.6110790564","11665.6826047818","12190.7970890156","12093.5634639167",
"Latin America & Caribbean","LCN","GDP per capita (constant 2015 US$)","NY.GDP.PCAP.KD","3336.09849978851","3440.62843260193","3497.3451095166","3475.37394702749","3633.90923820089","3734.91649105465","3811.06700096944","3871.69536540048","4042.74330293155","4201.41143641579","4368.76895644875","4546.84559165012","4746.07468327602","5002.05916630699","5181.21778457161","5243.46149618509","5406.36732641272","5544.31825755325","5660.68710329357","5930.39262995677","6163.50019540467","6100.37843881745","5965.88222991808","5693.12699836674","5792.78837630556","5846.70422997261","5933.46702319181","6011.79097674797","5942.55235361195","5900.59354487689","5780.34172313624","5855.46409921569","5905.37490595971","6050.45227340859","6247.9278373966","6202.56295451153","6339.81804281942","6580.43309160395","6667.95349314381","6601.9586547179","6741.98165315129","6684.04487881254","6609.4435978908","6668.85196382399","6962.74810727734","7160.6891743433","7448.5139089453","7751.39723773622","7945.57320353123","7676.11101980124","8060.06410621954","8324.64861785153","8454.76965680889","8594.86059532881","8610.20897998125","8546.91790238019","8404.73192746461","8458.43713679231","8489.65331062758","8447.71177421698","7812.95729980292","8317.64330039219","8606.55427761644","8736.17680385723","8871.53601669473","9017.47873959526",
"Least developed countries: UN classification","LDC","GDP per capita (constant 2015 US$)","NY.GDP.PCAP.KD","","634.150541263816","665.585071397084","662.640201313228","669.601112279656","677.081160745846","682.143801514414","671.818583852607","688.160112911725","692.786858813282","671.405342899291","667.378483313456","642.504146991901","639.999157996374","658.426003734652","645.591018555404","654.662728806993","651.873825523525","645.728039336213","640.726495043954","638.365154116042","639.121917278614","629.447646732801","622.815492435593","620.715141503481","614.777714888648","618.929849587328","628.513964690949","630.543800938697","625.606622739663","609.61031629094","605.730854051385","591.416200084222","571.901701870106","560.31326209722","577.248136712146","593.934210542038","609.774180333513","618.447646923654","627.454384518701","638.717166705897","654.239496984006","672.754876647406","690.027993459742","717.770654491983","752.662444138539","785.207477962037","822.870375237203","855.844899163499","871.259636862048","905.393997038056","911.315681048424","919.308093708723","952.21846887207","979.669421273234","983.414934367096","997.08869308831","1017.69408591328","1040.23273178411","1064.77726218382","1037.73611237248","1041.81864393151","1066.56260269683","1074.29165043316","1090.57292521647","1111.70616607056",
"Low income","LIC","GDP per capita (constant 2015 US$)","NY.GDP.PCAP.KD","","","","","","","","660.50514514877","665.348197387162","684.654926384689","686.093744279189","700.001507287152","693.605579147456","685.425733816164","705.71259735402","705.573798309514","710.200987522268","711.418002982517","690.025688315129","675.240446984883","676.638284679579","683.287344650323","675.049893293447","667.394991045519","643.952310129337","630.983649350997","630.026475705315","644.423865193795","649.934257785237","631.698376693345","597.22505012217","590.090795408064","571.934987077852","560.451938451747","552.530760955069","562.94573785404","577.321996457926","594.309108135498","601.897051614663","600.069171284173","602.574094429821","614.079824853581","628.341950518703","636.681570479962","658.395846852181","682.309740241321","700.508162576728","722.632713618076","741.11779688869","747.424359964627","778.449884465119","759.660124185919","716.09065527899","726.823062758041","736.000091581386","714.836450326294","708.867855344742","711.73676445834","716.409588833122","723.841947800285","705.636008447738","700.702189041902","707.920608976212","697.417753503119","701.876749725515","719.742252064173",
"Liechtenstein","LIE","GDP per capita (constant 2015 US$)","NY.GDP.PCAP.KD","","","","","","","","","","","","","","","","","","","","","","","","","","","","","","","","","","","","","","","","","","","","","","","","","","","","","","","","167187.15730982","","","","","","","","","","",
"Sri Lanka","LKA","GDP per capita (constant 2015 US$)","NY.GDP.PCAP.KD","","659.300822676925","667.982821305629","668.240296443306","677.506013342307","677.922046429394","694.984305802221","722.082631704975","745.825189330279","784.804405511424","796.868367341892","790.251931983341","771.199689813601","809.714792993096","825.38633883481","860.222494630852","872.947233120004","900.976972568743","934.571057054133","976.036290241743","1014.42361893248","1054.38566444869","1084.60957012097","1129.27072053948","1182.77526252586","1233.7341803135","1272.15733751784","1279.04223115686","1297.45961601966","1313.41060050301","1388.58951567963","1441.62996544401","1481.33109855023","1556.88467169768","1620.29120747596","1681.35052898879","1712.0081548794","1787.41017656806","1836.3894592448","1880.10677681974","1956.93310021177","1896.48251385291","1951.22522418199","2052.03044701403","2149.10628192765","2268.6880085282","2426.34872826822","2573.54361719411","2708.58593724377","2787.27350463737","2993.01410960302","3232.37349786435","3484.79048392653","3728.93585962083","3929.92061307909","4057.71582716521","4214.74117217382","4436.00789131029","4493.03574617534","4455.78188788143","4227.23314530167","4357.97224978578","4033.14560306744","3977.13564995085","4198.74513727898","4439.13556608479",
"Lower middle income","LMC","GDP per capita (constant 2015 US$)","NY.GDP.PCAP.KD","560.941453981773","564.178263317217","573.067023401684","592.152758021288","619.855806382697","617.024696265832","609.194123812935","602.918755329782","612.752177994444","643.539790279732","676.28523729318","690.537065376267","683.939544187052","696.467000226186","712.039693590244","717.053372966418","737.195085336611","760.418128843902","767.337914583948","754.322784278907","766.91616015716","757.31150281662","752.778689755637","743.939086215516","752.90011868256","769.348940174788","780.442421327484","789.267488370481","823.374670451154","822.769960697462","845.388843665815","847.364643123572","859.210354883796","855.331777045569","865.083691250641","888.100814039198","921.763540474801","937.372146748234","960.70291102976","988.585591140109","1007.37198688175","1030.54420640333","1049.89413115325","1086.00605228519","1145.84385452204","1202.55943524109","1266.02252397216","1330.22942300294","1366.54442487547","1423.32868147908","1490.64568864373","1533.95313999788","1584.66060846163","1645.19191940054","1713.01012069776","1780.68853695471","1842.15082274922","1902.90019731087","1968.63004426859","2008.18880063209","1897.7170729304","2001.03941041582","2100.10158614282","2182.51186143558","2270.11004592826","2374.49400143309",
"Low & middle income","LMY","GDP per capita (constant 2015 US$)","NY.GDP.PCAP.KD","812.849891175508","809.718060364582","823.011089427925","841.04421483891","885.626630774421","916.375701159415","936.860863651318","943.109021652349","976.180063183323","1028.1862253105","1082.25880686488","1119.94122090771","1159.68948811131","1210.25240877712","1253.07427753868","1277.53658351086","1328.63238431981","1360.93730637363","1381.47704343805","1413.79660338546","1447.86560624491","1444.48422375498","1454.09563756455","1443.69702030904","1479.42272348323","1512.39295918274","1535.77982308562","1573.58185352924","1604.74263958266","1616.31245876473","1633.44000577146","1649.20626301724","1687.35610436952","1738.78861227653","1794.63152593627","1844.78915360747","1925.38250705496","2000.38706289156","2031.96358933766","2071.12473717276","2151.76974084658","2196.36804936148","2264.73090350902","2360.95764512632","2507.18197955636","2653.8201446199","2831.5291839446","3039.02649139576","3174.81724219519","3254.91684838707","3469.80590095764","3638.55326608162","3784.75096839907","3942.47943622101","4089.19933719999","4223.77742891002","4363.46432262705","4534.54734531501","4699.02853867183","4833.03178169414","4723.43743275583","5019.23390795338","5170.6906311666","5358.98340901979","5539.32895443457","5731.83217704224",
"Lesotho","LSO","GDP per capita (constant 2015 US$)","NY.GDP.PCAP.KD","262.740430477896","259.766244822179","290.783296423173","312.241145215823","328.198191287611","325.590538885237","314.05528569707","336.08707480963","322.801616409112","316.095837742896","311.547635974626","316.016165909906","304.474412653521","371.74336550207","398.583050725907","333.011647916614","358.129667050375","423.805354129932","487.351455588325","487.16604508229","460.201617282317","450.102526288964","456.70895712652","452.520331729117","464.085693764499","462.892172294155","472.432855957162","465.473147313833","494.921891483579","513.106302889949","533.824964193999","560.884905718596","590.008212092485","601.55791413154","628.960051227201","641.758711944969","670.469581774155","689.806218455005","696.935973937753","698.441087182066","725.263668707773","752.243212493971","760.033443180306","798.540500554454","817.793597897186","853.960500629797","893.750686627156","927.26863327342","971.881366821351","952.747929746529","995.233432451681","1031.99721564343","1086.39034816283","1093.95323489272","1100.04993684215","1121.19851342518","1147.58748801671","1097.82166812752","1068.44462913373","1040.99351014117","944.834128375429","955.221236301503","967.51928598325","973.116561960912","1012.59379523386","1021.35104816239",
"Late-demographic dividend","LTE","GDP per capita (constant 2015 US$)","NY.GDP.PCAP.KD","888.504387306868","853.916132126876","868.026565878814","883.479774074679","926.35428768422","966.450007661764","1016.29093827317","1011.04550463057","1039.46361165664","1116.63116200752","1208.99640521933","1281.54789978926","1352.94352420995","1455.55420250178","1498.75061910695","1537.06285224991","1612.39609915263","1688.88106296894","1774.98351363457","1885.23959289272","1994.51404941519","1969.29914911147","1977.07556595894","1982.19476195671","2107.07966531775","2227.2715206515","2321.17563138955","2432.77985607978","2518.61183770836","2598.98800115715","2570.27051786487","2550.86719421418","2541.28556724785","2622.24399599026","2710.13792594915","2834.79718591863","2950.25039508082","3086.94333971063","3146.28317366963","3264.69765097606","3466.77132065183","3620.40152506982","3813.47993525517","4049.32719801138","4353.94772044713","4664.00553113974","5065.16601889118","5546.15574148121","5893.64125969097","6076.71969051382","6526.90643063144","6951.29551622392","7306.62850181868","7663.56295285725","8010.17156732513","8331.63288950883","8645.98435648163","9041.12377451984","9481.1203747958","9886.1162980852","9878.26644474708","10610.2084233095","10941.9407766362","11414.6924038042","11918.0405122553","12440.5129765472",
"Lithuania","LTU","GDP per capita (constant 2015 US$)","NY.GDP.PCAP.KD","","","","","","","","","","","","","","","","","","","","","","","","","","","","","","","8333.35060476781","7847.01714085874","6185.53516623455","5206.44260647022","4730.69620782245","4924.09667530707","5211.10025197912","5685.44901491024","6154.17245640636","6129.99843995634","6384.30865426374","6854.52512826671","7374.0979710116","8218.69336289848","8851.92598922347","9692.86853763267","10577.2145522871","11889.3545234657","12324.5197331387","10612.9204044582","10884.1161852582","11836.7200384033","12516.6184065667","13145.8069309969","13753.1895982305","14269.8039878287","14823.107153522","15695.9993288456","16604.9021440809","17431.7239081591","17443.65526328","18572.2895051093","18873.8427527274","18748.9302647191","19205.4152293136","19762.8342142819",
"Luxembourg","LUX","GDP per capita (constant 2015 US$)","NY.GDP.PCAP.KD","27862.675834817","28667.3067311773","28703.047948503","29383.2908512794","31341.5619231648","30759.2865425734","30876.3796196715","30841.6917877095","32050.2691476033","35074.2798920936","35515.7224522674","36116.9305153704","38035.7978774611","40744.9969610365","41911.2430319972","38731.6570541752","39517.1731679619","40067.8592357291","41625.8544696349","42502.5552316585","42707.6494595092","42347.3375168142","42791.2621593912","44058.6362377646","46736.4543493136","47948.4434191294","52499.5072976028","54221.2112555899","58384.9152871371","63485.0197151683","66030.6478306937","70783.8040436531","71120.7911006759","73120.1504309245","74887.1941112367","74900.1497246575","74920.5623621812","77997.2016345512","82174.3606082355","87700.5125529005","92533.1393756479","94249.1625853478","96275.0321314871","97603.4028137275","100296.956996628","101226.109631791","105618.332853323","112422.146493735","110096.656683086","104576.122195434","106545.854916218","105292.012346074","104489.298083328","105340.41498623","105585.401767492","105462.012584423","108351.452194449","107142.05542835","106788.661202756","107591.899505248","105274.182260744","110873.115269021","107467.123965307","105422.764660192","104147.111291588","103292.144703636",
"Latvia","LVA","GDP per capita (constant 2015 US$)","NY.GDP.PCAP.KD","","","","","","","","","","","","","","","","","","","","","","","","","","","","","","","7622.69859894915","6694.19920788241","4607.11398959129","4464.72137528124","4639.50575611837","4661.66840092451","4822.90414861125","5317.97997604979","5719.98918281481","5929.26767237825","6336.38296707987","6833.4354323157","7443.22944659059","8149.00183600084","8957.23393555082","10106.2626157732","11507.4648265658","12810.0409502542","12506.6945041012","10675.425174228","10500.8666223014","11018.5152421583","11971.0107466522","12353.5386135301","12731.6771959342","13321.9753140616","13787.3367440023","14382.8612727134","15120.0698171804","15328.3859933295","14900.7295718866","16070.1680032322","16421.3748596","16229.3844520245","16376.2565245797","16892.3660713745",
"Macao SAR, China","MAC","GDP per capita (constant 2015 US$)","NY.GDP.PCAP.KD","","","","","","","","","","","","","","","","","","","","","","","23029.931281133","23959.939981358","24741.8204812446","24333.6874271768","25405.9483374117","28015.2696437855","29328.9300459386","29940.476374969","31378.8304183133","30982.3788289054","33280.8531405232","33812.6326064638","34113.7531646476","34162.0125862687","33543.2536281767","33273.3263570517","31376.4225649646","30270.8085696141","31772.6302531656","32441.6760183581","34967.8914561813","38581.6976189322","47665.9330386643","49470.940295748","53240.2045750276","58376.1176047275","58146.3285846714","59528.8350159491","74195.0577762344","88168.9713699088","93192.885853941","99054.4980289716","92383.8434915276","69902.9605741233","68391.3415491921","75650.1261840452","79178.6506290559","75724.6078280261","33853.7761550109","41634.2386139903","34000.7134128308","59474.3964251614","63377.2932129214","66444.076973858",
"St. Martin (French part)","MAF","GDP per capita (constant 2015 US$)","NY.GDP.PCAP.KD","","","","","","","","","","","","","","","","","","","","","","","","","","","","","","","","","","","","","","","","","","","","","","","","","","","","","","","","","","","","","","","","","","",
"Morocco","MAR","GDP per capita (constant 2015 US$)","NY.GDP.PCAP.KD","","","","","","","844.244873046875","904.050476074219","966.91650390625","1020.01104736328","1039.61254882813","1069.3251953125","1068.21313476563","1079.19360351563","1112.03527832031","1167.787109375","1263.17102050781","1306.12939453125","1301.05102539063","1328.20642089844","1340.24670410156","1281.85180664063","1359.98828125","1343.30456542969","1394.10388183594","1442.95849609375","1542.61840820313","1507.19995117188","1654.0068359375","1669.73254394531","1695.63647460938","1786.76281738281","1720.42248535156","1680.71044921875","1830.88061523438","1705.4482421875","1886.67224121094","1828.96862792969","1931.74047851563","1935.47875976563","1957.14135742188","2078.96606445313","2127.50708007813","2229.576171875","2301.08178710938","2342.15478515625","2489.99291992188","2540.615234375","2648.58569335938","2710.66650390625","2767.04223632813","2879.53930664063","2927.45043945313","3008.185546875","3051.458984375","3146.24780273438","3124.42504882813","3242.64428710938","3304.7119140625","3364.73950195313","3090.89428710938","3309.130859375","3334.91162109375","3421.21704101563","3516.15405273438","3643.8095703125",
"Monaco","MCO","GDP per capita (constant 2015 US$)","NY.GDP.PCAP.KD","","","","","","","","","","","72837.689404844","75563.4913360894","78166.2666242185","82591.4749422556","85729.7692879639","84013.6775922963","86381.9754388114","88164.3594228972","90506.2955443489","92704.9241426782","93468.0194964091","93739.1375755131","95085.5584399553","94848.6831900725","94912.4728109661","95274.2669683326","96396.1831010906","97606.9041131184","100947.007030979","104091.04585503","105878.32303218","106020.668083439","106557.974098359","104739.74521362","106244.848706403","107691.036957759","108107.402207478","109746.977932279","112873.551469376","116084.526849631","120456.449755199","123122.065080301","124481.821747795","126022.179894764","129403.344170518","132253.156279139","140615.112736683","162028.404533603","163243.675530457","142375.465128834","141814.720026733","148272.642343465","146472.609057682","157167.901201149","165288.122704322","170437.021128628","173120.108465128","165781.701248644","173041.679774743","185582.66851648","161262.850134167","194674.686164262","214359.505134575","225884.077199125","247170.10380708","",
"Moldova","MDA","GDP per capita (constant 2015 US$)","NY.GDP.PCAP.KD","","","","","","","","","","","","","","","","","","","","","","","","","","","","","","","3740.10149814887","3137.8350172715","2225.17356234959","2202.16445303219","1526.42524496526","1511.95831765054","1425.9518091471","1454.80861555923","1360.18161095544","1316.43254916007","1346.91567176561","1432.2768928234","1547.57421231612","1654.36629303195","1781.19145323724","1919.44550763748","2017.17730062908","2082.51260097669","2249.22589719372","2116.94357544097","2269.51116145996","2402.94446306051","2389.08666147529","2605.85029986142","2737.80185056647","2749.55137054338","2910.95486872376","3085.33305844263","3267.9961042872","3438.67732670712","3188.91691602699","3688.16729442144","3610.14315344719","3758.3688194082","3855.56940382925","4018.62792468597",
"Madagascar","MDG","GDP per capita (constant 2015 US$)","NY.GDP.PCAP.KD","812.250361890455","807.540073151815","804.713147422012","776.884057825641","787.058949603953","763.403670639472","758.928205137102","779.716062786951","810.5066908574","817.562921868275","836.540881714049","844.493878879637","809.524118883836","765.217007612961","757.532392832002","744.310095866488","699.987924820762","695.149219761086","656.398369596654","699.485480907614","685.100689761521","599.781047690351","571.230461402833","559.661168899672","553.131009938747","543.513684745557","538.491952606661","529.509105998087","532.03346958824","537.840431033529","538.536275056569","489.716098120013","480.810932444988","476.159733326381","461.397665709464","454.537946632781","449.6280870806","451.303199370831","453.886174768872","460.034389996571","465.529509827021","478.40561494987","406.70122213637","433.601040301214","443.278654985967","450.955230911228","461.540337897729","473.785462328449","490.963935389518","457.789754866068","447.417143030687","441.755158414121","442.641500123543","440.674658903628","443.343869908205","445.320069480568","451.15659433146","456.851859574031","459.330367799543","467.27741349648","422.924255422319","431.599103077746","438.438112102315","445.874102052267","453.957809653992","456.509679348005",
"Maldives","MDV","GDP per capita (constant 2015 US$)","NY.GDP.PCAP.KD","","","","","","","","","","","1525.4528649347","1556.67751384378","1546.53448656181","1524.56080029038","1565.19579168738","1398.10229490993","1364.84005073968","1474.39229567","1645.11075211615","1772.85528875554","2045.0559250915","2222.32522307441","2096.02642325024","2371.53402483477","2927.92105239301","3273.18636026516","3456.5941382646","3632.50000398903","3819.63284883474","4044.45259782556","4582.26127944099","4507.19492955077","4671.99639313801","4803.909904607","5053.64633599107","5580.26342049427","5888.07241870662","6254.75856992657","6599.87173747822","6889.01246088686","7037.08546104613","6647.6503820039","7012.25568873173","7845.29307409315","8174.41607301248","7141.88377049891","8620.72814678183","8933.17166363858","9396.49733610486","8313.4098369723","8569.52494600725","9005.81391375104","8907.66134868182","9213.32791442475","9612.07861806739","9644.90655028145","9909.07669723415","10263.2991147672","10793.8941325367","11194.9253748064","7295.60220956454","9759.2219360708","10939.9963271738","11439.5364342871","11798.791369146","12498.9542918516",
"Middle East, North Africa, Afghanistan & Pakistan","MEA","GDP per capita (constant 2015 US$)","NY.GDP.PCAP.KD","1555.19277224422","1608.55445848905","1652.01846170697","1778.3773073221","1896.69255938172","2063.9842181374","2141.69528759142","2243.50041384167","2449.10718852205","2628.50075682183","2999.78149619469","3178.50233407541","3510.40559096123","3791.67938148735","4004.34028329943","3891.67198940814","4297.41177843743","4326.1483506118","4185.5604170235","4285.37754034546","4212.45289161138","4102.71291140821","3924.41509906466","3786.08938359032","3670.61388975765","3576.24850830789","3412.81135433577","3340.85141630567","3315.32669020878","3341.30313763445","3508.19424718403","3486.08882647333","3599.34906942608","3588.00367022595","3604.01285467755","3627.72667977763","3720.32161027136","3782.11560039676","3846.59377659244","3860.77788027913","4011.77398465932","3997.88013509715","3990.90379834447","4079.82924310156","4300.88224696943","4421.56714645457","4574.7429671738","4700.75513970204","4792.09091697074","4733.21861400545","4856.62716897561","4930.78647700097","5027.92406494544","5037.81336990196","5091.0962863676","5130.25978607342","5264.32028463837","5284.96625263466","5326.92749664004","5321.15148636731","5038.99715364181","5215.44015006661","5446.99294793607","5463.85312225795","5485.38728777077","5534.87366579572",
"Mexico","MEX","GDP per capita (constant 2015 US$)","NY.GDP.PCAP.KD","4145.7930218096","4219.18150865952","4276.14326505314","4474.72750860693","4845.87442776407","5021.34799285334","5153.81469084834","5278.1082201842","5589.05119195572","5596.39687788976","5774.77045921641","5809.39879113389","6099.20317385848","6385.19714668136","6559.30112731544","6740.62499347658","6845.37111745706","6888.57894639639","7309.60711417928","7814.54966727278","8290.28898920873","8875.07151181967","8676.57130964166","8098.51642167462","8207.92337530335","8194.16249381362","7713.61215359658","7716.49731730638","7657.72747539452","7783.80581006403","8036.86114405886","8197.01179488111","8330.26426795593","8411.79621331335","8623.48043000831","7970.64038489585","8320.65295687947","8770.8448154628","9161.89527775798","9264.977292523","9581.96970202823","9398.35074347946","9242.27886122367","9221.99666685464","9421.28976132695","9491.51730268004","9813.82804186659","9877.69532636562","9826.34218448486","9074.11881448129","9389.06722076504","9575.93437734618","9782.51776251839","9738.71059661101","9862.4812534745","10021.2386113616","10100.5021195819","10193.7727188313","10296.8690940459","10159.4448367696","9234.64362226594","9728.05680024504","10013.2479227064","10234.6840265651","10284.0336925726","10256.6867661121",
"Marshall Islands","MHL","GDP per capita (constant 2015 US$)","NY.GDP.PCAP.KD","","","","","","","","","","","2038.67199289836","2011.13806385346","1979.85303434478","2587.94027907734","2900.13630613536","2806.68563126099","2726.44598645498","2704.13846484627","2766.69030511298","2737.49266931199","2454.9977903425","2511.56866664584","2524.11369284666","2797.12547757893","2788.85704831238","2510.70662853208","3005.51720714758","3162.8043989419","3288.88849507337","3139.41439911898","3148.09977817114","3085.93530547753","3247.85289298957","3391.38513154821","3544.13564721663","3791.20498901919","3365.11122501281","3117.27400069023","3067.73739364805","2997.54989841042","3040.59677355737","3224.7911898754","3322.41127856101","3256.97244330835","3234.15265200518","3284.78403267445","3285.12078781351","3403.47842798117","3146.26177205458","3262.26955535477","3441.31888402121","3433.06297801838","3420.91444796671","3602.92811901896","3620.77275283155","3764.34426229508","3946.8444109078","4190.93468589482","4542.34293916308","5162.81500670348","5172.57528216176","5455.31704015278","5591.46393193103","5460.11795915213","5832.53435602429","6173.86031641034",
"Middle income","MIC","GDP per capita (constant 2015 US$)","NY.GDP.PCAP.KD","830.031737518987","828.543469041221","840.080851406158","859.482104151199","907.534516176338","939.962727334815","961.547785392156","968.369030043736","1003.32753489963","1057.65994356473","1115.1225339744","1154.52660155036","1197.19631484903","1251.5083741719","1296.18247251819","1322.42697595265","1376.81794591408","1411.39791061422","1434.79538626621","1470.45754066837","1506.76818624943","1502.69028601975","1513.537939497","1503.24228161878","1543.14812681737","1579.52961445133","1604.95854589925","1644.95566839619","1678.41443881922","1692.37573132294","1713.14651508456","1731.12776931164","1774.32204583698","1831.77113701958","1893.68453683785","1948.22812061808","2035.52196353461","2116.67073164934","2151.74900036644","2195.88391047029","2284.57379722884","2333.7499198409","2409.04026387917","2515.39133887836","2675.18961309519","2835.73705982702","3031.32395605497","3259.67210709256","3410.31647387697","3501.39817047288","3738.48355881277","3930.18409635282","4099.73864141949","4276.70136715966","4441.95318528448","4597.60474958281","4758.47326248274","4954.25658592079","5143.80804206815","5300.45479347584","5189.15700851441","5529.07594077267","5707.56983867332","5930.65300014784","6143.92793992414","6370.17472169135",
"North Macedonia","MKD","GDP per capita (constant 2015 US$)","NY.GDP.PCAP.KD","","","","","","","","","","","","","","","","","","","","","","","","","","","","","","","3534.32265095546","3328.63950847977","3146.02235459166","2948.27151752275","2917.05894611342","2876.0722287817","2889.88516353778","2954.5238308875","3038.13983382569","3154.84918240006","3283.37934095351","3169.32514368931","3240.11064526089","3307.92040834712","3473.76544811451","3657.56307699216","3866.74650622977","4140.63354809364","4392.5507164151","4405.20045750867","4582.36517512347","4711.13027870081","4708.05168535923","4863.68088666968","5053.75001236367","5262.68671928674","5429.94678358359","5510.81862920922","5698.39334484489","5961.58475399191","5743.72649424581","6064.92315120022","6250.62720952063","6423.99221393369","6628.84686594032","6872.99649733602",
"Mali","MLI","GDP per capita (constant 2015 US$)","NY.GDP.PCAP.KD","","","","","","","","513.940886348933","524.932345516454","518.077363011379","541.218632568455","546.290613248703","568.782332688285","550.872855338743","532.892656755871","584.242915257345","652.038467051743","680.721255932719","657.893225953813","711.946119364869","667.105922219684","667.725533547502","598.548453287839","572.094412286836","544.215667495735","603.792264356221","588.187728596192","573.572204280431","624.555381780193","635.07828701788","589.775405883668","651.363081547235","606.068363319514","619.374429343318","640.081008921427","630.924447490876","656.777675999074","668.480326665269","695.126372030565","707.881746305403","682.497420451512","766.960343250964","766.073669039402","814.808466518784","800.501816705242","794.373328212082","797.10053288464","784.893915013531","787.156518982091","803.486738930068","821.181286586904","818.399030997125","786.323471337187","788.819448208696","813.97566128646","838.11986940103","860.75307554569","878.561348378099","892.978322787306","909.751069706998","872.389426815267","872.332509422409","877.817842434642","892.689219532429","910.300376300627","933.797527588101",
"Malta","MLT","GDP per capita (constant 2015 US$)","NY.GDP.PCAP.KD","","","","","","","","","","","3133.24333877244","3209.60268025718","3399.79767466829","3543.68714188758","3901.97992864613","4631.07489687832","5391.64338792318","6025.00425889495","6628.11085826257","7249.59519476197","7679.71730114961","7875.92297738045","7884.88867120687","7726.92163483316","7798.10996957823","7860.40532880415","8030.48844120651","8303.20901661104","8928.25441226785","9564.95604950887","10067.7473125276","10413.1745543774","10789.7618108966","11161.1923768418","11682.1516222446","12336.7855166478","12719.0092297471","13286.7107759756","13877.2477535633","14446.3492424862","17178.3693621174","16920.7229743513","17255.4217709726","17775.4180936551","17728.3576050982","18123.2601873346","18479.2043785147","19342.3162783941","20064.4517895547","19635.9067186725","20750.6382477568","20867.9213022084","21529.3882643778","22626.4876843887","23866.0555833557","25529.6693210673","25969.4999809345","28546.6464943104","29536.7913868949","29522.6480165028","27861.80732148","31419.5031714693","31447.3917315418","33429.8172092336","34501.7892727094","35196.832938458",
"Myanmar","MMR","GDP per capita (constant 2015 US$)","NY.GDP.PCAP.KD","129.772040231178","127.564281190731","129.887941416412","144.000792900245","132.522439576165","143.41721780798","133.398254665006","122.678900960351","134.388136936628","135.702756195556","139.275133597401","141.823799627108","142.104344664286","137.829004501709","142.387514060567","145.457960079312","151.381528101688","157.337620355275","164.35842013127","169.599433098917","179.588600928215","187.439973498442","194.360862265949","198.973143501783","204.503943959468","206.179024168361","200.215576805336","188.871667527298","164.700416639705","168.113854204979","170.233436726449","166.710439947526","180.333227417253","188.680525344668","200.124788541397","211.265635944507","222.013359775898","231.587954116039","242.132148131424","265.455335144782","298.590464506047","328.973872708996","364.855800192477","411.498764121919","463.330135715332","522.099544784661","586.085579927418","651.729730890268","714.620419017338","785.634853157894","854.932478016035","895.512538750361","953.123081923425","1024.69060473254","1099.24387750099","1166.73305546337","1225.37913970989","1290.5640902569","1361.5683126412","1440.98988236734","1301.31386350667","1136.9956605414","1174.76697945755","1177.76649645563","1158.47928097728","1127.91745429427",
"Middle East, North Africa, Afghanistan & Pakistan (excluding high income)","MNA","GDP per capita (constant 2015 US$)","NY.GDP.PCAP.KD","1025.38298657978","1037.09843403821","1037.27821820517","1123.89776452752","1205.95821589267","1317.89238186063","1374.49749642164","1438.34888954776","1572.8591229372","1698.52945842042","1795.86737981674","1844.88008519344","2009.05552500811","2061.02260908286","2152.25977010773","2155.96668895302","2410.34836695636","2379.80134512232","2267.85174265025","2189.81492604768","2053.89635410642","1963.19172081659","2111.73891496378","2144.26438949504","2081.18516138149","2104.81597689687","2004.62953100029","1964.67192074554","1942.02471773396","1939.0297229861","2058.34555190921","2025.6458674478","2068.6810843001","2045.06783370892","2039.87153116602","2049.57795043634","2120.58983432008","2143.40248593198","2207.69815279066","2248.28257970597","2325.17423873793","2340.6562424534","2365.65618222895","2376.11302385758","2501.78844532817","2566.78208916082","2644.58495698406","2738.10877611324","2772.41082301408","2788.71696885337","2860.92140660337","2791.2438124294","2833.14222876831","2810.83533998643","2825.61617270762","2808.6233441937","2916.70744518601","2965.75725456964","2975.07985684262","2963.20718256898","2835.4044930412","2908.15343616643","2982.78335555639","3016.25210020449","3032.00524250795","3042.41316868445",
"Montenegro","MNE","GDP per capita (constant 2015 US$)","NY.GDP.PCAP.KD","","","","","","","","","","","","","","","","","","","","","","","","","","","","","","","","","","","","","","4448.0424963957","4680.26362026027","4251.94145360234","4391.36753581801","4421.83790075206","4488.00506787032","4581.10485010973","4775.39661599401","4967.68285096118","5386.53580727982","5763.03765244158","6149.68269228913","5768.65438505628","5917.91510729977","6110.65726880215","5948.37632539014","6138.24865275199","6272.08821761355","6421.00005731419","6634.38197201003","6840.90834101224","7159.46778433252","7470.29237568568","6351.95187949313","7198.3012265441","7773.59958791074","8278.02461006262","8540.00427762252","8779.9654133509",
"Mongolia","MNG","GDP per capita (constant 2015 US$)","NY.GDP.PCAP.KD","","","","","","","","","","","","","","","","","","","","","","1425.47626748483","1507.62165500664","1557.43150759483","1610.00431155079","1660.20538347139","1770.29035350291","1784.58513378493","1827.38968091372","1860.84571911275","1823.45623781461","1613.69985423318","1462.6746723198","1418.0656069858","1432.28072706305","1499.26495210763","1509.32921132514","1546.08098489924","1575.67716165836","1601.31353865438","1598.31282040605","1625.46152259484","1680.65335337555","1775.64906676137","1942.36263694017","2060.26168223171","2209.74321787628","2403.72416258662","2576.71295838607","2498.72967493254","2611.67326563924","3010.81642672623","3318.16496597089","3628.90708069575","3830.35892049593","3838.92126989984","3817.91962716702","3956.2049437134","4183.85566447661","4337.8167085432","4066.03410882791","4063.53669849245","4205.88554513551","4456.53627552726","4626.79609644243","4882.24175477532",
"Northern Mariana Islands","MNP","GDP per capita (constant 2015 US$)","NY.GDP.PCAP.KD","","","","","","","","","","","","","","","","","","","","","","","","","","","","","","","","","","","","","","","","","","","24066.5361573445","24650.0405531909","24445.4618441919","21882.2927935415","20940.1619770428","20117.7037335229","18451.3905458787","15710.5807282039","16293.3059496259","15226.1308805108","15457.4258192247","16015.0349164338","16869.5270385638","17665.1007493109","23158.5744988538","28989.3470221339","23756.6075820248","21451.4401636511","15410.1186923944","16365.016735395","19461.8611129744","","","",
"Mozambique","MOZ","GDP per capita (constant 2015 US$)","NY.GDP.PCAP.KD","","","","","","","","","","","","","","","","","","","","","251.567549222861","258.850606099762","235.767482817497","194.645654684469","178.41568638255","176.854086200431","169.787799695594","193.956902454941","210.222304910608","222.043123475899","221.048981086396","227.4627362365","206.194607588583","221.624579964898","220.478583291331","212.086249862904","227.198486695187","247.184945629196","266.672705397492","291.560018665606","287.390630344484","317.185703581034","340.13537022259","356.521157404125","377.064958084878","391.699758163976","420.526462764726","442.049574057751","460.94729485679","475.788178051193","494.162859074785","514.869957191994","540.2945177803","559.393953685688","585.266716133984","610.563774706589","620.779714954555","618.397694360334","621.153734194787","617.13932000195","591.804059985932","588.215854695416","596.086630918965","610.591041611538","605.763481416969","585.682593109736",
"Mauritania","MRT","GDP per capita (constant 2015 US$)","NY.GDP.PCAP.KD","","1261.44123597108","1236.95982795432","1179.52783787123","1464.30309455243","1652.28152089762","1607.95446851145","1616.06513617056","1727.67246895311","1696.74542321005","1843.01278195638","1820.85858753104","1753.90315828703","1624.16498937737","1768.31152944707","1628.74113850579","1716.85143331303","1636.77484526533","1582.97502208818","1612.4373704665","1620.11239670427","1628.68327788979","1545.44016401408","1557.69912823136","1464.6394547048","1465.59471892512","1505.35291589832","1490.41855725381","1472.89036624524","1504.99148381034","1441.35013214637","1424.8845274987","1397.09016927143","1420.51487247759","1331.04721876353","1422.1984656624","1475.48821595821","1384.62072172965","1386.65535143801","1399.6677525752","1307.91078676112","1265.81694335882","1255.23785465583","1311.83928290699","1342.01926086998","1422.08355395812","1641.14052210995","1567.52103874761","1518.05671993749","1472.73229282851","1463.84763242531","1476.23923867862","1492.69966692583","1506.66419033006","1524.45340969502","1558.84205473416","1531.87725661699","1580.01453100123","1606.91539159026","1609.15396170643","1557.19511875153","1524.11753502309","1580.70391528747","1638.99221583023","1692.84166088843","1712.77993129076",
"Mauritius","MUS","GDP per capita (constant 2015 US$)","NY.GDP.PCAP.KD","1419.4048237128","1742.63480195363","1707.54621113579","1894.71941801169","1722.20936224283","1738.04305900988","1641.55350395725","1680.50632491575","1536.31604673067","1584.33693797369","1551.99104056835","1592.80449380777","1699.77405725823","1875.33814414293","2009.85912772063","1996.33505876265","2430.977340475","2548.34082885788","2611.60920494252","2656.80288459484","2349.54562004964","2451.15829590895","2554.48197864308","2540.81115429982","2632.51467939892","2792.67361590261","3041.39574405614","3287.12429156682","3486.28192093578","3614.16190844956","3846.40593009531","3973.88222302181","4177.36265335488","4337.92493399566","4454.5426070274","4605.76436655081","4813.64243758838","5024.11496458349","5273.4376456861","5342.7700968418","5724.49584395791","5869.56961565396","5923.09482066607","6228.82545560651","6457.90977761094","6533.89994300683","6819.92708580325","7180.23173197486","7545.15683789094","7778.25811331163","8100.95282599507","8423.28220250903","8694.84560747968","8968.51243536773","9297.64820128968","9630.5437837507","9997.89198315532","10383.8832682578","10805.4615213739","11111.3423669526","9533.5982796049","9849.34891121846","10703.2364271462","11330.7335655767","11918.8045212095","12314.5801796066",
"Malawi","MWI","GDP per capita (constant 2015 US$)","NY.GDP.PCAP.KD","260.372803776879","273.671621408503","268.930590447321","258.785106001313","259.238122939762","287.429237122103","317.619584182681","332.425655375486","318.047172486263","328.552929300512","322.094520458592","365.077375924135","378.037141418137","376.728815500011","392.972432824442","405.377974102106","413.438148179235","420.514723667702","445.993639511543","448.71641753731","433.515183153301","394.77170082524","388.989575970974","387.845329799767","392.970121764045","395.418720697156","380.298046902206","368.458072161033","360.182864554351","348.201112852441","353.771303717595","372.997561772469","335.726543539643","362.930995399017","329.584099900642","385.279714072363","405.397063690478","412.4131068375","419.313245170577","422.099909963762","418.592985038462","388.260039763569","385.308980237095","397.224846758815","408.064916052765","410.267979592536","417.877689776503","445.254305419586","465.55147298007","489.631418790158","508.088650552846","517.833736624232","512.74031797451","525.357645516557","539.562601918057","539.605363240686","538.221990810959","544.795729220349","553.528790902088","569.866249371948","559.447086086067","569.968967322435","560.635759714941","557.03523965791","551.95152347056","548.160446261232",
"Malaysia","MYS","GDP per capita (constant 2015 US$)","NY.GDP.PCAP.KD","1266.31525712689","1327.77650865403","1376.65800987085","1439.55490061108","1477.83156448895","1551.33616738207","1631.47589814079","1654.76507573676","1746.69654709275","1791.13966548692","1855.24673850886","1993.49999498673","2128.90738683232","2321.73809965247","2455.31271360892","2416.5134488266","2632.12032089303","2768.88534365126","2883.07107029481","3077.7893337814","3216.28778690077","3332.82000559163","3420.21717115114","3518.79492112604","3670.36601236602","3515.25505625205","3444.11713819558","3508.00948571695","3737.26006906652","3953.81471255834","4184.76072928976","4456.93133148159","4726.13789172987","5062.5911043705","5390.10167606966","5771.35211956083","6190.46429134886","6480.55649455855","5857.96702940857","6070.95621987091","6455.61419792583","6334.92795651698","6516.90671560155","6732.92049458099","7025.34558004381","7234.02442689141","7469.8106921211","7769.59693350488","7976.11785374773","7700.46111294033","8118.92270511981","8400.32248683558","8710.52671359902","8964.80724896203","9341.73055971278","9648.6797937523","9901.47960179812","10293.7629205362","10610.1950240479","10902.9834855856","10171.4657842762","10388.2667120857","11191.6511756943","11445.3925275079","11883.79127749","12352.373269671",
"North America","NAC","GDP per capita (constant 2015 US$)","NY.GDP.PCAP.KD","18675.0766938734","18796.7085730695","19651.4695926079","20228.062771226","21109.9995268423","22169.059353201","23328.8254379613","23648.732368039","24526.956216895","25069.538287534","24881.1654124047","25351.5064514063","26402.4081464012","27643.561116693","27319.8435522333","27024.9574942614","28213.9524546011","29192.2396326515","30439.7230836957","31076.447257431","30756.2662809907","31244.4631537476","30345.2227279423","31391.7272860516","33333.8769539955","34431.3049046716","35255.1252806257","36151.6084211842","37313.9972872298","38246.1085482125","38461.7145230764","37851.115056234","38572.5957430744","39120.6377006062","40219.6506550885","40817.0475938031","41805.246710235","43145.5200914419","44552.5012179726","46179.801663087","47578.0098430294","47590.3058980687","47992.7531590537","48872.9887267576","50256.4478409679","51517.6950673225","52436.4017613233","52982.1116719497","52571.5603822929","50741.9965051822","51671.5125292842","52118.7246769571","52849.308994613","53554.2762571962","54473.0949224699","55534.4614029189","56048.8982873869","57026.2780816387","58314.2046320345","59425.2842320485","57774.414970072","61198.2512363301","62404.6210602795","63532.0076871763","64506.5636066642","65507.5461256891",
"Namibia","NAM","GDP per capita (constant 2015 US$)","NY.GDP.PCAP.KD","","","","","","","","","","","","","","","","","","","","","3543.52830787347","3538.05908413962","3461.85974021427","3309.62139241894","3213.57377389991","3137.53895430851","3187.74903180322","3196.99658679727","3111.60654486305","2974.56787424784","2857.33777498196","2989.40001637296","3104.24536078011","2959.27503800966","2918.37740296161","2945.36226956201","2958.24060697383","3004.30804359997","3025.32668011049","3050.46098873323","3083.59657884697","3055.40444831936","3145.94566281247","3232.30589658857","3582.89503259701","3627.75059772278","3834.99894666178","3987.61796106565","4036.38187484707","3989.20711387651","4165.12990200988","4302.72451368462","4420.96741373862","4549.26759093897","4701.95694189098","4774.10650865775","4648.62713460213","4476.73324402105","4400.47537705743","4243.09274481966","3787.49943973286","3809.80753359714","3905.55135268164","3973.49010579998","4032.40150676649","4019.02686256106",
"New Caledonia","NCL","GDP per capita (constant 2015 US$)","NY.GDP.PCAP.KD","","","","","","","","","","","","","","","","","","","","","","","","","","","","","","","","","","","","","","","","","","","","","","","","","","","","","","","","30858.7237060533","","","","","","","","","","",
"Niger","NER","GDP per capita (constant 2015 US$)","NY.GDP.PCAP.KD","742.408910760982","753.981029403906","807.672762509411","858.546951094184","835.221509892938","867.904426539843","840.539531726947","818.380472772694","799.123593259994","734.9092210604","737.081602875182","758.401953641467","700.360678791067","565.626253176058","598.962615904251","566.675700752682","555.074291271365","581.701168587623","641.441821701708","667.364414151822","631.839702011287","612.157290468376","607.151503137229","566.647875215942","457.605845032569","478.48763243638","493.804077148173","479.510568113117","497.164557867416","486.865683851794","465.923889536505","449.719266854731","444.632775312455","432.184449587188","426.267506763664","422.523153898523","409.039358698404","401.724988110363","427.086030331896","411.735699209485","392.898616941042","406.923493665264","412.123793192578","406.333757497876","393.398781453199","407.190931059924","415.852022114801","413.419126261066","429.195542798877","421.650901333136","441.079166112039","434.986264873953","463.066265496402","469.690214200878","482.74524741946","485.662574175279","488.184823801581","497.172608329608","513.423699765289","526.60361746086","532.208221196997","520.912751008043","565.873385794358","561.960694711722","589.085643279512","610.375535148154",
"Nigeria","NGA","GDP per capita (constant 2015 US$)","NY.GDP.PCAP.KD","1454.98091927811","1428.11709253056","1455.81737398191","1547.48395499912","1589.68156021223","1631.55987468294","1528.59450365725","1260.72712413558","1218.43317476067","1480.04711892594","1808.39459104007","2018.17321464639","2036.693978214","2093.63873175724","2267.04408449537","2089.85507779218","2214.3226160701","2278.69721767682","2082.55279909937","2155.78965300242","2177.41578655365","1834.28760820949","1659.098143512","1440.01747782647","1387.92176005615","1428.92742820393","1391.47877234568","1398.24883299026","1461.19132231327","1449.68017647141","1577.19616627771","1541.59066261007","1571.1902261785","1498.958950378","1433.38861092416","1395.07488456803","1416.10189471248","1420.23877961219","1419.31770917937","1390.4692113901","1421.67987952016","1465.45720342369","1644.39518877708","1717.21451111739","1824.80269456838","1889.25175325842","1949.15856804582","2020.83316299437","2098.2833922073","2204.60725603823","2315.46676509642","2370.97657091881","2403.65387896987","2495.34106573862","2583.61556958171","2585.73360671797","2481.81490350403","2441.71236404537","2431.77857832597","2431.53528475874","2228.68631426529","2206.66406255564","2254.29080414598","2280.67777167162","2324.59702394542","2368.53866265659",
"Nicaragua","NIC","GDP per capita (constant 2015 US$)","NY.GDP.PCAP.KD","1672.27644861118","1744.7208044908","1877.61357007595","2019.88717598921","2188.82131607494","2325.01525343397","2328.5857540659","2414.36617844551","2371.24274974907","2441.31574997698","2398.11905738633","2401.30052707543","2384.28263463196","2464.78252733539","2729.2971301556","2643.01314610112","2697.47745066256","2836.58656757735","2539.73418617049","1817.55422400472","1850.00093520346","1894.88127210693","1828.54514537516","1863.30005132263","1789.10508553038","1675.6223973461","1620.24861448766","1572.33304244354","1345.33743053301","1291.34380129627","1260.87382799969","1229.80604541878","1206.96231902297","1176.11536055025","1189.83516111818","1234.76828254706","1288.94097201516","1317.89046510399","1346.07276130615","1420.31830106942","1458.37490084556","1482.31517247279","1475.48635411179","1494.95618752566","1555.87425694816","1601.48770707458","1644.37193565251","1703.20780299405","1736.65740610408","1655.72028962416","1704.37875049059","1786.62863418308","1876.1759720149","1941.45628552626","2006.64869646533","2074.45620634731","2140.14405941606","2209.63273423213","2107.3396261623","2019.91518620044","1950.19181218473","2128.30880041334","2175.73845893874","2241.1228811163","2290.31991989418","2371.75361331026",
"Netherlands","NLD","GDP per capita (constant 2015 US$)","NY.GDP.PCAP.KD","14369.9731337777","14224.1182314908","14982.5961198552","15317.701569492","16364.8301230503","17536.876282833","17783.94814303","18511.982842123","19496.2041912974","20510.813369307","21502.1601779399","22165.2563522764","22717.6684657726","23757.103847771","24382.2162536421","24166.3316974406","25045.8760435944","25524.9125498698","26052.3422406161","26394.2545939226","26537.6091767537","26149.6418067245","25707.035535118","26139.8440229261","26833.4395822094","27397.7293863055","28005.4470401859","28365.7413369862","29152.902991327","30259.4216390842","31308.9023923163","31820.8200188143","32119.9405340091","32297.9651797151","33054.4378569838","33916.4887954068","34915.1788311903","36211.6548633578","37661.7102516626","39298.7167162926","40665.3000211594","41297.284710124","41135.4020353856","40981.839972092","41663.1290344572","42411.3480862811","43841.0915818567","45445.542186196","46227.1987545514","44304.4041948677","44659.2793901474","45239.7198745589","44631.8855633239","44487.0378593394","45042.0515907444","45793.8135434697","46655.0340264754","47670.0858101833","48463.0055608731","49254.024789064","47086.5674755497","49780.8328352542","51777.5314828276","50960.7810305308","51174.8997297902","51817.0590609265",
"Norway","NOR","GDP per capita (constant 2015 US$)","NY.GDP.PCAP.KD","19184.9096104711","20227.1285176285","20629.9003234553","21249.4697217383","22146.068523721","23136.0792639605","23821.1851946921","25100.6009370621","25452.983165056","26383.7076098102","26701.7236417902","28030.3990851474","29286.7414678929","30388.4883212761","31397.839295441","32770.0457956661","34524.6447084379","35806.4153172386","37045.2927566048","38525.7890433847","40140.624596794","40672.4843926846","40621.6222424701","42082.9236226217","44513.8993106664","46848.855504719","48571.5788151708","49188.0385044421","48762.6929680464","49061.776096194","49851.0329994152","51032.3512657967","52547.0912157066","53735.9945035246","56123.4582597097","58151.5422795873","60732.7551542334","63480.1841751685","64823.4786672121","65786.3001204135","67611.3411021859","68725.4043162798","69352.0430510008","69702.361157641","72292.1208978835","73933.7446235264","75428.8816534082","77205.7545984008","76876.8705028009","74688.7531445371","74505.4313586335","74563.8349085669","75669.0612719716","75711.2410395262","76430.7374974687","77220.9524311414","77532.2750022669","78961.7757906168","79313.2889434042","79937.5097885912","78387.0435023102","81199.3391492139","83756.7383805061","83100.7944645872","83487.1332276928","83812.7559563457",
"Nepal","NPL","GDP per capita (constant 2015 US$)","NY.GDP.PCAP.KD","327.155239909957","327.106042340229","326.931761367814","326.647935131857","344.303003365182","333.249080677851","349.354951533981","336.664372577306","331.720617039361","339.099773054614","340.306833356848","328.993729996026","331.963144339485","323.260045911092","336.306374003459","333.76929822544","340.906119257416","343.403337654578","350.30570504545","350.320446364022","334.219179007322","353.700814105005","358.609920101425","339.778376746619","364.032308849685","377.725353860231","386.340559561214","384.659636696973","405.638929689076","413.894023064039","422.724738575869","438.15619419594","443.462044821677","448.13094087379","472.951082824345","477.741099613336","492.212428031946","506.426874424217","511.54871132025","524.27256909301","547.221082273632","564.28622920391","556.438454538796","570.28967363428","589.46992868617","603.190108570995","617.477638588722","633.226129136597","666.865095417138","692.400000816919","721.265221364302","742.617252662576","775.310578479839","801.039060847856","846.665541773599","875.543635474862","875.188943730855","951.857298563641","1021.91492204011","1077.11796498188","1031.53618783934","1062.7888430629","1113.55462341223","1136.4276931197","1179.95499311034","1233.60590916945",
"Nauru","NRU","GDP per capita (constant 2015 US$)","NY.GDP.PCAP.KD","","","","","","","","","","","39512.8142715558","40345.3868680191","41210.034732511","42070.9569728444","42933.9084788349","43773.6321401769","42076.93210631","40326.5657651193","38465.7106875672","36531.2675417174","34662.1759396181","32869.3601050747","31144.9255525497","29619.2697084151","28231.7429896562","26878.234178397","25550.4332223009","24264.5145128641","23017.5695398506","21833.2189717035","20706.6309011684","16385.3907599423","13486.9440398913","11222.4924165458","10751.3677180067","9872.21990191669","8686.03582792511","7897.46665184584","6965.8305020692","6515.32854617119","6079.9670062498","5690.157298319","5147.16201696177","5173.61228781975","4949.8909692212","4955.30929946913","5382.10161869099","4199.70508141733","5045.18472364491","4761.56658392323","4748.76539924078","5417.44487923767","6626.18317072945","6735.42128061862","7638.99065218892","7747.25584993607","7925.5779662048","7308.31758516515","7149.78109138393","7687.19643322519","7770.69883784016","8325.88214663427","8260.97398991108","8150.43396263948","8218.72476802021","8340.38728060931",
"New Zealand","NZL","GDP per capita (constant 2015 US$)","NY.GDP.PCAP.KD","17770.5373096303","17996.2994403492","18085.1055698634","18811.2424590491","19545.5529434408","20400.821266037","21290.7952737465","19954.242076855","19770.3133261154","21591.7644365614","21002.9179781897","21474.7868604152","22178.422208047","23444.9751911817","24337.3044230626","23455.088729321","23464.4106379675","22470.6980107817","22535.0591103112","23119.3447156647","23386.9182653647","24381.7421797248","24365.1461840714","24875.3726430216","25843.014090163","26098.7180996912","26813.4528237392","26839.2140438143","26676.0826100035","26592.054624787","26383.7472178844","24865.5042514483","24878.7289857361","26166.825450812","27141.2086609657","28013.5837412609","28563.8412321497","28776.5479198966","28766.2686680046","30155.9191339983","30839.2953866092","31705.2483531253","32628.4322594563","33502.6490755696","34358.6289046143","35112.0769481474","35649.0258495224","36400.0153308952","35722.2274262581","35352.6428453692","35476.3713609154","35961.911959259","36588.819747177","37240.0279166822","38025.4674998632","38648.7302562109","39205.0341298225","39667.6884236272","40257.9139260803","40615.7266946543","39702.3112090418","41309.8198451344","42716.0866783034","42501.4932044968","41415.4670639187","41336.0220434801",
"OECD members","OED","GDP per capita (constant 2015 US$)","NY.GDP.PCAP.KD","11062.0714573335","11385.8442446134","11851.4659710499","12286.88944277","12908.7325215952","13443.6003297214","14015.786153389","14379.8662683073","15062.4936407898","15712.1212821019","15965.689672383","16322.5791480026","16992.3273252945","17832.7368320609","17850.1764844963","17737.8725759977","18406.4878705633","18901.9005834651","19541.5780118778","20108.9332950693","20161.3258442031","20397.5634168624","20268.2683450219","20672.3813659422","21492.3389632032","22102.7712035499","22607.3921824348","23219.9725128912","24068.4348870414","24755.9446487106","25250.4936085356","25294.1921759744","25589.4225318147","25724.2046181776","26361.0594997498","26875.3323620242","27496.4658562403","28289.3404435059","28905.3421116173","29680.7778292633","30690.4774888104","30890.1307171384","31136.4281024789","31536.7882697534","32329.4490211008","33018.6989832915","33783.1305010851","34431.7209417636","34298.2304550223","32893.8945245987","33643.2480011289","34082.4870465138","34347.4370080791","34700.9892249754","35262.5460710348","35931.9232791311","36367.1062221549","37096.0220627904","37756.2846941147","38231.9217156517","36615.9210625073","38777.5008307701","39804.662496136","40246.7434272636","40700.644346174","41261.0616629323",
"Oman","OMN","GDP per capita (constant 2015 US$)","NY.GDP.PCAP.KD","2354.84837826578","2340.35098184797","2761.22358425937","2830.31567381374","2774.30598973251","2726.45883180126","2803.36373992104","4549.4544111564","8071.18754392145","9884.06486534758","10961.4530607756","10760.5017745238","11489.2538016852","9570.57985616872","10302.3883519357","12294.9633240241","14168.4469653325","13631.6155316852","12472.0886586901","12343.1364832537","12406.641239648","13751.4981915284","14513.9813596912","16018.8528993149","17703.059313537","18998.6682034202","18173.3411741214","16524.1793523574","16544.4404102283","17522.6182543769","16629.4556601528","16805.7218402658","17404.1314569504","17694.1605143981","17848.8187662711","18398.7242065917","18639.2039411697","19458.9266441148","19167.755471589","18965.2142322448","19881.7364316776","20546.0554077598","20150.1131971413","19485.6441506077","19534.8601445269","19629.0451546015","20096.3965576134","20642.7489563377","22007.7338963517","22819.1977324647","22766.0503620721","20993.9079436935","19824.1215485946","19299.9400516869","18726.2026946971","18808.3077921839","18830.6057208608","18277.945563615","18269.6769435562","18089.586668488","17743.8858800477","18291.3387983888","18792.4460565306","17853.9644897801","17347.2911298513","17074.1754801364",
"Other small states","OSS","GDP per capita (constant 2015 US$)","NY.GDP.PCAP.KD","","","","","","","","","","","","","","","","4983.17052894313","5690.87008069341","6148.26719517537","6458.43065226825","7278.28960125655","6951.82033858645","6314.98924625253","6392.72740098551","6346.22730966928","6409.22330603647","6421.56088638384","6431.44475315028","6696.12588801322","6773.20980245264","6831.21795666243","7041.27020610222","6865.11109968166","6599.5500881471","6589.91736864893","6720.08307324816","6965.83744795705","7114.48930153671","7459.46239149714","7613.41865752936","7801.27744197967","8345.85013891228","8462.07721821462","8607.0452021325","8857.86466448506","9162.0135054625","9484.43695184372","9957.08940870811","10374.8445722028","10341.1289954056","9697.48344356645","9827.79279523027","10048.9525362804","10062.238765035","10035.6505283227","10136.4144598495","10359.1167773921","10667.3498101902","11078.920682682","11423.9568368891","11766.3686894514","10967.167100197","11725.9484104048","12090.2779307406","12357.3872788898","12591.7678646757","12852.42216621",
"Pakistan","PAK","GDP per capita (constant 2015 US$)","NY.GDP.PCAP.KD","413.961862462742","427.414442837169","435.1234635969","460.576971263091","482.253588996217","518.130266832876","533.122629474003","546.281789318268","569.341263423297","583.741428686659","631.587748383334","617.297392498723","605.334383311172","629.496808036671","632.894770036852","640.124357568775","652.838055213587","657.659383934214","688.190284180422","689.743593740588","729.775997454804","755.351886399493","775.040043703995","799.413201289567","813.98181157513","848.459508815423","865.38378020321","890.342222772156","926.557789336634","941.244309440788","950.884644833285","966.522495703734","1011.6250844611","1001.25854820003","1009.06429520182","1028.96592446155","1047.88663514614","1028.99804758369","1026.50033720969","1035.49888206288","1049.54229686852","1057.86767778646","1059.04171024589","1090.27523993746","1146.99632842666","1201.23359367214","1243.94142602543","1265.35567539842","1258.05188934452","1269.07432116444","1256.69482201323","1261.83161907857","1275.48806898966","1309.70080446386","1343.30778121043","1380.47020838317","1452.18658269177","1495.26187528032","1561.68169819559","1573.8330826937","1526.00597486307","1595.02792175422","1642.28066974826","1610.33122837537","1635.08731167091","1669.31526638503",
"Panama","PAN","GDP per capita (constant 2015 US$)","NY.GDP.PCAP.KD","2543.38879569","2738.92057625434","2876.85690276555","3029.18708775457","3068.94216036666","3250.82374034455","3394.6940811312","3578.25394607532","3718.61324388066","3918.90853389286","4074.77256196417","4343.14860006858","4418.27167740913","4530.75753293497","4520.03887921142","4480.69945015922","4441.08263061532","4379.72113932511","4693.26541163253","4789.06360030808","5288.474557208","5640.28641679043","5803.40555090203","5413.92590021182","5432.18286435842","5570.80309068112","5640.36989319688","5416.48516426817","4590.31309186722","4563.16882343936","4828.75878297145","5172.60691959995","5480.880622945","5661.07625832598","5703.67338985136","5686.40441004349","5799.88560096133","6122.6466478841","6504.97011881774","6709.72276088415","6856.14919005847","6787.86267897348","6825.17747437166","7037.08165700349","7468.76593139801","7935.87135060821","8557.9801770364","9507.64641073854","10288.1549911493","10267.0633151993","10698.0717633911","11761.4988547604","12668.2945474105","13236.8306754449","13611.5490809559","14082.6548502728","14474.1243636349","15045.5456426827","15375.6500855703","15602.5315209709","12647.0914227279","14552.9345271768","15956.0671087873","16877.1543425646","17122.7168795289","17650.2341536614",
"Peru","PER","GDP per capita (constant 2015 US$)","NY.GDP.PCAP.KD","2704.36949914585","2819.64448663957","3013.56779249399","3054.09341665986","3161.27865870871","3244.42752499768","3413.00557819899","3445.54689195427","3355.06834981307","3377.29242666322","3404.48746273535","3474.09968688628","3500.78314670801","3625.43301411272","3866.6634321787","3933.70255577203","3893.41831349783","3811.69775974603","3619.69303247044","3674.96184299482","3797.43621611508","3909.66676934412","3805.24470888803","3325.45532400634","3361.21738023781","3347.82743034644","3578.0009133316","3837.26769850321","3397.01630742059","2912.6643430804","2706.92253156841","2709.27754515647","2640.31373880219","2723.2842310292","2998.57693125514","3158.98338644792","3186.90077024092","3331.15151093297","3258.29746206218","3250.37802318947","3286.27308475523","3261.6642505136","3398.74991419297","3502.79165687646","3640.60299869744","3835.13219279722","4091.36268615581","4407.79121686416","4778.52642172313","4801.17153740507","5167.39259325937","5453.45718713631","5740.04346272472","6021.46142765232","6103.91864749969","6231.71150338894","6392.25474941014","6457.41940254721","6593.14437459526","6626.26083494969","5831.83024758521","6550.96747543872","6671.28902042137","6575.18295502228","6732.27773809578","6890.97235402058",
"Philippines","PHL","GDP per capita (constant 2015 US$)","NY.GDP.PCAP.KD","1123.78209980486","1150.62906586528","1168.60880125748","1211.82149959902","1214.70925760191","1241.10921652117","1257.98440669165","1285.2931010298","1311.52148738311","1334.73174869948","1348.64912771152","1388.24899930969","1430.58532244744","1522.01742049488","1540.04224351715","1587.49928255808","1683.65998853926","1730.59409726768","1772.22820167607","1822.1450227022","1867.56862352125","1881.81520256172","1898.13930580212","1878.60173410166","1696.57673822151","1537.66555840437","1551.40892775445","1576.97337027736","1638.03682404026","1696.00236347127","1704.07568899121","1656.38349704781","1624.34939806129","1620.35505833942","1654.74613902838","1693.80873081644","1752.23800104559","1800.25913137613","1746.52590513282","1759.42105225652","1793.34761146436","1807.70892524758","1837.25429286854","1892.82161995051","1978.34489133113","2037.8776605946","2110.42044781284","2209.34651083329","2264.9462907288","2256.72554835463","2373.14312064664","2416.75212064542","2533.74141964959","2654.41506933978","2776.92005909479","2909.85818010301","3076.3374186759","3247.4503878362","3410.93647976109","3575.88170922922","3198.66690008413","3350.97587587776","3577.70136573244","3744.69763802686","3926.14900894495","4065.88615171728",
"Palau","PLW","GDP per capita (constant 2015 US$)","NY.GDP.PCAP.KD","","","","","","","","","","","12909.2919347971","12495.810670217","12091.1710549566","11770.0449586069","11657.0914082085","11689.5208549178","11737.5344891963","11974.7821942458","11997.6955070578","12052.5989169192","12072.0875292275","11899.882079637","11582.6500026437","11523.2042458531","11756.6032846059","12077.8887489268","12429.3988970436","12821.7006648603","13231.67012091","13670.963657321","14117.5711002162","14473.3492441159","13229.3220919377","11330.6949085817","11869.3000771999","12837.708188873","13804.33934348","13767.7795410714","13727.7611804865","12727.4358812353","12216.9793626185","12996.5090361666","13503.9227174315","13111.7142001123","13456.8137686422","13845.7172322875","14037.3706523634","14346.8995831129","13759.0034121669","13113.5786666921","12933.0676102142","13758.7587383152","14289.7833891839","14184.0449521037","14725.8436432778","15938.3652222848","16179.3959628749","15612.6700180498","15545.7219371676","15606.4827634374","14673.8845975778","12932.0857060233","12889.6216058288","13070.7944502154","14666.5457772703","15616.7817781904",
"Papua New Guinea","PNG","GDP per capita (constant 2015 US$)","NY.GDP.PCAP.KD","1312.56006039716","1358.94134628412","1412.56784779974","1437.51485607465","1527.22988798729","1648.27983167304","1705.99059094553","1736.12038081553","1771.43806840821","1874.00506195675","2028.5358613526","2105.15949919314","2171.49663633103","2259.80527474783","2266.53521520955","2196.98934842024","2076.43535316399","2048.9082542917","2177.15239817535","2171.05741868956","2077.58361339529","2029.42105281099","1994.61292972615","2016.07588072498","1966.70397098497","2002.02298435765","2051.25221816556","2062.9612180845","2077.6016087929","2002.68081599173","1892.30679279448","2008.35151943089","2206.99633305172","2515.6383945071","2570.33691061958","2397.40045298857","2492.07962762784","2310.98773975643","2147.04526266919","2112.0950973955","1989.57882204274","1920.78003889393","1854.41831737462","1832.67870314447","1821.84741071002","1875.82273480514","1915.2349405788","2000.9726186689","1934.03201558753","2003.24109727039","2140.50939027384","2102.03192060639","2139.48096660428","2162.10592595591","2391.3578028163","2484.5963398603","2557.09463030035","2584.8883636271","2518.45899317321","2572.56177967896","2438.61137922293","2378.3893914666","2467.24008628973","2515.28575096589","2566.91067057792","2664.69004042418",
"Poland","POL","GDP per capita (constant 2015 US$)","NY.GDP.PCAP.KD","","","","","","","","","","","","","","","","","","","","","","","","","","","","","","","5111.3453296443","4735.9276980893","4840.16858549117","5008.34908886395","5262.31523522496","5671.89573674798","6012.95806433166","6391.13172823376","6684.11477782234","6998.79475144289","7401.57697647848","7494.96089503246","7640.99307757777","7915.55424389704","8323.38773754587","8598.57681241557","9137.65850849801","9760.7042604352","10187.2017910883","10446.5289138524","10808.3975674238","11370.313427173","11542.2353368014","11628.2286809525","12093.1622787394","12637.5220324406","13026.1858988718","13695.6452848724","14551.0850277089","15221.3090624454","15090.2228440113","16368.6239689025","17303.64494323","17410.3830137066","18000.5034591285","18706.7393120197",
"Pre-demographic dividend","PRE","GDP per capita (constant 2015 US$)","NY.GDP.PCAP.KD","971.433309998997","946.189060615891","981.046254727542","1012.66252885012","1033.6387874182","1052.50039735476","1038.36466965217","954.094864397117","963.429775768164","1044.43946991473","1104.1209780673","1175.22807697717","1183.32456266462","1197.82252509624","1261.22861781412","1221.66130651352","1269.54028001316","1291.27110763835","1250.05405439208","1280.4097500627","1296.44327410946","1214.88016118202","1169.61306531563","1084.00130356678","1060.58341297563","1068.24165378302","1065.45338188597","1076.93852541834","1089.30207653007","1074.9547122754","1132.19092614056","1014.92330270589","1008.37278614928","970.962959383338","939.913466468937","939.401992811249","966.263962510422","1000.20933606046","1039.93402113897","1053.14622813268","1080.12609789335","1095.69274497162","1127.35411491859","1087.81145769948","1183.42946823297","1217.74344099826","1256.95120061394","1297.39935876899","1341.14167924281","1364.66024275943","1413.56297929276","1429.48857229998","1447.56913413737","1490.99576376132","1523.1979782259","1526.04099231967","1521.02292118899","1503.731439286","1501.77325261054","1507.8698553362","1407.15348093823","1402.45446054346","1430.90365853734","1429.18875247624","1439.73712111225","1453.96948741356",
"Puerto Rico (US)","PRI","GDP per capita (constant 2015 US$)","NY.GDP.PCAP.KD","6307.40729273886","6634.17460480037","7037.95690981374","7481.3063755951","7854.21072427467","8445.13486921158","8971.25300484044","9455.06963790206","9883.65391549028","10721.3194257597","11476.950423649","12012.2119183888","12622.2837580479","13136.2534761284","13241.1544199625","12914.147028929","13495.6681144974","14091.1890829061","14871.8653023492","15851.8922762492","16329.153469581","16330.4184264981","15905.0194229893","15374.5117759022","16125.056991684","16463.0021217712","17117.4157619962","17935.0349328595","18815.9165317687","19453.7669223263","18733.6452536405","19030.2415359969","19770.7684693589","20515.5207259978","21176.6701749814","21936.4179114827","22193.5791326619","23061.3344942222","24197.3097487888","25374.101701053","26131.9630643584","27722.3671872748","27940.3826219734","27937.8165922567","30375.7895758237","29815.216422231","29519.7386759729","29347.8460041613","28976.1310520159","28565.767919549","28569.5077088001","28706.0207514856","28968.6942131352","29115.3549161996","29141.2038639816","29242.041465085","29326.5748761873","29061.5563802711","28808.8518638025","29185.0969964707","28144.713741876","28416.4489370346","29643.6396279994","30012.9055109463","30978.7473320338","31249.7349532154",
"Korea, Dem. People's Rep.","PRK","GDP per capita (constant 2015 US$)","NY.GDP.PCAP.KD","","","","","","","","","","","","","","","","","","","","","","","","","","","","","","","","","","","","","","","","","","","","","","","","","","","","","","","","","","","","","","","","","","",
"Portugal","PRT","GDP per capita (constant 2015 US$)","NY.GDP.PCAP.KD","4066.96722707459","4257.65388017102","4506.63560592298","4752.12521484661","5049.218554524","5448.51725866832","5713.62838085394","6183.79174970692","6761.48789974347","6967.12459996009","7669.77195112354","8213.1050452452","8885.14073194285","9877.2804544881","9851.78068681759","9072.05093725209","9426.10699955096","9849.08360264936","10017.7579882054","10469.8136145657","10832.5268441458","10912.7743508823","11077.8729596103","11007.5061325594","10759.1130776416","11030.9534416691","11477.2965980764","12212.9985072923","13141.2966199784","14008.1059570799","14593.2706053569","15265.8793018366","15444.2006161246","15110.1392558339","15214.9307536408","15811.7171369279","16304.3794463959","16946.086865108","17671.3135082912","18258.0911720943","18822.0933092937","19053.089945659","19095.1102477398","18846.5411893632","19137.8370898949","19251.71450683","19529.3122100477","19979.5706280792","20014.4749330004","19371.1318876855","19698.6836791397","19389.6395896162","18679.7626789594","18597.7214623964","18836.8967978906","19215.7813014347","19662.82312462","20364.1962735946","20997.7745987013","21569.1874752919","19778.7139525722","20747.6990734163","22042.8680283647","22417.1634060906","22663.993126225","22851.1179216572",
"Paraguay","PRY","GDP per capita (constant 2015 US$)","NY.GDP.PCAP.KD","1508.16141282722","1575.52406103644","1589.79545588368","1624.51869505985","1651.13204882209","1710.03289597261","1702.11401817257","1814.19962099789","1852.79561030551","1896.19771964484","1957.05006174244","2019.34109541627","2103.85688114327","2203.53402180623","2329.53831328205","2428.10852282564","2547.26283802519","2770.71211550828","3027.55721498509","3301.62489424794","3592.56127303015","3816.55409047898","3659.88259197454","3450.26584009734","3448.83908839232","3504.47829642444","3575.79690422229","3739.83410213482","3851.51631859871","4006.15999912344","4059.77343113311","4091.49044786451","4054.04426060844","4147.78440621564","4262.14495791711","4445.18978188914","4411.37280078232","4496.02336469138","4402.11110078249","4252.49065726668","4074.48953320404","3972.88427866686","3916.4402230868","4035.71833919883","4151.34584799368","4193.2808652562","4349.31197066182","4540.38235899198","4788.6631877791","4727.59685811395","5191.05014254402","5342.19015717376","5230.26244858764","5583.12274473463","5794.4764468976","5879.33792308671","6041.95879367268","6243.13363139058","6354.2392005297","6243.53620897773","6109.19608100615","6276.7748423663","6204.20811531911","6452.28566840034","6670.6995656958","7028.67868797458",
"West Bank and Gaza","PSE","GDP per capita (constant 2015 US$)","NY.GDP.PCAP.KD","","","","","","","","","","","","","","","","","","","","","","","","","","","","","","","","","","","2137.38928909208","2189.26513719427","2118.82007591199","2323.20642242172","2589.20364997364","2732.87293952355","2436.01207739636","2153.45735383203","1836.98042481351","2041.60484619659","2426.41565630382","2632.24627423958","2540.26763083127","2569.98434108953","2685.98601828464","2840.01594969395","2927.08101953403","3128.10811061384","3237.91619995789","3309.63120243098","3227.84934482645","3272.15432360708","3483.09903532972","3462.97986107136","3417.79440837962","3378.4346209191","2922.46801084844","3051.48607007995","3099.9609010368","2997.22694077849","2258.20698667764","2302.14814699878",
"Pacific island small states","PSS","GDP per capita (constant 2015 US$)","NY.GDP.PCAP.KD","","","","","","","","","","","2718.33265640674","2832.0056180892","2927.97574271347","3187.99819735616","3223.21252305014","3172.08106306958","3137.22042307947","3171.43051048241","3167.92603575608","3362.30362867562","3174.30964427028","3197.06116156031","3026.48609383098","2927.18671535942","3016.01389279084","2900.25758608598","2987.81571932681","2872.29051773917","2855.51780924799","2936.65186031253","3000.11583238234","2942.17295488452","3038.88463091636","3052.3037176677","3156.71103860772","3253.23144011761","3306.90700272635","3218.99162163459","3214.95114446164","3301.11528326904","3208.21888491744","3193.57852227137","3214.36683920705","3236.8833823393","3326.36724848114","3370.06060523234","3412.7724072437","3380.41609757067","3413.03941195594","3363.38936959225","3443.97974761278","3527.86024214419","3517.62486668208","3584.67594496285","3664.67145222981","3761.06673610832","3851.98445284976","3950.29303336273","4006.76552928832","4011.32445225678","3563.03524602951","3430.07442035851","3673.22544665674","3890.39488708922","3983.82503549085","4066.49584705243",
"Post-demographic dividend","PST","GDP per capita (constant 2015 US$)","NY.GDP.PCAP.KD","11468.1871612211","11825.0810925057","12334.8881585982","12804.2621129117","13470.8527077689","14061.5431270425","14684.831373119","15094.6292821166","15833.2682682343","16562.6852088602","16853.2769471467","17256.5932074495","17992.1194994751","18933.5965748054","18964.1211382908","18860.8408089135","19625.6913767958","20210.7987067558","20929.3224138371","21567.4707526468","21640.8005290307","21905.0145240379","21829.9622452012","22385.187118546","23351.9626721978","24083.9617829002","24736.099820157","25465.5991923917","26492.8311492872","27318.8452280961","27869.6962653647","27954.843579235","28299.500644809","28453.3310822845","29214.4762459948","29872.6056503117","30579.9957814844","31478.7787171253","32183.2043032491","33162.2292971316","34342.7799306961","34691.794045547","35047.3561038522","35572.4811697497","36518.8922234369","37354.0516891453","38248.3840891561","39009.2237757324","38915.530644621","37403.0656560604","38308.9980746451","38818.0285097988","39139.8614954799","39581.7331829371","40234.9561373078","40960.9089975197","41508.8826356411","42376.9506490702","43192.4790062502","43829.7166795611","41980.2062171255","44440.6342345946","45677.3513142375","46338.3245846606","46868.8115104791","47461.8746538614",
"French Polynesia","PYF","GDP per capita (constant 2015 US$)","NY.GDP.PCAP.KD","","","","","","22551.4207622336","23889.2801942621","21996.5927710196","24425.352753903","22958.074991764","22533.6271085673","24396.1826734873","22498.9843409954","23481.7486775955","26842.4394459444","24748.5205023394","25989.8595696272","25747.4034494186","27425.7253266427","27609.580614755","26874.2991438109","26725.4158088119","26341.0551801214","26176.683754784","26078.0110684892","25129.1871483302","27814.2610581472","27460.4917774246","25828.9031876603","25798.1160369159","25307.7045477138","25731.776022059","24899.5108111715","24158.449666239","23373.7127446694","22928.4986555237","22434.729936296","22051.9807859615","22071.0627604129","22136.2587286349","22498.8285530328","22076.5919162624","21932.9195333418","22055.6419702196","21919.9410589378","21661.4244664054","21545.5997136473","21648.532237682","21493.4178311249","20499.7723032831","19913.0252687915","19241.6437951625","18968.4422157904","18930.1268887012","18928.1858620128","19166.9594761931","19516.0718353276","20287.7685831663","20674.4206829029","21289.8751241139","19026.790444196","19626.2332540206","20160.4994298379","20664.9770259225","20846.6514059991","",
"Qatar","QAT","GDP per capita (constant 2015 US$)","NY.GDP.PCAP.KD","","","","","","","","","","","79709.4806539751","77675.3464912706","77353.1713145939","77575.6695607259","74990.5113238523","72933.0257600177","72987.3330356338","62780.3632823847","63674.7422249551","62635.7126245715","58124.478851269","55123.9160428053","48371.0591595479","44870.8820292396","44508.1749755191","41414.2759332122","41743.9008915961","40228.6328822141","41126.7851333773","42209.6973646985","42210.1309227872","40169.0307706643","43310.767958526","41423.720599232","40756.9289476104","40528.4858249639","41126.2109141166","51382.616690416","54189.9837433703","53562.7696068249","54948.2228055384","54316.5419511925","55493.6049997751","54970.419888684","63107.0086346445","63555.6239820478","68036.6212164734","64614.0465071968","64393.5954479866","63939.8050831437","74271.9022959058","83533.4963791019","82441.7405083009","77379.6735599552","71756.0649338302","68985.2946961507","67294.4585771356","64497.6987225375","64410.8171280981","63430.4607609581","57769.604104354","65488.5117911123","64315.6263643699","65111.033321485","62395.3113297112","61734.692881084",
"Romania","ROU","GDP per capita (constant 2015 US$)","NY.GDP.PCAP.KD","","","","","","","","","","","","","","","","","","","","","","","","","","","","","","","5019.43702748333","4409.1517208357","4059.09860455382","4126.76859277572","4295.27065788629","4572.25803354276","4764.63682106299","4546.66753054721","4463.60791806212","4453.78126046181","4569.31124324524","4875.30310600635","5248.54994632668","5410.30835796252","6008.64048461485","6328.09022324183","6876.77841417966","7483.97375820611","8318.00342795388","7924.87058070212","7660.70667630517","8044.57194920892","8234.28553425194","8287.95844089676","8661.47397274241","8977.01748158196","9286.87678236598","10106.2269557253","10714.1701157127","11197.3162915853","10854.049431887","11546.3224998072","12076.3033811896","12340.8170509969","12459.9112061891","12565.1650433306",
"Russian Federation","RUS","GDP per capita (constant 2015 US$)","NY.GDP.PCAP.KD","","","","","","","","","","","","","","","","","","","","","","","","","","","","","","8105.89501953125","7849.51904296875","7432.021484375","6345.912109375","5798.91455078125","5071.74267578125","4862.646484375","4686.86279296875","4760.33935546875","4515.50927734375","4819.38037109375","5323.66650390625","5618.95556640625","5910.171875","6370.45361328125","6856.67822265625","7323.38525390625","7949.89697265625","8640.40625","9093.7001953125","8381.8681640625","8755.1201171875","9120.8203125","9464.0107421875","9601.537109375","9493.8125","9277.7138671875","9269.3173828125","9418.99609375","9674.787109375","9882.0244140625","9632.3251953125","10231.318359375","10119.115234375","10560.4658203125","11092.6337890625","11216.2451171875",
"Rwanda","RWA","GDP per capita (constant 2015 US$)","NY.GDP.PCAP.KD","333.168009546348","310.179296686229","336.744890383341","296.885223860219","253.960302907042","264.745732576347","275.384328995724","285.673011810951","296.365698093507","318.996903173836","327.998900695343","322.291570860414","313.929067418669","315.402013687922","310.613878247446","295.238839588637","342.54792335616","339.209052263947","359.445304950933","390.149786099315","412.074486729936","420.800443010869","414.594814975325","424.972030699827","393.469656930382","397.163320202828","405.130712442313","391.97455925022","396.759990962299","384.656204658632","365.724969994263","349.345634840907","362.337679403993","320.530460792077","187.38014700737","303.318867879127","289.237930832775","284.862132396583","297.571387031591","307.99726200079","331.096659537835","356.017640545099","397.558649363458","397.480382602602","415.943819000396","443.00802474736","471.150850642442","493.803359157317","534.678298622161","553.621518556047","579.419162804581","610.376236415572","647.436613845487","661.893969452494","682.709499066795","725.691418696952","748.798132068173","765.845359390541","808.704812752127","863.872077583172","821.257133282758","871.041835304187","935.89483254264","993.911004643524","1043.15961499906","1116.46998633814",
"South Asia","SAS","GDP per capita (constant 2015 US$)","NY.GDP.PCAP.KD","331.594588637992","336.598092429103","339.343602185539","347.522537113204","365.693771379908","350.671607625681","345.112178091641","358.435666108748","365.332731169381","378.178629972378","388.660097239126","382.783093851327","366.537625393587","370.280857787761","370.034346953743","387.78205233197","387.067027935361","402.983103279391","416.767955584302","392.710048044122","406.01017809505","421.017081722905","425.002266583628","442.734065111114","450.227052569165","462.218920679433","472.983074795904","480.157241386305","509.659349362598","525.863675684905","543.339636497627","539.975756355243","557.346083105101","572.21718916658","596.466356439365","626.757959530257","657.930640222156","672.358162095982","698.977290576909","742.115275298079","758.133172433103","778.357238654588","793.587791994034","838.605352866225","887.193101541892","940.169908937804","999.335555352338","1059.31634784168","1081.29827128245","1145.46231054376","1222.51823005713","1272.07513801273","1326.51107387395","1392.20217832083","1475.21676492149","1570.54142452744","1676.35409771736","1770.26291313502","1863.72112635371","1920.39706306333","1806.99045379049","1957.51785298129","2079.70096039385","2201.34248982502","2329.35958665331","2473.37479516024",
"Saudi Arabia","SAU","GDP per capita (constant 2015 US$)","NY.GDP.PCAP.KD","16039.2914861638","17298.293002979","18662.1709966542","19550.8030373597","20493.3238237963","22142.5223049519","23078.4502404354","24200.3423309688","25058.3006930606","25526.1820461871","37361.6585899953","41183.7863535133","46644.4807983879","54345.6747311957","59924.2484951345","53743.5631866678","58684.0931086193","58778.0556094879","55609.8360446202","58225.422273254","58094.2921854594","56355.6151035112","44478.9420537359","37250.5135148497","33693.40348127","29520.521333039","28170.2401365966","25788.646157361","26066.2475442659","24884.331934111","25918.9650837526","26742.682261559","26709.0328186878","25649.064468644","24808.6528928409","23876.246129794","23699.1352161738","23406.0346643453","23179.8581162861","22214.4256445476","22247.8566987439","21193.0922894351","20025.4319998275","20765.9387688082","21545.894988606","21838.1915349374","21616.3355772516","21196.7926036633","21629.8405734551","20577.5453445336","21830.1424272816","23314.5576023168","23643.0358324647","23057.3494468535","23404.7306039825","23256.1549553531","22783.0328538685","23035.1199977707","24393.5188306638","24905.6697428558","22827.671935548","24922.6716948944","26706.917926066","25634.8237547841","25123.0122060281","25066.008744098",
"Sudan","SDN","GDP per capita (constant 2015 US$)","NY.GDP.PCAP.KD","851.732421875","828.766967773438","861.476318359375","813.293090820313","780.661743164063","808.854431152344","757.518859863281","746.402099609375","739.073913574219","727.628051757813","748.2431640625","742.029479980469","682.653015136719","661.991394042969","711.013854980469","795.953491210938","898.202575683594","923.200622558594","837.251831054688","765.673095703125","747.91943359375","773.544799804688","790.597045898438","782.225158691406","726.964111328125","669.103332519531","692.196655273438","776.530822753906","764.454162597656","823.076843261719","764.450439453125","805.367309570313","842.008605957031","862.978149414063","850.299438476563","877.693298339844","908.66015625","1050.31994628906","1069.27197265625","1074.88098144531","1111.11865234375","1150.17626953125","1185.21533203125","1226.42077636719","1255.67114257813","1290.24438476563","1336.1240234375","1372.10961914063","1381.62561035156","1301.34729003906","1311.22314453125","1388.21813964844","1288.25854492188","1283.45922851563","1307.3896484375","1292.37963867188","1297.15454101563","1261.87353515625","1185.94445800781","1126.55297851563","1056.86474609375","1009.54888916016","973.225280761719","677.723205566406","578.38916015625","582.114074707031",
"Senegal","SEN","GDP per capita (constant 2015 US$)","NY.GDP.PCAP.KD","1151.00213857223","1152.52290412241","1118.94105784212","1108.08162394471","1118.91076488152","1101.64022957194","1100.59486152036","1055.3388045333","1088.7452650791","987.490527976809","1040.51139206618","1008.44746972351","1041.19576478941","954.176200047314","965.741329994361","1010.12268801923","1071.68040327701","1017.81439448073","955.002175635959","997.714580570366","1012.16661480231","1037.70140590886","1091.73478914466","1002.79157255651","1014.21873121746","1020.46425733551","1022.55326037551","1055.32454152497","1016.8279275159","1027.27575950199","990.777522619822","988.63221583773","974.054860027128","960.506561720788","934.692068072302","960.84709282163","956.588791201654","962.736689457399","995.979085689636","1033.76396461633","1048.37474052363","1067.36886550595","1042.25509944289","1074.38578467686","1098.20064546027","1119.0505307548","1118.7830430051","1123.99862153285","1138.66883930214","1142.65317233964","1153.53431121583","1139.74447892639","1154.05677992367","1147.3859217191","1180.7987108505","1218.00613555438","1257.40906916238","1312.10932775878","1355.09610863533","1379.60875249843","1361.7914374888","1414.53951093499","1433.19918752288","1458.9664233275","1517.61838829684","1582.25852286375",
"Singapore","SGP","GDP per capita (constant 2015 US$)","NY.GDP.PCAP.KD","3611.95365142064","3777.39463491526","3951.76046995379","4239.9926615122","4004.45879353131","4214.50928654512","4529.52603020969","4984.78417700352","5562.32007695611","6237.25093664419","6997.19902931212","7722.8645117911","8590.60864812538","9325.56611338064","9732.7270627095","9974.22091805681","10572.5669041736","11141.5797970038","11863.6939677002","12834.1600895857","13953.890170834","14737.3005854209","15106.2507664821","16186.9145138401","17280.3703822303","17149.31550146","17396.0281363675","18986.7527003627","20595.9751389187","22031.8971300219","23272.7000932159","24132.7153290621","24973.4311358112","27139.9524278985","29220.2727915476","30379.8991144598","31349.3171805131","32835.2518506082","31043.108180076","32557.0469904063","34890.0811365168","33597.8690808226","34598.8267483781","36709.7965038255","39856.6356222613","41798.4880834671","44159.4101820552","46178.8139470199","44601.5799302699","43331.8746638962","48752.0515441859","50713.5326393594","51679.352717333","53298.9728558286","54681.9336458253","55645.6068614606","57076.5241936787","59493.3758595703","61101.5252578902","61106.3119775351","59083.8574841572","67846.8565377728","68271.0897525302","65976.7068036903","68129.6960402288","70683.6833491257",
"Solomon Islands","SLB","GDP per capita (constant 2015 US$)","NY.GDP.PCAP.KD","","","","","","","","","","","","","","","","","","","","","2211.57149659597","2097.65987058075","1992.76539144137","2000.77054669128","1937.44655061808","1815.01919486421","1753.10130916621","1840.37378172277","1804.4092409884","1822.69662304536","1805.73206812837","1856.36888711081","2029.95282373454","2049.2778143568","2151.02993990041","2299.97687833528","2270.46028385944","2186.40705532991","2153.35862620817","2086.00899568939","1747.71795607153","1577.65519966257","1504.84671895171","1573.84348435767","1664.57315979072","1755.74082446273","1796.71439810674","1830.23321405807","1911.18969015528","1930.46287614922","2058.95691648883","2132.02844199392","2105.91423758379","2136.72116177034","2085.16067273086","2045.47721526649","2084.24845745225","2075.36705302305","2061.8996970669","2043.09139778307","1930.65510307199","1880.5519827183","1788.61727922057","1795.88798697142","1806.38367324387","1828.320661057",
"Sierra Leone","SLE","GDP per capita (constant 2015 US$)","NY.GDP.PCAP.KD","884.057109677124","886.038579044036","911.239720141179","911.161475061012","955.181698510419","1005.40380599095","1003.80265359623","985.455777250999","986.440732190591","1050.49379146851","1119.62920786369","1137.08055497496","1126.45855224582","1130.75817630364","1148.8917972974","1146.78716522182","1121.22071390809","1101.18995150596","1106.11941393464","1133.68037540161","1165.12783269719","1174.70023539592","1205.86429259504","1155.5985621559","1176.83294082111","1089.92411667933","1076.77818848429","1124.08995764348","1016.68318068952","998.840220254123","992.259351903398","1003.77238191056","828.516034463031","841.770438078312","822.218309819245","755.343467472038","764.924518087367","710.743788352538","716.346032939256","698.548063578049","727.240914632596","642.036645844304","766.788693742901","806.066489012144","829.759768928304","842.906030904902","859.824260714965","872.68836234614","882.54147817868","872.23959352481","902.769891411394","950.760763054593","1025.04366004502","1146.81973456475","1032.23789355905","964.575980888989","1002.77862282013","1010.54694071207","1015.6678297205","1046.96778078594","1010.25294614757","1045.7661615758","1077.08884538507","1113.86837500697","1137.29005648131","1165.72408271963",
"El Salvador","SLV","GDP per capita (constant 2015 US$)","NY.GDP.PCAP.KD","","","","","","2636.99661875982","2747.27195376382","2816.01216463995","2827.32143813783","2847.56496825494","2858.56429944097","2898.75101500994","3004.66954382527","3077.74959330351","3168.28127650095","3189.0656409164","3278.58861289779","3426.85616236824","3532.98751537256","3320.1122024217","2757.38812393103","2582.45156646321","2392.38390078794","2385.3964125653","2371.58493413585","2339.0115535039","2297.53500731075","2309.06459110733","2305.62179387936","2282.53716167277","2348.20460167761","2341.93382299132","2465.75989060719","2574.95134564317","2670.21278543567","2773.32529027549","2775.04629038695","2842.88487409077","2900.32064261101","2946.4330235012","2964.89346881406","2978.59734844668","3016.06307728602","3057.16467629097","3081.23629665234","3163.36118376833","3302.34817354347","3359.1623024135","3420.44927357443","3337.81150878211","3398.49346060363","3515.19664634846","3600.31912505518","3665.90044167854","3713.94992016222","3790.34089108162","3875.84691357954","3954.84014277572","4046.16291720583","4143.11437097867","3808.53195436409","4247.54750394978","4355.96037108555","4481.19664108356","4576.55846613444","4734.91438586978",
"San Marino","SMR","GDP per capita (constant 2015 US$)","NY.GDP.PCAP.KD","","","","","","","","","","","","","","","","","","","","","","","","","","","","","","","","","","","","","","48409.5258357086","51376.4130293207","55318.4208680654","55806.8967854415","58173.2673485907","57615.3840607029","59090.2064374385","58393.1973140469","59049.5507985237","60604.3235393604","62776.9178275821","61572.7157847481","52873.2443236949","49672.6753589594","46450.0042070199","42082.5364542056","42293.4679807917","42492.831738275","43146.8035302005","43886.1965081114","43057.7582484571","42818.6755959614","43525.4039798176","40506.8341853183","46834.1172363873","51277.3242468583","51323.7741002928","","",
"Somalia, Fed. Rep.","SOM","GDP per capita (constant 2015 US$)","NY.GDP.PCAP.KD","318.824826584277","300.51342992721","313.492610868796","313.980360234436","287.182893086474","263.102792359573","279.600767518587","288.543367817663","286.759457432372","274.575438546097","279.670909034091","278.264327679558","311.416426424529","266.402554956838","261.538388550626","292.525184353171","279.998608750835","309.814719435257","305.259525649104","256.278933202769","239.470243473533","252.485050366444","258.564156472616","221.453992833667","220.505292974997","231.960661998941","217.822044975288","231.385120661873","239.054073867183","252.360849486732","259.400021870102","277.598802350398","266.498410042717","269.406204622777","210.446194601917","211.087530841799","219.93638187378","214.852351288921","219.712160749461","226.444111028772","233.032393086303","239.839074088089","248.636454000924","257.910337235953","266.257271856551","275.457040797983","284.47078986532","294.210404466601","304.741448811237","317.038184814662","329.970504936872","349.577449077711","369.617204753489","397.108796344814","417.516796906402","445.583080073396","458.92147682461","506.501098879426","498.981065013918","494.444039712384","462.867053737278","461.627830726021","460.046226685238","464.72106952561","467.269910194458","465.439392877227",
"Serbia","SRB","GDP per capita (constant 2015 US$)","NY.GDP.PCAP.KD","","","","","","","","","","","","","","","","","","","","","","","","","","","","","","","","","","","","3012.49816736822","3200.76825835814","3497.55048957119","3699.40380796484","3329.4517344386","3542.35365914848","3788.98233947399","4038.65251197442","4233.77644906089","4527.43498659451","4809.1384076488","5016.41289322251","5431.27887426624","5735.94772695749","5578.0119741931","5690.70327182682","5737.00120175811","5739.3075023532","5793.33614525565","5716.54047153506","5820.3215576888","6024.95754653784","6200.26118592152","6524.08029755191","6870.75810896296","6850.96742168834","7465.67601077148","7862.95387364846","8208.4786891507","8580.26105823259","8804.37834719475",
"Sub-Saharan Africa (excluding high income)","SSA","GDP per capita (constant 2015 US$)","NY.GDP.PCAP.KD","1157.54527291812","1142.26902620245","1182.00231030772","1225.00522548607","1253.83683930454","1279.45848059953","1272.26511095293","1230.23411914501","1235.77729368648","1311.63135308971","1376.49518963616","1443.20124065886","1446.46098303117","1467.54666122606","1534.23905282345","1488.107139619","1521.45281538878","1520.68527188776","1474.27002882531","1486.75942493216","1497.58472476436","1441.63125863157","1381.03278225581","1306.63496808138","1298.33232603637","1286.50648499736","1273.25420408731","1273.23018738968","1292.89440362914","1285.92701735913","1278.83420291407","1249.4702378292","1210.11118818859","1165.03599666291","1146.17261841467","1153.34665993743","1180.55971140315","1196.64545570633","1194.60734676073","1188.54612304854","1197.15229059854","1214.76656059983","1258.20421528528","1275.3040078456","1324.19883661399","1365.91668753392","1409.44567949082","1455.69454438035","1489.69620309457","1494.78152945706","1542.33935803034","1564.97360700684","1573.55554656004","1611.85437542034","1642.90241998613","1646.07300085129","1624.00199620793","1621.43885328826","1623.15311346717","1621.67647915089","1528.60209704355","1543.83294885439","1566.66436596342","1570.00530365333","1587.52608812619","1613.53549057987",
"South Sudan","SSD","GDP per capita (constant 2015 US$)","NY.GDP.PCAP.KD","","","","","","","","","","","","","","","","","","","","","","","","","","","","","","","","","","","","","","","","","","","","","","","","","2289.18415375563","2293.80166888543","2295.07026096006","2073.23981819145","1069.19619080938","1165.16202707495","1197.09491969479","1080.14718624765","","","","","","","","","","",
"Sub-Saharan Africa","SSF","GDP per capita (constant 2015 US$)","NY.GDP.PCAP.KD","1157.88691816813","1142.56680045155","1182.3238092878","1225.36233252234","1254.20871132837","1279.79870878606","1272.68204604474","1230.64690273427","1236.22383346853","1312.03905041147","1376.9316541907","1443.72262418369","1447.01310041102","1468.15234449054","1534.81630891271","1488.6999878839","1522.16442401286","1521.30408086941","1475.0803560561","1487.71569053297","1498.44109517198","1442.42606025386","1381.79070480047","1307.37682422982","1299.09301065356","1287.34250385211","1274.07451049862","1274.06727762196","1293.75756995904","1286.87217942623","1279.83580055029","1250.47868032554","1211.18047015045","1166.16737156087","1147.24187256318","1154.3902119079","1181.68670515653","1197.89221793831","1195.8523183401","1189.78158389521","1198.41035230362","1215.95723291217","1259.36882961546","1276.36045213934","1325.18723336594","1366.97314297454","1410.57668732902","1456.90044586522","1490.82485147612","1495.84741754789","1543.42062336352","1566.14176154754","1574.72990968301","1613.00691852166","1644.07050150089","1647.32085826836","1625.38221431193","1622.88510482914","1624.6365666885","1623.20798700291","1529.91025762634","1545.11388324435","1568.02152788113","1571.4055801623","1588.93961326571","1614.99946516665",
"Small states","SST","GDP per capita (constant 2015 US$)","NY.GDP.PCAP.KD","","","","","","","","","","","","","","","5338.82797236748","5256.90440881935","5722.75216922454","6098.15361057089","6429.03965204494","7047.15988527313","6966.21919548638","6613.36483509237","6608.661355909","6438.13559286962","6505.60770114596","6490.9775033319","6513.15849932183","6608.77445680027","6663.90399036742","6762.24571966159","6848.1645376059","6714.76802596532","6589.89328405278","6576.72670509285","6722.31942499984","6931.55765640986","7117.95692917037","7400.13921257681","7587.03885631315","7814.13390268946","8233.73342913905","8334.94332625642","8509.09600338007","8809.07593512754","9118.62424504978","9464.63468920637","9984.06367153864","10342.0337309381","10357.4606783297","9809.37789211833","9914.45968595479","10066.3427831055","10180.0751029745","10195.8863691367","10328.383721223","10451.9964952878","10529.0592324888","10755.3448582832","10991.2219783357","11210.5608938361","10333.0141438009","10988.3149576582","11682.1880704072","12160.0587635306","12794.3634985188","13255.2636254695",
"Sao Tome and Principe","STP","GDP per capita (constant 2015 US$)","NY.GDP.PCAP.KD","","","","","","","","","","","985.09180236877","1015.74666793194","1017.08121320436","1011.34975679533","1045.17670623037","1075.52552217484","1065.93941593131","1281.27707655704","1283.3570836238","1454.96872023117","1405.76061531863","1234.82085380117","1249.50268222753","1179.55626040759","1087.44153359985","1163.80724250137","1071.36164381493","1014.69125831664","1008.24359402711","1013.50760361265","967.490807502814","957.946483063679","946.482495103288","939.606669438019","943.891404294867","947.331538535199","947.030151309961","942.971185295678","953.9855008639","966.2268289095","959.938180991352","973.424252100436","982.32906557627","1036.86196260207","1047.05796134884","1089.14778798762","1157.0861446542","1170.51612474435","1214.14114724792","1225.60541902997","1216.3502521663","1214.96130276731","1225.6945255615","1263.70423995281","1301.32146445028","1298.10946596396","1342.533807689","1375.59403284199","1413.84348618541","1420.66008316091","1430.84119299096","1428.28676097975","1403.23356704678","1380.60169416257","1373.27082138436","1360.14953158233",
"Suriname","SUR","GDP per capita (constant 2015 US$)","NY.GDP.PCAP.KD","3940.0813479359","3994.89569571431","3988.11140027838","4025.39761164569","4120.48612086465","4456.89702951005","5133.97497313157","5561.3080987637","5782.53661381848","5840.34086091936","5799.86722281584","5834.02486729504","5719.04237661422","5639.38579790557","5692.08851903754","5888.95396298107","6454.72147950716","7172.62107128024","7717.46333376568","7750.38885062687","7110.25141539986","7613.41613760027","7272.42377342797","6948.36988386005","6754.87416435162","6804.88235329589","6765.64454752431","6272.92938552246","6672.84558173621","6847.85742586796","6474.95571162121","6609.4013410012","6594.9041494915","6127.17764098658","6290.15749631679","6184.2834422862","6114.83571706509","6330.13718248353","6343.51344766536","6127.31035739875","6128.31602380553","6255.55274185687","6301.31731043167","6567.84309876847","7021.98919924338","7261.8171350196","7599.35696921481","7897.25648915828","8129.11464659446","8276.69079768793","8603.90786745855","9003.28597674886","9140.92898611536","9303.46008775809","9224.24378410547","8813.61705392067","8293.31553031406","8338.69235401862","8666.64870697797","8677.30522021731","7213.10766669943","6973.89941868115","7081.33357325783","7186.47308144145","7246.25768221495","7313.61890387891",
"Slovak Republic","SVK","GDP per capita (constant 2015 US$)","NY.GDP.PCAP.KD","","","","","","","","","","","","","","","","","","","","","","","","","","","","","","","8597.46391527645","7338.79874023232","6843.30017436782","6946.84564117976","7348.918397432","7755.6233338553","8212.83193942756","8647.39434311517","8966.21926231252","8914.68326467255","8997.21199594319","9277.35808851002","9690.68468262889","10168.02256533","10718.2101858841","11412.1593630008","12430.2015488557","13770.9602691527","14497.1114407172","13680.7537106597","14596.1477776887","14950.8735178599","15159.6570420004","15249.8824513785","15647.6491763517","16442.0760860018","16740.7413996428","17195.2888721963","17869.0149173679","18250.9802475637","17763.8563847352","18808.4540496595","18964.8298400624","19383.3732009401","19776.1758069498","19966.2542827277",
"Slovenia","SVN","GDP per capita (constant 2015 US$)","NY.GDP.PCAP.KD","","","","","","","","","","","","","","","","","","","","","","","","","","","","","","","13615.5853511552","12395.9173883243","11735.8458123902","12098.3412867237","12757.6301288509","13278.7428559643","13674.183297426","14400.670888341","14874.2904782546","15646.6885879812","16146.1216848394","16576.7158840406","17099.658209132","17635.3608581831","18425.2601213581","19102.2776603905","20166.5323431214","21485.780992381","22175.2369557321","20307.6188322273","20444.1201295876","20535.4155754108","19894.8697964548","19704.2186005128","20228.7081986391","20697.2748530619","21309.7122138949","22397.7634988337","23293.966665323","23943.1800949889","22811.8050540778","24665.4410464026","25275.715967757","25773.9015835069","26134.627203987","26367.1907353982",
"Sweden","SWE","GDP per capita (constant 2015 US$)","NY.GDP.PCAP.KD","16812.3575237848","17684.0141602488","18335.7770665432","19204.1484530655","20361.4017863414","20941.3474037449","21176.7259593757","21722.1060270222","22386.3016044153","23343.0283759473","24623.249431809","24685.407089056","25175.8867084479","26129.7839499588","26887.3346708697","27464.4049610736","27654.2494023205","27116.3390871045","27511.0807850431","28505.2342759779","28931.0264163728","29027.7824143923","29373.4380991971","29918.1729235917","31155.2490743847","31775.7912577093","32555.1791684435","33534.9428309982","34235.4074821733","34910.5951930064","34903.3480401006","34268.9743998346","33673.8489875564","32787.2810455518","33862.4221711967","35064.4138802129","35605.4537507466","36675.7506543343","38211.7233090832","39786.0271902555","41561.7747635857","42014.4022302506","42831.7584103774","43475.3655433221","45114.6701230708","46189.6828420555","48078.3520110084","49262.152916545","48428.6587081751","45974.3911151254","48205.5492512742","49356.5905257047","48789.7906883637","48928.4994141291","49557.6183647959","51188.1652120493","51626.3235312369","51894.3748177808","52203.0872589761","53024.4099494317","51624.5811789573","53997.1337068799","54304.1877501033","53937.7967122429","54316.2619329718","55014.3814616932",
"Eswatini","SWZ","GDP per capita (constant 2015 US$)","NY.GDP.PCAP.KD","","","","","","","","","","","904.758288940484","1001.92984186377","1027.69283540475","1089.3879155982","1119.36003750229","1238.16350597544","1175.66310630915","1150.13175298559","1127.62759129896","1124.88785465554","1223.7010122456","1357.00746151632","1328.04038032375","1300.5544789406","1336.42629570893","1337.19295932987","1442.88839640842","1590.689371117","1618.91934480167","1745.0256877423","2027.97481893357","1982.41521742784","1969.96082517613","1972.8034062953","2020.38481816452","2119.58163612274","2157.86134438392","2187.69829843414","2216.00896777397","2256.76912984402","2273.04683761056","2283.98316815361","2358.56935643468","2448.83792077995","2522.14342097167","2658.75180508187","2823.48728215402","2928.46845823015","2950.67334362132","2973.83456912379","3069.52175725884","3108.70225253092","3218.50138205493","3332.11983927912","3381.79292071291","3419.82276559528","3500.17688847942","3596.23605400492","3565.54285067501","3759.67106964666","3609.3669136859","3719.03838239806","3695.64957179548","3790.16576788091","3866.37127926695","3985.70411891032",
"Sint Maarten (Dutch part)","SXM","GDP per capita (constant 2015 US$)","NY.GDP.PCAP.KD","","","","","","","","","","","","","","","","","","","","","","","","","","","","","","","","","","","","","","","","","","","","","","","","","","37548.9474627441","38403.0705201664","39615.1371367338","39298.9873567827","38889.7715088035","38623.1999405819","37839.6283815163","37428.7027557069","33945.4185182499","31047.7241050626","33877.976645467","28920.3773007159","29834.6350068383","33523.6042042737","34300.9630414348","34840.1808133458","35554.7840712003",
"Seychelles","SYC","GDP per capita (constant 2015 US$)","NY.GDP.PCAP.KD","3169.8719362006","2931.52295872465","3094.82323303369","3322.94260496593","3432.56045494626","3311.93105019453","3679.30050746873","3608.07514941437","3787.78708615717","3698.74352837889","3934.10745937442","4466.48702153242","4635.19530046487","4978.1966610497","4952.09433656679","4992.67635279626","5689.07506488881","5226.17270451846","6294.51380248905","7226.36841156741","6795.44213443153","6453.04441345632","6282.31243363473","6251.16837292603","6481.83312252185","7091.31069778707","7100.93735358387","7137.55603586632","7489.74029923645","8210.90696953337","8779.85231337378","8902.83798776266","9497.7554107084","9981.2446035158","9481.8805265777","9388.81967720743","10177.0904671696","11284.8459766598","11339.3481297046","11326.9386083063","11703.7535246117","11427.9413083015","11218.2606464315","10677.9692081272","10412.0868936027","11297.3118190493","12105.4475265558","13112.8210098816","12473.2921769121","12116.3783687977","12313.5566919249","13843.7116081878","14135.0010570653","14050.3135581314","14395.6158118771","15333.1051727105","16962.6753972731","17921.5731976918","18628.1862276696","19481.6461053742","17048.361729788","17005.0422063679","15471.2109575418","16286.8557867673","16612.6374865452","17378.7777801503",
"Syrian Arab Republic","SYR","GDP per capita (constant 2015 US$)","NY.GDP.PCAP.KD","517.130514512015","556.25436306031","672.560727258327","596.197694870389","631.861471921623","626.627336298573","560.706261645555","588.016884321719","590.709459738166","679.257175646847","645.574169891246","680.205581126782","826.209921247468","715.159740182938","869.845673631733","978.290679370316","1061.23480762356","1006.94924402261","1069.74525699473","1043.217366274","1155.12764624005","1204.04762186175","1197.24945479248","1183.930996936","1056.12410830319","1114.96205910663","991.109212549915","973.61912796931","1110.6213319583","927.805625100958","931.884004809498","972.284722031189","1065.20347690082","1097.10915461797","1142.06267499391","1188.1740389135","1270.04979705395","1299.29708277572","1352.12635287652","1271.32082241485","1248.38345857564","1264.321407912","1331.12579353123","1307.48124980131","1363.6138135409","1411.6316668592","1420.72014052107","1411.68909698729","1423.59407304833","1484.40718049155","1526.36518590261","1542.71903961106","1142.29215064994","884.328816905262","847.658909813856","847.731545352582","802.968607901263","795.881817153216","792.412864720441","771.517948289192","753.135305709477","746.077458768389","716.943843933856","","","",
"Turks and Caicos Islands","TCA","GDP per capita (constant 2015 US$)","NY.GDP.PCAP.KD","","","","","","","","","","","","","","","","","","","","","","","","","","","","","","","","","","","","","","","","","","","","","","","","37466.1822614725","38854.1075698814","29988.5997375172","29111.8729223189","29363.9475927366","27441.3335987017","26477.5410719582","27636.8210228067","29457.0140691162","30183.0002949881","50586.1032335151","51863.1830309332","52419.8862128617","33739.4253991739","42907.7492465912","48307.3079245499","54523.0330927151","57179.29601876","",
"Chad","TCD","GDP per capita (constant 2015 US$)","NY.GDP.PCAP.KD","802.089876409884","797.06897570897","822.960172923158","793.479197033756","757.985041722417","747.496564326635","719.764274166884","711.310053749761","694.261863760083","727.223958670081","725.503971135201","694.390943212965","686.870232109947","614.675542174797","630.550198936402","672.70447468139","679.058004450974","681.351575202057","665.899724938575","512.207079129412","480.157386509886","484.574160471131","487.048325220219","536.180952503714","540.007159507647","651.091982291067","606.106003865961","571.257670964466","637.738401241228","646.594144558976","602.670685765046","630.620682697131","652.785002167398","537.410535926223","578.423503785715","560.331446829175","547.925799475536","559.25985583523","577.909573477303","554.148900751381","530.600331266396","572.806706826392","600.171451974963","661.55691667897","845.518131165737","952.871910087319","914.21066458867","920.35281567764","916.08727463451","871.485311278207","956.953018707396","965.286963559567","1016.42152061942","1008.61711428961","993.321157706456","993.990730610869","923.565872051196","879.075895464417","898.834794005046","917.203710060136","884.980541934939","857.52763057976","862.602128172536","856.985507283698","855.999353179333","873.528540127688",
"East Asia & Pacific (IDA & IBRD countries)","TEA","GDP per capita (constant 2015 US$)","NY.GDP.PCAP.KD","329.542949651428","285.494988801379","279.881179298679","290.495154292387","314.209389837476","339.818414005776","357.236266096738","343.109845823489","340.082773704442","368.82610957136","407.404225195726","423.509323428459","433.454064477267","458.501295426732","466.38593890656","488.37530663729","493.242463293634","521.70367933532","560.716238951639","590.653063818035","625.097917113766","649.732997495207","679.786798681432","719.840823418083","779.253354280976","827.578147939793","872.015377090804","935.69739532911","1009.42315105077","1049.13452793103","1085.38647875566","1155.42204972484","1267.1415341059","1391.27134973283","1523.06855301591","1652.400614639","1779.91841308712","1887.83148838086","1921.51989066734","2023.42082138268","2157.85535603795","2286.87458531728","2451.23083387714","2649.71946543958","2868.82269353821","3131.6805514233","3450.71267623218","3849.69181744448","4149.89172169115","4448.80407260716","4852.63859013079","5227.95136482515","5575.01390464133","5931.54927372231","6296.37014710907","6664.53447337008","7045.16072110558","7457.82890009373","7894.29743865068","8312.8476797593","8386.41483907815","9005.51806406365","9303.40405088781","9774.78042985959","10241.9890248099","10734.6268335252",
"Europe & Central Asia (IDA & IBRD countries)","TEC","GDP per capita (constant 2015 US$)","NY.GDP.PCAP.KD","","","","","","","","","","","","","","","","","","","","","","","","","","","","","","5459.88513965115","5346.60951951545","5006.96939084445","4511.55178801154","4289.41225201665","3919.92053424655","3912.46445833365","3946.28035788844","4058.47185144406","4029.1180787729","4130.40464657393","4437.3279983663","4558.68495710412","4789.40719343969","5084.48553032781","5481.95683609424","5843.32142618431","6297.57598769406","6778.5300441514","7066.17131599245","6711.53031024933","7000.76886191211","7380.61822115828","7600.7808253936","7818.91433979736","7958.16097502701","8034.6842596255","8146.53010473417","8464.38023977556","8750.28088810459","8959.32260249973","8812.50868521582","9476.65110748915","9708.77674684136","10132.3013270566","10509.1101785927","10747.6908845634",
"Togo","TGO","GDP per capita (constant 2015 US$)","NY.GDP.PCAP.KD","449.342606764031","495.26050964275","504.980942509924","520.581685697876","583.5986207254","660.540801620043","708.069104577703","731.676981544196","752.401293925333","797.208661989611","777.002861044773","752.37904040803","787.044654998576","796.107086341115","813.830115793367","813.557188093519","778.017342693471","812.677773562489","881.123628658871","814.702993063501","907.69294556498","850.770673923962","797.522278038586","736.580535856035","759.310233229592","779.215630036591","767.131587089305","748.062358533017","774.0729921202","781.968520041802","757.568150002531","730.890821015159","682.175898912642","585.840956389145","670.817431721652","687.145176769208","716.372671266443","792.111709235126","754.708267677364","754.520837025414","730.148392769906","718.084179469825","727.322768684689","757.076842057466","731.610797958447","680.485159475257","678.890227390526","650.046681355874","654.896723036341","668.669623161752","686.014185396121","706.442158827353","733.683602929868","759.841612443554","786.587399651446","813.894676975085","832.959515987733","851.735728621337","876.562800915869","900.166602437871","899.748802355348","928.301087692897","970.535975822983","1011.2308927823","1053.81653764697","1096.18363113201",
"Thailand","THA","GDP per capita (constant 2015 US$)","NY.GDP.PCAP.KD","592.465635112506","606.205592712551","632.983035716153","663.55436582592","688.017307298417","722.392299176819","779.304978301365","822.065821475732","863.617164738641","894.636115562961","969.511716318085","989.909220029885","1005.14454673498","1079.19199094554","1099.02939594966","1125.83955126106","1202.74424654629","1291.9197681028","1394.18134022016","1438.53929504306","1482.08742004737","1538.43127414973","1589.42168596819","1645.99169094684","1707.9308019841","1754.62716249659","1818.90504659625","1957.75963674452","2180.41358654182","2406.26996824545","2631.51971095863","2810.56702001316","2989.85385369019","3186.99707103229","3391.48986604062","3614.93244016732","3766.86364433088","3614.60848543994","3295.36018381294","3403.08737356896","3514.71662970608","3599.02524877358","3783.75422073266","4018.15538187068","4232.77157261934","4372.25730206261","4551.5250018314","4760.66708464831","4805.76393990836","4737.45679763314","5059.35747831657","5070.23740191942","5403.87846036273","5516.61164164135","5541.46599361845","5688.85335397884","5857.78052935926","6076.74307700082","6314.19948412043","6434.53770518034","6032.42244606793","6119.11018526099","6279.82250415973","6423.99101164149","6616.58539335928","6782.7505882501",
"Tajikistan","TJK","GDP per capita (constant 2015 US$)","NY.GDP.PCAP.KD","","","","","","","","","","","","","","","","","","","","","","","","","","1417.66822234171","1420.20197771086","1355.73849750343","1491.07389448452","1353.85336651245","1312.94701318034","1188.37461269952","827.586884623268","682.727259317268","528.04821736829","452.904385394465","369.934883507426","371.661243144454","389.089746664022","401.406381787908","429.537300984643","461.681195760256","501.80856647117","546.391479808684","590.957111385699","618.333702588577","649.163328755334","686.48090192413","726.185491338269","739.212878526331","770.604105393791","809.368229154093","849.519080831738","889.882383099979","925.970961482804","956.916310930656","997.352614556708","1042.26391757642","1094.8002018221","1148.34676712493","1171.90127480359","1254.06999592306","1325.75545290849","1407.1075436221","1496.33813395037","1592.58651375753",
"Turkmenistan","TKM","GDP per capita (constant 2015 US$)","NY.GDP.PCAP.KD","","","","","","","","","","","","","","","","","","","","","","","","","","","","2647.26928780534","2851.04436832654","2652.88326493557","3497.89920091387","3254.31337476988","2704.98191255663","2685.83184101107","2175.72604028722","1983.16344483491","2079.99758720175","1811.89459160428","1908.07863828898","2182.50137303073","2256.40240323977","2307.71956018735","2268.02824244615","2296.70842307223","2365.72190264503","2624.2315668841","2858.53224143565","3115.9792751828","3506.50453694834","3647.67813083756","3902.54200118683","4383.14380872567","4762.66047536389","5131.14087328544","5535.50161297771","5759.497903834","5979.47627661058","6221.41962759021","6460.13015920839","6719.32320157703","6964.38162887016","7244.61385880341","7549.25301930356","7879.96559789716","8229.67261114232","8605.36149865389",
"Latin America & the Caribbean (IDA & IBRD countries)","TLA","GDP per capita (constant 2015 US$)","NY.GDP.PCAP.KD","3333.1398389394","3435.13398297811","3487.18597769843","3458.32577438775","3614.95166559624","3710.46207645049","3781.64833852051","3837.58460759836","4007.15865040547","4159.65302502673","4324.27864662007","4498.81195646583","4697.84424910301","4955.6716365586","5143.68111009391","5205.87698404857","5364.21217921254","5492.51150288615","5597.78291802524","5863.77068729663","6105.3274410168","6022.55572569786","5877.25221723025","5594.76970597322","5680.55662019316","5732.48628401248","5818.1816358101","5896.59346453903","5814.44923574053","5765.85233615291","5654.49592365493","5745.44151810499","5805.60465847547","5963.72313787531","6161.00695983795","6106.18930980932","6238.87936325984","6477.31836726158","6558.45212186438","6476.33939338891","6609.75491780903","6536.56971674071","6458.56096728307","6518.71090729152","6799.2914773993","6997.30872821488","7284.00945702325","7589.78302426148","7789.67796085559","7519.4352696386","7913.20182058713","8183.49690860235","8314.56455528008","8456.92525770353","8473.41365340212","8404.04978849743","8259.95033794012","8315.23504920842","8349.31011182677","8304.43005301967","7684.93194839094","8194.51065809746","8479.2645101924","8611.07781121831","8744.52778534944","8889.25615975034",
"Timor-Leste","TLS","GDP per capita (constant 2015 US$)","NY.GDP.PCAP.KD","","","","","","","","","","","","","","","","","","","","","","","","","","","","","","","633.18249048302","684.870530173927","736.591648101201","789.900697434911","823.062424783438","854.130472722832","897.360531368488","907.916565963385","865.831377976116","631.072912537914","1117.56429796112","1192.74796162196","1028.1319342253","964.32256461813","955.470548287377","964.026614173558","897.573763670928","961.848462090269","1042.86835443002","1120.09698448398","1195.38067803197","1237.48383284275","1269.41629276068","1281.92864092574","1312.96494079465","1319.59297370991","1333.6585468432","1267.08660142883","1237.20064730412","1507.24748294374","1947.83997138866","2015.82039246197","1579.71084680858","1279.2112241611","1149.21889002201","1213.88624944473",
"Middle East, North Africa, Afghanistan & Pakistan (IDA & IBRD)","TMN","GDP per capita (constant 2015 US$)","NY.GDP.PCAP.KD","1019.07101177797","1030.71434217369","1030.89301963892","1116.97935992909","1198.53466979295","1309.77979991353","1366.03646900447","1429.49481056864","1563.17703606751","1688.07377963309","1784.81251563707","1833.52351232018","1996.68833341702","2048.33552245791","2139.01105268833","2142.69515276381","2395.51092733144","2365.15194453706","2253.89147293523","2176.33502944833","2041.25313474126","1951.10685415205","2098.7396327505","2131.06488943307","2068.37395964667","2091.85931038056","1992.28958460735","1952.57794237856","1930.07014930123","1927.09359091484","2056.93672405299","2024.44712949302","2067.65788441487","2044.26757222052","2039.30445093544","2048.74084383873","2120.61135983005","2142.27037446434","2205.28063635609","2245.20163627688","2324.47374187732","2341.85548813008","2369.04863370009","2378.2687729575","2502.27907345539","2566.36310130843","2645.26623060397","2739.2081362149","2772.98146343357","2788.38392625619","2860.48869374477","2789.01231595172","2830.4473285746","2807.49675855009","2822.91033070601","2805.48695611112","2912.85149131795","2962.3615987999","2972.03291109214","2960.32844444325","2834.79641974013","2907.14478110535","2981.95267795857","3016.38786220006","3037.56299208501","3047.76727731953",
"Tonga","TON","GDP per capita (constant 2015 US$)","NY.GDP.PCAP.KD","","","","","","","","","","","","","","","","","","","","","","2589.00431043349","2709.79083604504","2763.00220930298","2811.26351483563","2995.82264405074","3058.48239938638","3138.07903391439","3060.57558256904","3059.09419981652","2987.63694151968","3173.08632726861","3177.04257553004","3293.13542006864","3454.05483581131","3667.018949682","3668.59609669275","3632.11240437129","3689.21670248881","3749.82348312358","3866.68591314331","3901.1807203994","4050.98962313421","4030.19690552619","3928.06030724493","3880.07054158497","3775.24848570829","3665.89549972281","3833.60169058266","3630.76096995072","3653.97817265087","3892.76807750666","3932.59367180675","3962.16980948788","4058.81584447473","4123.90347238813","4419.8147470039","4568.62484962494","4583.55968565688","4566.07508700721","4647.0077529158","4612.90086913298","4533.96809820124","4680.30010664357","4779.92399898557","4934.27100795206",
"South Asia (IDA & IBRD)","TSA","GDP per capita (constant 2015 US$)","NY.GDP.PCAP.KD","331.594588637992","336.598092429103","339.343602185539","347.522537113204","365.693771379908","350.671607625681","345.112178091641","358.435666108748","365.332731169381","378.178629972378","388.660097239126","382.783093851327","366.537625393587","370.280857787761","370.034346953743","387.78205233197","387.067027935361","402.983103279391","416.767955584302","392.710048044122","406.01017809505","421.017081722905","425.002266583628","442.734065111114","450.227052569165","462.218920679433","472.983074795904","480.157241386305","509.659349362598","525.863675684905","543.339636497627","539.975756355243","557.346083105101","572.21718916658","596.466356439365","626.757959530257","657.930640222156","672.358162095982","698.977290576909","742.115275298079","758.133172433103","778.357238654588","793.587791994034","838.605352866225","887.193101541892","940.169908937804","999.335555352338","1059.31634784168","1081.29827128245","1145.46231054376","1222.51823005713","1272.07513801273","1326.51107387395","1392.20217832083","1475.21676492149","1570.54142452744","1676.35409771736","1770.26291313502","1863.72112635371","1920.39706306333","1806.99045379049","1957.51785298129","2079.70096039385","2201.34248982502","2329.35958665331","2473.37479516024",
"Sub-Saharan Africa (IDA & IBRD countries)","TSS","GDP per capita (constant 2015 US$)","NY.GDP.PCAP.KD","1157.88691816813","1142.56680045155","1182.32380928779","1225.36233252234","1254.20871132837","1279.79870878606","1272.68204604474","1230.64690273427","1236.22383346853","1312.03905041147","1376.9316541907","1443.72262418368","1447.01310041102","1468.15234449054","1534.81630891271","1488.6999878839","1522.16442401286","1521.30408086941","1475.0803560561","1487.71569053297","1498.44109517198","1442.42606025386","1381.79070480047","1307.37682422982","1299.09301065356","1287.34250385211","1274.07451049862","1274.06727762196","1293.75756995904","1286.87217942623","1279.83580055029","1250.47868032554","1211.18047015045","1166.16737156087","1147.24187256318","1154.3902119079","1181.68670515653","1197.89221793831","1195.8523183401","1189.78158389521","1198.41035230362","1215.95723291217","1259.36882961546","1276.36045213934","1325.18723336594","1366.97314297454","1410.57668732902","1456.90044586522","1490.82485147612","1495.84741754789","1543.42062336352","1566.14176154754","1574.72990968301","1613.00691852166","1644.07050150089","1647.32085826836","1625.38221431193","1622.88510482914","1624.6365666885","1623.20798700291","1529.91025762634","1545.11388324435","1568.02152788113","1571.4055801623","1588.93961326571","1614.99946516665",
"Trinidad and Tobago","TTO","GDP per capita (constant 2015 US$)","NY.GDP.PCAP.KD","4289.58016140191","4788.56071267227","4824.5834589262","5000.61610501024","5286.92600003603","5234.94990319612","5363.48703368849","5395.89309733749","5603.54489539881","5687.88323085245","5824.93325556077","5820.28897269207","6081.88911964672","6104.85549762827","6258.69385969705","6274.58069926899","6596.06929726034","7109.45338585193","7722.66513853923","7897.63747651267","8608.64103141529","8896.49691094672","9131.57369955301","8102.01202981345","7555.02398178157","7156.0601298809","6830.7477176866","6442.887063726","6126.40553612494","6019.13660888101","6058.21521640153","6197.46242847246","6771.98415842128","6680.48480038241","6876.49857217898","7100.85381245723","7573.78560828675","8112.94285878867","8742.6993105224","9412.08108378445","10023.0206669207","10395.2041042218","11165.960015838","12714.5004334846","13657.2534995604","15075.4179709902","17021.2241679562","17758.6995224652","18285.2735441992","17461.9640940055","17938.0949459463","17746.509252615","18835.6674122954","19392.1974593783","20032.5402001718","19887.2327716498","18331.034459758","17402.6155328454","17205.615135339","17225.361633712","15679.9611486825","15558.0940536829","15712.230497272","15922.7668349788","16312.4849555716","16190.712981883",
"Tunisia","TUN","GDP per capita (constant 2015 US$)","NY.GDP.PCAP.KD","","1422.01727155932","1340.33151049925","1180.78687826247","1109.8459662917","1064.7331955074","1079.99552603311","1057.05063575993","1138.64343236254","1162.96264201228","1187.21320404709","1280.0898058676","1469.53638869636","1422.82399710974","1497.83333235932","1562.5286594028","1641.27217423592","1653.43687109839","1717.12055168258","1788.22151737064","1877.33460917719","1936.27493963202","1884.78227052679","1932.42391419246","1996.46327787975","2055.19144815615","1974.71267916921","2055.73899547611","2009.63775948264","2000.28670492904","2114.47034536085","2151.20851677353","2270.86449442765","2274.64182637585","2305.16127524434","2322.59207185194","2452.90929820496","2551.55055160864","2639.87498120997","2766.57007135231","2864.54703666618","2941.73893592906","2950.20410959054","3058.22895827842","3218.72320748457","3301.93817216029","3444.5513526091","3642.11977444786","3760.11828478704","3835.25011939301","3906.90625867605","3784.7412903401","3900.04620132702","3947.58763533174","4021.59954703591","4014.94773686432","4015.28893802703","4062.80606534519","4127.97005697994","4153.27978615515","3749.26841452928","3902.53322990199","3986.54558325666","3967.33387634534","4006.20588267443","4082.32215877864",
"Turkiye","TUR","GDP per capita (constant 2015 US$)","NY.GDP.PCAP.KD","2449.49172113529","2410.64315192164","2477.15779671441","2630.46192631855","2702.27677562415","2709.66882095403","2937.88808573302","2998.05906252199","3121.39879143887","3170.16461269859","3196.68555963572","3295.46998829981","3456.20727498748","3487.3522082994","3601.7966810353","3780.9371520204","4092.05544946496","4145.06343835049","4123.30032361003","4017.92426432571","3842.04482389031","3949.28850759335","4003.50315441713","4104.90632975913","4280.87525403423","4364.45011849922","4572.10668339085","4904.82484018353","4919.41900099648","4837.93436492876","5188.18244439241","5134.41760877172","5301.80855982172","5609.85056730997","5255.80339736897","5577.82539654281","5887.67309798528","6230.18622126407","6261.28870069222","5989.55700860592","6326.25746472488","5906.92348536699","6211.70542960394","6496.07277294612","7061.62219794984","7623.14640948457","8078.5153787571","8477.53328393352","8447.93976396947","7925.30110421185","8472.57809050119","9265.85910238578","9588.32066531438","10269.4489140773","10597.9801881716","11064.6494504662","11279.6169531569","12005.6459824832","12255.0082146169","12238.2950220128","12338.643833135","13670.938029516","14273.5747654873","14932.8851363122","15395.0278894893","15883.1187401807",
"Tuvalu","TUV","GDP per capita (constant 2015 US$)","NY.GDP.PCAP.KD","","","","","","","","","","","2435.17474701489","2387.33440865195","2337.90270361547","2297.20893293803","2203.95816697513","2066.06812776167","1956.79791178129","1804.13909241825","1702.08841977479","1641.76535990535","1590.96075030684","1597.62775483214","1317.70001104881","1412.9006993372","1496.60501526062","1442.84746867701","1731.913772882","1908.42569769573","2237.59193215442","2157.53418798733","2450.79726036268","2502.27716517093","2540.7562718213","2619.69518382039","2863.67111176146","2698.96068050891","2521.22126914168","2756.31403388992","3166.39547155271","3102.1067626385","3056.55101983122","3043.15907920605","3320.16858154912","3152.22822039796","3042.6128529965","2864.90524160208","2900.92710155819","3069.67368184077","3230.22109521715","2987.80397939993","2879.29645720352","3028.2511217061","2922.07629963849","3030.55285189857","3035.24325598472","3357.83417700071","3558.61212970652","3666.20189700038","3757.85997284742","4345.99606453315","4233.0183205634","4396.04894488478","4515.29701517492","4773.34085526672","","",
"Tanzania","TZA","GDP per capita (constant 2015 US$)","NY.GDP.PCAP.KD","834.492431640625","820.259765625","869.289978027344","897.041076660156","918.554931640625","929.989868164063","1006.95916748047","1030.11999511719","1059.94592285156","1058.02795410156","547.600341796875","549.467468261719","567.920104980469","581.759033203125","572.999633789063","574.565002441406","572.357055664063","552.289428710938","544.240051269531","539.403015136719","536.933166503906","515.711853027344","498.374603271484","480.399017333984","486.725524902344","476.979888916016","486.831359863281","493.825897216797","513.868591308594","519.22265625","541.544799804688","538.966979980469","528.781555175781","518.66259765625","506.972503662109","508.840423583984","522.333251953125","529.954223632813","535.363159179688","546.605529785156","555.348083496094","573.400146484375","598.421569824219","621.720703125","650.516540527344","680.051208496094","704.502746582031","731.52001953125","752.540466308594","772.929565429688","801.29931640625","838.999267578125","851.910705566406","882.8115234375","913.811218261719","939.127319335938","970.156127929688","1001.55895996094","1024.01525878906","1051.7666015625","1041.25964355469","1054.31726074219","1070.58532714844","1092.86413574219","1120.77416992188","1153.17529296875",
"Uganda","UGA","GDP per capita (constant 2015 US$)","NY.GDP.PCAP.KD","","","","","","","","","","","","","","","","","","","","","","","359.206285547545","370.539961015941","359.510382451245","337.997945432752","329.57852173859","332.185941474188","348.37383295348","358.769886121704","369.839286985576","377.780503685951","377.609612721367","395.163949168597","406.592301920177","441.226201168263","468.427898950193","478.250663988847","487.008977266219","509.455395054388","509.19755319016","519.456547890884","547.405338919875","564.720539196569","585.339489080616","604.404813057618","650.270540867444","684.542241787248","722.565167003452","749.342865535423","768.624091660131","816.516366587228","823.580468285493","828.988669729986","845.978664791099","862.934610355811","874.648370639216","871.093880017151","895.07512785438","920.939101515671","917.0350317644","919.401675217265","933.094056370423","955.745797275462","986.090145363924","1020.5762056167",
"Ukraine","UKR","GDP per capita (constant 2015 US$)","NY.GDP.PCAP.KD","","","","","","","","","","","","","","","","","","","","","","","","","","","","3141.6796875","3209.2822265625","3321.19091796875","3102.310546875","2826.06469726563","2538.85278320313","2177.23486328125","1687.48449707031","1493.38208007813","1355.57336425781","1326.27795410156","1311.59362792969","1319.533203125","1409.22265625","1547.2783203125","1644.28125","1814.25854492188","2042.44494628906","2122.6015625","2298.13232421875","2498.35205078125","2567.69409179688","2188.17016601563","2285.93383789063","2418.12084960938","2426.92944335938","2432.41625976563","2308.6435546875","2094.47387695313","2156.0830078125","2217.7529296875","2308.6669921875","2398.07836914063","2324.107421875","2426.6123046875","1874.66296386719","2164.26123046875","2226.05810546875","2196.63818359375",
"Upper middle income","UMC","GDP per capita (constant 2015 US$)","NY.GDP.PCAP.KD","997.700323338484","996.436755168594","1011.0418797461","1030.55181550099","1091.5516077891","1146.18560029951","1185.60002960622","1200.35453110704","1250.8326213614","1319.43874659587","1391.99308029202","1446.48055934981","1519.74472624043","1600.75824742964","1664.86652256522","1706.33220182287","1784.70610972498","1829.31818461926","1866.14212457143","1936.65872971252","1992.79259998608","1996.66390088132","2021.50930194375","2014.00981154964","2079.10363849805","2133.31584258114","2172.65856521455","2238.2142570202","2274.75768636343","2303.12683353923","2327.54444957577","2361.92874938985","2432.95499126446","2540.78412928856","2647.46236885247","2732.41375610872","2867.03907588306","3005.26901412941","3057.56742762479","3122.75324301312","3274.76537662932","3354.47746334374","3484.47233648938","3657.69991641844","3909.41046315501","4166.15939669108","4482.59348714912","4861.07537783062","5121.53273162959","5256.4399473687","5653.68598674602","5988.84011702199","6275.99264083172","6569.48480689983","6835.14391841545","7083.47780015619","7348.66781323555","7681.04359492421","7998.61658821282","8280.04701239745","8191.064948597","8773.6893792671","9057.3896482151","9448.07566849762","9814.41283901258","10192.3534150303",
"Uruguay","URY","GDP per capita (constant 2015 US$)","NY.GDP.PCAP.KD","6634.19064094179","6714.42564871062","6529.05672885775","6464.23937649481","6548.58687153197","6547.98299761764","6682.54699505643","6380.1382925838","6447.95879059088","6778.45463653142","6894.77166584278","6839.05314002361","6712.49475408714","6694.22057407495","6847.46769966687","7218.47356615208","7453.06660958971","7514.58267665845","7874.42397763508","8322.21087541239","8772.55429720278","8875.41372143275","7976.3987522595","7125.0572968269","7011.48236418771","7080.00108604848","7663.58167679033","8229.87299178332","8302.57484462415","8344.46966462033","8320.3559048693","8565.26927800028","9193.55122074713","9388.10939080161","10019.3479243955","9822.89680356996","10316.2027570949","11138.8676127212","11584.9491858277","11357.0866859804","11096.3309569487","10643.5574019273","9806.7713064359","9878.75684344081","10366.9067382871","11131.3984890038","11574.470540231","12310.482735502","13165.83628166","13691.71420689","14722.3780081191","15443.9961926395","15949.3176985435","16639.4054750651","17122.0364563225","17125.9016800298","17357.2349992841","17611.6036800874","17608.94412947","17758.4384273402","16443.363490131","17416.0052308469","18249.2912168828","18403.6753125157","19024.1204266155","19374.5158425622",
"United States","USA","GDP per capita (constant 2015 US$)","NY.GDP.PCAP.KD","18991.5445998554","19108.9353618196","19965.1435740168","20545.7842448928","21437.5840707345","22526.2055153932","23714.9390303358","24044.5651288028","24948.3569003897","25471.6161794352","25231.1271587521","25734.4828317751","26798.5336106847","28042.5519181903","27637.2997756103","27309.8688183059","28509.1430593189","29528.9663682275","30834.9992322862","31462.1003882108","31081.6216322106","31559.1293376105","30696.0834382608","31810.9216076638","33818.823551545","34918.1302039172","35794.8877746784","36701.9453874612","37889.3773459827","38911.5418959959","39200.0658091762","38637.8398179104","39447.9472850606","40002.4762253198","41106.9881833481","41710.8207256668","42783.8165724095","44151.6860410035","45596.4306879224","47234.2455290381","48616.2546282435","48597.4246124122","48967.3661217576","49905.5233080788","51348.3473386025","52649.5713060461","53596.315236412","54152.8292673551","53703.962897927","51863.6183416558","52812.6829869279","53215.5362314388","54000.8410778217","54728.860179812","55665.2411187802","56849.4697923159","57430.8499298804","58435.9707535619","59817.6556798612","61047.9648238812","59533.609024416","63096.7856149746","64322.2332819139","65667.281580468","66856.5131698371","67945.6146497427",
"Uzbekistan","UZB","GDP per capita (constant 2015 US$)","NY.GDP.PCAP.KD","","","","","","","","","","","","","","","","","","","","","","","","","","","","1632.60918153926","1733.22868026946","1740.60611634042","1726.30546724627","1677.00705207512","1452.98873488236","1387.10439786651","1287.14935182537","1250.27933587957","1247.8810920149","1290.28380529458","1324.80194060935","1362.51315204654","1397.01202350998","1437.5947280451","1476.49258739973","1520.35493285443","1613.64273882937","1704.33893207214","1807.87328626177","1951.57878907892","2095.38214534409","2228.0552685669","2359.64199067641","2512.68783806993","2657.09909084172","2823.00205379328","2990.56339751192","3172.89899391083","3327.90932206401","3425.78819696408","3559.85436594803","3733.50435754861","3723.82133264406","3951.99657327359","4109.08421031655","4281.20542121225","4477.90745486742","4732.67835236137",
"St. Vincent and the Grenadines","VCT","GDP per capita (constant 2015 US$)","NY.GDP.PCAP.KD","1888.24248785998","1939.66469287754","1979.82636619047","1828.80305562311","1870.01630410003","1862.12344325272","1839.36577504715","1645.03065408812","1733.52074010648","1765.57519142046","1936.84186796237","1975.6350896206","2462.63408498903","2169.26206845432","1960.73500671385","1796.5524456671","1967.10533477435","2209.82859542058","2407.57735888949","2472.09724439688","2514.62240573852","2609.11340911199","2702.87100530067","2739.02396317327","2896.40873406993","3052.17492262736","3200.23126773368","3193.20991401073","3621.01730321683","3651.65305261403","3784.79942946706","3813.79398874435","4046.68638456042","4210.24289444354","4150.97674020379","4468.26394261096","4522.93058114134","4680.55582185707","4870.32086653059","4994.11436770598","5067.96739467376","5158.56617678847","5441.52648867536","5816.20788359407","6071.94945269221","6244.35953746008","6707.27875985734","6960.17151500732","7019.9950843874","6955.82358345268","6678.04200697308","6674.58198966102","6790.68325958275","6996.57386151332","7116.22071347207","7353.73556054184","7702.8942635647","7872.92690537077","8179.99598957084","8294.67434486665","7989.74651933597","8211.33588012942","8532.7381341339","9051.35208011007","9485.18771201686","9874.85677312846",
"Venezuela, RB","VEN","GDP per capita (constant 2015 US$)","NY.GDP.PCAP.KD","4060.41476166465","4043.45816255099","4237.66091446092","4253.76727167506","4569.0561303971","4602.17927579862","4519.26855046647","4497.64285468018","4674.65175390836","4561.50539687455","4763.35090255391","4688.39362744011","4607.96565874392","4791.30384469208","4748.78544631825","4745.62478036356","4965.67045974867","5126.15825238163","5097.30484165888","4991.58511548965","4638.42050983556","4454.62233557454","4445.33179135954","3909.2596213442","4003.49960197112","3925.30258570776","4060.77175121478","4150.89606462834","4306.46260516457","3611.62173337683","3761.00501781068","4024.34298644958","4168.51186162522","4086.137450399","3905.12306758015","3973.55920518961","3881.59743994053","4044.09570748455","3982.54013627533","3673.62857141093","3732.15152475602","3789.56578237406","3396.89746362025","3078.26141026099","3576.82370624267","3875.81409628464","4190.56607050126","4489.56571662594","4655.65136715099","4451.37446074164","4323.73301534677","4444.55159079494","4638.41209800487","4642.55149314778","4412.9795921313","4096.61989137473","3374.43091608185","2863.33227846365","2359.38238345005","1759.05547364548","1255.86457068119","1272.94397516527","1376.93801227125","1427.88655943805","1501.22207949327","1518.84742704495",
"British Virgin Islands","VGB","GDP per capita (constant 2015 US$)","NY.GDP.PCAP.KD","","","","","","","","","","","","","","","","","","","","","","","","","","","","","","","","","","","","","","","","","","","","","","","","","","","","","","","","","","","","","","","","","","",
"Virgin Islands (U.S.)","VIR","GDP per capita (constant 2015 US$)","NY.GDP.PCAP.KD","","","","","","","","","","","","","","","","","","","","","","","","","","","","","","","","","","","","","","","","","","","43205.7246740388","43036.1815136022","44466.2872190216","46021.5905731819","47671.567182812","49598.1259079427","50174.7528938473","46862.8076001874","47162.7375570431","43320.176769501","36938.1682086351","34663.6460602129","34098.7109972738","34007.3529411765","34614.7482633247","34435.4944455756","35174.1019944986","36309.7438446842","35850.7433148653","37313.0484931531","36983.431060272","","","",
"Viet Nam","VNM","GDP per capita (constant 2015 US$)","NY.GDP.PCAP.KD","","","","","","","","","","","","","","","","","","","","","","","","","595.491333343053","603.977495797078","607.58999788783","616.715148033271","635.398203948006","668.323172497837","687.860316254161","713.747210806804","759.910853953724","805.606443630458","861.122422555836","927.625512005765","998.924907248853","1064.77802859908","1110.1126773248","1148.04465210832","1212.19657794381","1273.8052690094","1340.51670460271","1418.74337471509","1510.94449049599","1609.96268313651","1699.67620343393","1788.9485028957","1856.00519883979","1927.13427057454","2027.58184375924","2132.90453762087","2224.11404253256","2320.08431444934","2439.28655744423","2577.56885340113","2715.57887431272","2868.13680013379","3048.28327602145","3241.07648966529","3303.16949807493","3358.21734764714","3617.66311280437","3772.36029116103","4012.50779921084","4308.20507512834",
"Vanuatu","VUT","GDP per capita (constant 2015 US$)","NY.GDP.PCAP.KD","","","","","","","","","","","","","","","","","","","","3344.22854005572","2895.87344923446","2956.47411625043","2945.60896664167","2961.75555335141","3165.91343131171","3117.97526578841","3034.96283476477","2872.65282872819","2752.41645883526","2724.19008987511","2967.38199450714","2985.57198500513","2987.67246596791","2936.88740967171","3128.05786349354","3087.19404922191","3089.28646118538","3171.92553062882","3142.89632206241","3088.79816363894","3197.45596137228","3012.01602489196","2784.99720920365","2833.77914920751","2875.65032353901","2955.66861124127","3129.08540327369","3141.20026364818","3234.97623699324","3249.66193798709","3214.3726213639","3244.13703026186","3205.68705963169","3149.6849727764","3175.63375342175","3214.41948587141","3257.49719984988","3316.81034596861","3319.75630455318","3349.5593410421","3085.16558189305","2979.39062838967","3073.86062658113","3178.3031116212","3223.85237984109","3249.02352280438",
"World","WLD","GDP per capita (constant 2015 US$)","NY.GDP.PCAP.KD","3666.59082061073","3758.77250262805","3889.44169880341","3999.11737367727","4176.12872214355","4321.26359482416","4461.25201113523","4534.50435177488","4706.69204485463","4884.72781217999","4964.2668816199","5060.96177798072","5235.59521801848","5464.50235085175","5466.80512033489","5409.8779133443","5590.91891521715","5710.21713028289","5843.07195676427","5978.08804044549","5980.2496636777","5986.16541634047","5902.83631107186","5947.17196185161","6119.78747000196","6233.01620995706","6325.60696795708","6446.30334343936","6619.58069394832","6741.21559672441","6804.1256624154","6773.41556784101","6801.30548790075","6818.5696934514","6944.09107891381","7057.77278518959","7202.73987066597","7381.77119872805","7478.78410824619","7638.92854068848","7879.61788990331","7932.44247045676","8010.64724039979","8151.0370050525","8408.56458732623","8639.35934743695","8913.15666856363","9191.47419679425","9265.52655477352","9028.22055162901","9322.21791578106","9514.51951048996","9653.62748273357","9811.02619687608","10000.5832738734","10191.9752512662","10355.0449873521","10591.5550846784","10822.5745320636","10996.909518407","10575.2194883029","11167.6044923385","11452.0202124616","11670.8224680822","11894.2521505051","12130.6633214662",
"Samoa","WSM","GDP per capita (constant 2015 US$)","NY.GDP.PCAP.KD","","","","","","","","","","","2426.50140905931","2713.75861507558","2718.01973633836","2876.83917859234","2519.47781408786","2361.78247984541","2520.01001063196","2459.15342216343","2586.58842793436","2842.21967740579","2642.83412063183","2384.5320209018","2350.19488924474","2357.06875047975","2386.24368254951","2478.98471196715","2612.12337560311","2615.34940653937","2567.13985910386","2655.65474358004","2534.12204893501","2471.07143007975","2452.18685335209","2531.28193070432","2447.20260205264","2589.40524057852","2751.65426684601","2746.33660844689","2785.31171323751","2824.55330392791","2945.37217923198","3137.46403765812","3291.3424477268","3444.99857743289","3535.73813824914","3755.78242822467","3820.92239453139","3818.25503804332","3925.8743329936","3875.94291686166","4081.15535978003","4201.45663738908","4007.91092846814","3976.39289268132","3967.23730470679","4084.36083819933","4373.23792440391","4393.37316255965","4321.00518344962","4466.08075482035","4283.06392492734","4032.1373106241","4095.15875576978","4688.46305366113","4880.54418032056","5055.89636042853",
"Kosovo","XKX","GDP per capita (constant 2015 US$)","NY.GDP.PCAP.KD","","","","","","","","","","","","","","","","","","","","","","","","","","","","","","","","","","","","","","","","","","","","","","","","","2543.5980687089","2680.85995592712","2822.63227046091","2995.64811314457","3021.35000691677","3163.4704088827","3279.02345017707","3520.62685324451","3739.17386677497","3890.17624537261","4009.11952439378","4219.06495675744","3990.94425586648","4429.87389440857","4666.38918595784","5102.74674921908","5631.67958854422","5898.63895271517",
"Yemen, Rep.","YEM","GDP per capita (constant 2015 US$)","NY.GDP.PCAP.KD","","","","","","","","","","","","","","","","","","","","","","","","","","","","","","","1722.22439411789","1761.81146099568","1835.28111559428","1838.28268593285","1890.75509687978","1927.42298079078","1949.99754744654","1987.6265785116","2041.67107777046","2053.79786274001","2114.67265566851","2129.77268762778","2148.88860494788","2164.86083019467","2185.78999159086","2237.63762643152","2234.74266863312","2235.75075901067","2244.04491655237","2257.46902086832","2356.19960422096","1994.83663337222","1981.45800046603","2014.7289059487","1950.1625450589","1362.1738120601","1197.95865971172","1103.45634849842","1079.32938366255","","","","","","","",
"South Africa","ZAF","GDP per capita (constant 2015 US$)","NY.GDP.PCAP.KD","3993.43679652042","4032.2227245037","4155.85711467972","4329.07391977209","4532.23430548773","4664.09699107786","4722.49942007925","4906.85685086378","4953.80064833126","5029.64691362757","5135.5615026895","5200.7432180827","5137.37692437712","5220.82176643606","5385.83133677931","5327.51843473453","5301.98639575895","5155.68575875517","5168.06930314104","5220.72505658187","5399.54067871187","5498.59203384975","5291.38261097586","5015.37142372166","5091.71936365917","4865.05694085787","4712.81869464239","4664.13011613961","4714.22284174624","4687.291051902","4544.23023212165","4396.36069450543","4225.814328485","4193.59826135345","4258.26184733408","4337.29729686998","4465.50649854807","4527.04992403877","4494.85711232358","4552.85007973031","4700.87555500704","4786.482450463","4916.81498068625","5011.62223150169","5187.35683424034","5406.07581377638","5650.9883176549","5891.42069421698","6009.71963138635","5847.05811084505","5953.94506512821","6067.12482726885","6121.55783860713","6170.87670863373","6155.00589462516","6112.27382485974","6095.295060428","6125.6920507497","6117.2701406047","6032.82972598668","5569.58483319272","5750.90937479584","5786.86505344736","5756.55049453121","5715.47531469148","5713.1191878767",
"Zambia","ZMB","GDP per capita (constant 2015 US$)","NY.GDP.PCAP.KD","1187.70460116133","1166.74596436267","1102.4458219947","1103.10813202806","1199.39219025665","1355.45680953779","1239.68921603925","1295.60864749847","1270.07901687655","1224.90387889791","1246.65383007205","1211.70972726075","1286.57716971439","1238.05913338778","1279.53707253685","1213.57721788882","1250.5415032312","1157.75814389903","1129.47163480066","1062.9629308153","1062.93600223771","1094.46195855082","1030.04718157436","977.759709968015","944.930593972368","931.808263595704","910.944542362099","908.680042753164","939.599679398111","905.747380200891","878.589205998477","856.761723583768","821.850104215064","857.039669609389","764.639411345433","768.035201563368","796.018059633101","805.53240180321","781.663383813883","796.377985981253","804.48463418783","822.020935308251","833.021177549004","863.650190656785","895.475258534826","929.079255855905","968.563565019492","1013.08567432637","1053.58612301068","1110.71918102486","1183.41712409199","1208.46424569634","1258.78938578996","1280.77012176778","1299.01241762504","1295.87788680068","1303.57513869133","1308.76829240086","1321.25045711573","1301.18132976178","1228.73500113195","1269.10821808895","1298.8480495593","1330.85998216751","1343.38966380353","1355.77536277733",
"Zimbabwe","ZWE","GDP per capita (constant 2015 US$)","NY.GDP.PCAP.KD","1142.54861693219","1177.31430674299","1157.23429368398","1191.33584789891","1141.57779156678","1160.44360882467","1141.5669678277","1198.76044817273","1184.42922220119","1290.10547997347","1533.4013269655","1620.79990255539","1702.6722095134","1692.67295502401","1747.41005201736","1660.1827816457","1617.90703618176","1468.96137583067","1408.65320721669","1432.33639033816","1547.24303557325","1634.85792339379","1613.8207054948","1578.2877877611","1494.11174302875","1543.54602241645","1524.05510786515","1491.43889200127","1554.121523425","1588.24428841402","1653.56521361694","1700.16751573044","1503.8338876162","1497.59397309998","1633.9654774338","1621.41919547814","1759.94136824269","1773.50690066801","1789.35135307089","1746.22663873399","1677.34896793251","1690.14666163116","1525.07935706564","1250.91948331231","1165.54447081543","1088.63148420699","1038.22375658033","987.200362596937","803.044944654991","896.915532877845","1056.20884563889","1184.93421020563","1360.15230034275","1367.81831689463","1381.25404125871","1387.12632595026","1378.34256192374","1422.91948946927","1472.14603844842","1357.53087818754","1230.81933361016","1312.20001358807","1369.19761495571","1418.47184628799","1416.80065463874","1503.06505298089",
