economy,Country,Region,IncomeLevel,Year,Decade,Inflation_Rate,Inflation_Rate_Capped,Inflation_Category,GDP_Growth,GDP_Per_Capita
ABW,Aruba,Other,Unknown,1990,1990,5.83668775158165,5.83668775158165,High (5-10%),3.96140172360629,24763.6538099384
AFE,Africa Eastern and Southern,Other,Unknown,1990,1990,12.4579139789566,12.4579139789566,Very High (>10%),0.121248110193363,1293.76522236797
AFW,Africa Western and Central,Other,Unknown,1990,1990,1.05736139457209,1.05736139457209,Low (<2%),5.60063938229112,1262.02804836058
ARB,Arab World,Other,Unknown,1990,1990,8.4514624080388,8.4514624080388,High (5-10%),7.83215760105232,4299.76237187585
AUS,Australia,Oceania,High,1990,1990,7.33302368375269,7.33302368375269,High (5-10%),3.57297569098456,36975.4199007908
AUT,Austria,Europe,High,1990,1990,3.26187231878573,3.26187231878573,Moderate (2-5%),4.34564183768971,31167.1857978698
BDI,Burundi,Other,Unknown,1990,1990,7.00216956651122,7.00216956651122,High (5-10%),3.49982213611253,373.245241687992
BEL,Belgium,Europe,High,1990,1990,3.44831217961808,3.44831217961808,Moderate (2-5%),3.13740221731629,29609.6207516724
BFA,Burkina Faso,Other,Unknown,1990,1990,-0.504303388918912,-0.504303388918912,Low (<2%),-0.602928477580988,332.153276660935
BGD,Bangladesh,Asia,Lower Middle,1990,1990,6.12671846981458,6.12671846981458,High (5-10%),5.62225816160344,473.444821021085
BGR,Bulgaria,Other,Unknown,1990,1990,23.8000000000003,23.8000000000003,Very High (>10%),-9.11737619878788,4425.49955286164
BHR,Bahrain,Middle East,High,1990,1990,0.929335437489093,0.929335437489093,Low (<2%),4.43799717642609,18345.8379968815
BHS,"Bahamas, The",Other,Unknown,1990,1990,4.66931912018676,4.66931912018676,Moderate (2-5%),-1.59624908755521,30995.4830715942
BLZ,Belize,Other,Unknown,1990,1990,3.05907172995786,3.05907172995786,Moderate (2-5%),11.3429425965195,4112.59517532713
BOL,Bolivia,South America,Upper Middle,1990,1990,17.1187746048239,17.1187746048239,Very High (>10%),4.63578742813344,1679.40847944141
BRA,Brazil,South America,Upper Middle,1990,1990,2947.732772483,180.13687701067877,Very High (>10%),-4.35000000000022,6149.86788926381
BRB,Barbados,Other,Unknown,1990,1990,3.07457271078019,3.07457271078019,Moderate (2-5%),-3.30759330759331,19965.24047908
BRN,Brunei Darussalam,Other,Unknown,1990,1990,2.13866293163795,2.13866293163795,Moderate (2-5%),2.64307356617202,44179.827869454
BTN,Bhutan,Other,Unknown,1990,1990,10.0118383223406,10.0118383223406,Very High (>10%),10.3831179126517,812.671325588739
BWA,Botswana,Other,Unknown,1990,1990,11.3963461199556,11.3963461199556,Very High (>10%),6.77282195004784,4039.46544455099
CAF,Central African Republic,Other,Unknown,1990,1990,-0.0123304562272102,-0.0123304562272102,Low (<2%),-2.14752806574087,519.786735961912
CAN,Canada,North America,High,1990,1990,4.78047693336304,4.78047693336304,Moderate (2-5%),0.202947848289654,31700.5781154607
CHE,Switzerland,Europe,High,1990,1990,5.40395909218937,5.40395909218937,High (5-10%),0.754674850871268,69584.5767626374
CHL,Chile,South America,High,1990,1990,26.0364811362364,26.0364811362364,Very High (>10%),3.59872304691744,5290.53694835535
CHN,China,Asia,Upper Middle,1990,1990,3.05229012075233,3.05229012075233,Moderate (2-5%),3.9225195692421,917.187887177205
CIV,Cote d'Ivoire,Africa,Lower Middle,1990,1990,-0.80587969827806,-0.80587969827806,Low (<2%),-1.09590841238308,1866.0785698741
CMR,Cameroon,Africa,Lower Middle,1990,1990,1.09938128383608,1.09938128383608,Low (<2%),-6.10569764600656,1360.47765296011
COD,"Congo, Dem. Rep.",Other,Unknown,1990,1990,81.295404814004,81.295404814004,Very High (>10%),-6.56831069464245,831.66294744097
COG,"Congo, Rep.",Other,Unknown,1990,1990,2.88905374216947,2.88905374216947,Moderate (2-5%),1.00000356627487,2363.76701814587
COL,Colombia,South America,Upper Middle,1990,1990,29.1520245976215,29.1520245976215,Very High (>10%),4.28199833053058,3714.1849928328
CPV,Cabo Verde,Other,Unknown,1990,1990,10.6535057862491,10.6535057862491,Very High (>10%),0.692171874476983,835.120723175504
CRI,Costa Rica,Other,Unknown,1990,1990,19.0397526635649,19.0397526635649,Very High (>10%),3.55306336572279,6048.58307533907
CSS,Caribbean small states,Other,Unknown,1990,1990,4.13927035305795,4.13927035305795,Moderate (2-5%),-0.342806466922113,8270.37782454198
CYP,Cyprus,Other,Unknown,1990,1990,4.5020546289584,4.5020546289584,Moderate (2-5%),7.40399951139527,17144.4609375
DEU,Germany,Europe,High,1990,1990,2.69646824292392,2.69646824292392,Moderate (2-5%),5.25500610110028,29763.3124657124
DMA,Dominica,Other,Unknown,1990,1990,3.19092323226821,3.19092323226821,Moderate (2-5%),5.41798351146888,5536.87901663922
DNK,Denmark,Europe,High,1990,1990,2.64160306382001,2.64160306382001,Moderate (2-5%),1.66026774169177,39306.7939232431
DOM,Dominican Republic,Other,Unknown,1990,1990,50.4624792378524,50.4624792378524,Very High (>10%),-5.45431239511254,2772.77065608381
DZA,Algeria,Africa,Upper Middle,1990,1990,16.6525343885432,16.6525343885432,Very High (>10%),0.800000580174981,3605.68701212608
EAP,East Asia & Pacific (excluding high income),Other,Unknown,1990,1990,8.1913713204097,8.1913713204097,High (5-10%),5.14238308265496,1072.17473909476
EAR,Early-demographic dividend,Other,Unknown,1990,1990,11.9060546010382,11.9060546010382,Very High (>10%),5.08737454573365,1835.13250226617
EAS,East Asia & Pacific,Other,Unknown,1990,1990,7.81919756505635,7.81919756505635,High (5-10%),5.10788769844861,3746.07973269848
ECU,Ecuador,South America,Upper Middle,1990,1990,48.5191129963729,48.5191129963729,Very High (>10%),3.67991405308877,3919.71758067093
EGY,"Egypt, Arab Rep.",Africa,Lower Middle,1990,1990,16.7563747077691,16.7563747077691,Very High (>10%),5.66702915715818,1972.13789303325
EMU,Euro area,Other,Unknown,1990,1990,4.5020546289584,4.5020546289584,Moderate (2-5%),3.52081468589162,24980.5136043699
ESP,Spain,Europe,High,1990,1990,6.72181952228664,6.72181952228664,High (5-10%),3.7813935513235,19174.77083233
ETH,Ethiopia,Africa,Low,1990,1990,5.15248124174767,5.15248124174767,High (5-10%),2.72645178272684,267.078134508598
EUU,European Union,Other,Unknown,1990,1990,6.14956531179858,6.14956531179858,High (5-10%),3.29743821318812,21731.257153555
FIN,Finland,Europe,High,1990,1990,6.14956531179858,6.14956531179858,High (5-10%),0.691649917806032,31291.5222587198
FJI,Fiji,Other,Unknown,1990,1990,8.1913713204097,8.1913713204097,High (5-10%),5.8000027238601,3414.95052754862
FRA,France,Europe,High,1990,1990,3.19428338029482,3.19428338029482,Moderate (2-5%),2.82962715326478,27992.9751471374
GAB,Gabon,Other,Unknown,1990,1990,7.72532188841208,7.72532188841208,High (5-10%),5.19223727652398,8354.26309000876
GBR,United Kingdom,Europe,High,1990,1990,8.06346090938833,8.06346090938833,High (5-10%),0.779266119883417,30071.2085616955
GHA,Ghana,Africa,Unknown,1990,1990,37.2590664855671,37.2590664855671,Very High (>10%),3.32881788321653,855.85250708181
GMB,"Gambia, The",Other,Unknown,1990,1990,12.1677841130696,12.1677841130696,Very High (>10%),3.55887936756983,658.711165332156
GNB,Guinea-Bissau,Other,Unknown,1990,1990,33.0019778318026,33.0019778318026,Very High (>10%),6.09999998628119,569.169670374215
GNQ,Equatorial Guinea,Other,Unknown,1990,1990,0.857871551124735,0.857871551124735,Low (<2%),-1.75856408496443,366.314404747023
GRC,Greece,Europe,High,1990,1990,20.433499109463,20.433499109463,Very High (>10%),0.0,15438.7937023583
GRD,Grenada,Other,Unknown,1990,1990,2.72423736530525,2.72423736530525,Moderate (2-5%),4.01261191599704,5102.69172981553
GTM,Guatemala,Other,Unknown,1990,1990,41.2218671380973,41.2218671380973,Very High (>10%),3.10256317557587,2741.53944249398
HIC,High income,Other,Unknown,1990,1990,5.62032342188551,5.62032342188551,High (5-10%),2.60481212553216,24803.5604850107
HKG,"Hong Kong SAR, China",Other,Unknown,1990,1990,10.4265402843602,10.4265402843602,Very High (>10%),3.83055083915474,21357.2396746971
HND,Honduras,Other,Unknown,1990,1990,23.3225664366467,23.3225664366467,Very High (>10%),21.1713674322465,457.981040092588
HPC,Heavily indebted poor countries (HIPC),Other,Unknown,1990,1990,6.8011976076257,6.8011976076257,High (5-10%),-1.12231290536693,695.764787063158
HRV,Croatia,Other,Unknown,1990,1990,500.0,180.13687701067877,Very High (>10%),,9754.76325850554
HTI,Haiti,Other,Unknown,1990,1990,21.2760320067832,21.2760320067832,Very High (>10%),1.03812280198248,1627.31264525633
HUN,Hungary,Other,Unknown,1990,1990,28.3695996532777,28.3695996532777,Very High (>10%),-3.49665976104178,8646.44754423109
IBD,IBRD only,Other,Unknown,1990,1990,16.1921375615233,16.1921375615233,Very High (>10%),2.00136534950532,2199.85579402121
IBT,IDA & IBRD total,Other,Unknown,1990,1990,10.8589657782787,10.8589657782787,Very High (>10%),2.16802158494127,1932.55369448941
IDA,IDA total,Other,Unknown,1990,1990,8.23970037453206,8.23970037453206,High (5-10%),3.81498980652462,878.988181008032
IDB,IDA blend,Other,Unknown,1990,1990,7.15888095230384,7.15888095230384,High (5-10%),5.93832070790702,1359.75619429123
IDN,Indonesia,Asia,Lower Middle,1990,1990,7.81919756505635,7.81919756505635,High (5-10%),7.24213163856464,1470.91822258528
IDX,IDA only,Other,Unknown,1990,1990,10.0118383223406,10.0118383223406,Very High (>10%),1.21246836616969,625.631482445561
IND,India,Asia,Lower Middle,1990,1990,8.97123250273255,8.97123250273255,High (5-10%),5.53345456306495,537.870269536103
IRL,Ireland,Europe,High,1990,1990,3.31732886680118,3.31732886680118,Moderate (2-5%),8.46652776398362,23456.999356198
IRN,"Iran, Islamic Rep.",Asia,Lower Middle,1990,1990,7.62767493763934,7.62767493763934,High (5-10%),13.594926443584,3222.20102704479
ISL,Iceland,Other,Unknown,1990,1990,15.510721994253,15.510721994253,Very High (>10%),1.16937035968014,37302.8060599712
ISR,Israel,Europe,High,1990,1990,17.2553348050036,17.2553348050036,Very High (>10%),7.3151991296676,22396.3023419926
ITA,Italy,Europe,High,1990,1990,6.456609061464,6.456609061464,High (5-10%),1.98577491758405,27625.1792306413
JAM,Jamaica,Other,Unknown,1990,1990,21.9601751165083,21.9601751165083,Very High (>10%),4.2005351147029,4773.62848195303
JOR,Jordan,Other,Unknown,1990,1990,16.1921375615233,16.1921375615233,Very High (>10%),-0.275903907591626,3496.48977109386
JPN,Japan,Asia,High,1990,1990,3.0785162869516,3.0785162869516,Moderate (2-5%),4.89271306574565,28904.7658863073
KEN,Kenya,Africa,Low,1990,1990,17.78181442992,17.78181442992,Very High (>10%),4.19205097155167,1329.33312766232
KNA,St. Kitts and Nevis,Other,Unknown,1990,1990,4.01098407755617,4.01098407755617,Moderate (2-5%),4.87725151603959,10136.986550185
KOR,"Korea, Rep.",Asia,High,1990,1990,8.57327225728677,8.57327225728677,High (5-10%),10.0248996213899,9672.57845182894
KWT,Kuwait,Middle East,High,1990,1990,9.83363531543402,9.83363531543402,High (5-10%),-26.2288925207873,20140.7834697754
LAC,Latin America & Caribbean (excluding high income),Other,Unknown,1990,1990,23.3225664366467,23.3225664366467,Very High (>10%),-0.276351732454444,5624.5145128785
LAO,Lao PDR,Other,Unknown,1990,1990,35.642982971227,35.642982971227,Very High (>10%),6.70457869081514,634.525297009385
LBY,Libya,Other,Unknown,1990,1990,8.4514624080388,8.4514624080388,High (5-10%),3.72013163404128,11085.9439949716
LCA,St. Lucia,Other,Unknown,1990,1990,4.26755662855972,4.26755662855972,Moderate (2-5%),9.89070151995526,8418.43121970586
LCN,Latin America & Caribbean,Other,Unknown,1990,1990,21.5079881732679,21.5079881732679,Very High (>10%),-0.174475754650828,5780.34172313624
LDC,Least developed countries: UN classification,Other,Unknown,1990,1990,8.48864649650694,8.48864649650694,High (5-10%),-0.115804535924468,609.61031629094
LIC,Low income,Other,Unknown,1990,1990,7.00216956651122,7.00216956651122,High (5-10%),-2.96116810086039,597.22505012217
LKA,Sri Lanka,Asia,Lower Middle,1990,1990,21.495252052759,21.495252052759,Very High (>10%),6.39999531084838,1388.58951567963
LMC,Lower middle income,Other,Unknown,1990,1990,8.97123250273255,8.97123250273255,High (5-10%),5.38970985635385,845.388843665815
LMY,Low & middle income,Other,Unknown,1990,1990,10.0118383223406,10.0118383223406,Very High (>10%),3.16877084222831,1633.44000577146
LSO,Lesotho,Other,Unknown,1990,1990,11.6347569955818,11.6347569955818,Very High (>10%),6.04547332978933,533.824964193999
LTE,Late-demographic dividend,Other,Unknown,1990,1990,7.60609957743892,7.60609957743892,High (5-10%),0.240783032198351,2570.27051786487
LUX,Luxembourg,Other,Unknown,1990,1990,3.25376659083644,3.25376659083644,Moderate (2-5%),5.31993003333675,66030.6478306937
MAC,"Macao SAR, China",Other,Unknown,1990,1990,7.96969384363221,7.96969384363221,High (5-10%),7.97943699762126,31378.8304183133
MAR,Morocco,Africa,Lower Middle,1990,1990,6.78259401511006,6.78259401511006,High (5-10%),3.41181222630115,1695.63647460938
MDG,Madagascar,Other,Unknown,1990,1990,11.7844838321357,11.7844838321357,Very High (>10%),3.12890505042525,538.536275056569
MDV,Maldives,Other,Unknown,1990,1990,3.64991197717477,3.64991197717477,Moderate (2-5%),16.9522974545621,4582.26127944099
MEA,"Middle East, North Africa, Afghanistan & Pakistan",Other,Unknown,1990,1990,8.4514624080388,8.4514624080388,High (5-10%),8.55044307216318,3508.19424718403
MEX,Mexico,North America,Upper Middle,1990,1990,26.6516725646771,26.6516725646771,Very High (>10%),5.25004329944582,8036.86114405886
MIC,Middle income,Other,Unknown,1990,1990,10.3326720542949,10.3326720542949,Very High (>10%),3.29789225580792,1713.14651508456
MLI,Mali,Other,Unknown,1990,1990,0.606339703737523,0.606339703737523,Low (<2%),-5.28752137337739,589.775405883668
MLT,Malta,Other,Unknown,1990,1990,2.9834058606356,2.9834058606356,Moderate (2-5%),6.29139095831148,10067.7473125276
MMR,Myanmar,Other,Unknown,1990,1990,17.6267750314504,17.6267750314504,Very High (>10%),2.81693327328911,170.233436726449
MNA,"Middle East, North Africa, Afghanistan & Pakistan (excluding high income)",Other,Unknown,1990,1990,9.05213155279776,9.05213155279776,High (5-10%),9.86332706526052,2058.34555190921
MRT,Mauritania,Other,Unknown,1990,1990,6.60022564874018,6.60022564874018,High (5-10%),-1.77130453327381,1441.35013214637
MUS,Mauritius,Other,Unknown,1990,1990,13.4880887926371,13.4880887926371,Very High (>10%),7.18673677096,3846.40593009531
MWI,Malawi,Other,Low,1990,1990,11.8235380454151,11.8235380454151,Very High (>10%),5.69229463403222,353.771303717595
MYS,Malaysia,Asia,Upper Middle,1990,1990,2.61780104712051,2.61780104712051,Moderate (2-5%),9.00852713774628,4184.76072928976
NAC,North America,Other,Unknown,1990,1990,5.08921668663315,5.08921668663315,High (5-10%),1.74443637202802,38461.7145230764
NER,Niger,Other,Unknown,1990,1990,-0.775653010977504,-0.775653010977504,Low (<2%),-1.30847828481959,465.923889536505
NGA,Nigeria,Africa,Low,1990,1990,7.36440030557697,7.36440030557697,High (5-10%),11.7768859342067,1577.19616627771
NLD,Netherlands,Europe,High,1990,1990,2.45408985919675,2.45408985919675,Moderate (2-5%),4.18322289611109,31308.9023923163
NOR,Norway,Europe,High,1990,1990,4.1310334831135,4.1310334831135,Moderate (2-5%),1.95899042256056,49851.0329994152
NPL,Nepal,Asia,Lower Middle,1990,1990,8.23970037453206,8.23970037453206,High (5-10%),4.63503634698831,422.724738575869
NZL,New Zealand,Oceania,High,1990,1990,6.09844414810204,6.09844414810204,High (5-10%),0.136887537634095,26383.7472178844
OED,OECD members,Other,Unknown,1990,1990,6.72181952228664,6.72181952228664,High (5-10%),2.90994092688275,25250.4936085356
OSS,Other small states,Other,Unknown,1990,1990,7.2569464756495,7.2569464756495,High (5-10%),5.23555843675061,7041.27020610222
PAK,Pakistan,Asia,Lower Middle,1990,1990,9.05213155279776,9.05213155279776,High (5-10%),4.45858681510218,950.884644833285
PAN,Panama,Other,Unknown,1990,1990,0.76948535495601,0.76948535495601,Low (<2%),8.09899300573224,4828.75878297145
PER,Peru,South America,Upper Middle,1990,1990,7481.66361124526,180.13687701067877,Very High (>10%),-4.98256353646605,2706.92253156841
PHL,Philippines,Asia,Lower Middle,1990,1990,12.1773522064946,12.1773522064946,Very High (>10%),3.08267252855887,1704.07568899121
PNG,Papua New Guinea,Other,Unknown,1990,1990,6.9533615990307,6.9533615990307,High (5-10%),-3.01216922181256,1892.30679279448
POL,Poland,Europe,Unknown,1990,1990,567.878800666191,180.13687701067877,Very High (>10%),,5111.3453296443
PRE,Pre-demographic dividend,Other,Unknown,1990,1990,6.60022564874018,6.60022564874018,High (5-10%),8.08441946670439,1132.19092614056
PRT,Portugal,Europe,High,1990,1990,13.6305705693074,13.6305705693074,Very High (>10%),3.95052317228428,14593.2706053569
PRY,Paraguay,South America,Upper Middle,1990,1990,37.2599561799201,37.2599561799201,Very High (>10%),4.12328287941739,4059.77343113311
PST,Post-demographic dividend,Other,Unknown,1990,1990,6.09844414810204,6.09844414810204,High (5-10%),2.67596023506147,27869.6962653647
QAT,Qatar,Middle East,High,1990,1990,3.0009680542111,3.0009680542111,Moderate (2-5%),3.41446208112872,42210.1309227872
RWA,Rwanda,Other,Low,1990,1990,4.18576372649948,4.18576372649948,Moderate (2-5%),-2.39929109760368,365.724969994263
SAS,South Asia,Other,Unknown,1990,1990,8.60546643863231,8.60546643863231,High (5-10%),5.58717150245801,543.339636497627
SAU,Saudi Arabia,Asia,High,1990,1990,2.07715133531156,2.07715133531156,Moderate (2-5%),9.4260985412794,25918.9650837526
SDN,Sudan,Other,Unknown,1990,1990,65.1580979966203,65.1580979966203,Very High (>10%),-5.47005377383857,764.450439453125
SEN,Senegal,Other,Unknown,1990,1990,0.325098630183258,0.325098630183258,Low (<2%),-0.746282224252312,990.777522619822
SGP,Singapore,Asia,High,1990,1990,3.46075338652824,3.46075338652824,Moderate (2-5%),9.82089955731777,23272.7000932159
SLB,Solomon Islands,Other,Unknown,1990,1990,8.73759261848181,8.73759261848181,High (5-10%),2.19999999881691,1805.73206812837
SLV,El Salvador,Other,Unknown,1990,1990,23.9991651130861,23.9991651130861,Very High (>10%),4.83290057793786,2348.20460167761
SSA,Sub-Saharan Africa (excluding high income),Other,Unknown,1990,1990,7.72532188841208,7.72532188841208,High (5-10%),2.25621792433199,1278.83420291407
SSF,Sub-Saharan Africa,Other,Unknown,1990,1990,7.54486109699452,7.54486109699452,High (5-10%),2.26082722814508,1279.83580055029
SST,Small states,Other,Unknown,1990,1990,4.7594412829797,4.7594412829797,Moderate (2-5%),2.92389205862469,6848.1645376059
SUR,Suriname,Other,Unknown,1990,1990,21.7399443397526,21.7399443397526,Very High (>10%),-4.49999999759301,6474.95571162121
SVN,Slovenia,Other,Unknown,1990,1990,552.083528914324,180.13687701067877,Very High (>10%),,13615.5853511552
SWE,Sweden,Europe,High,1990,1990,10.3665533879493,10.3665533879493,Very High (>10%),0.754674765275468,34903.3480401006
SWZ,Eswatini,Other,Unknown,1990,1990,13.0922899124981,13.0922899124981,Very High (>10%),21.0180005361393,2027.97481893357
SYC,Seychelles,Other,Unknown,1990,1990,3.88888888888912,3.88888888888912,Moderate (2-5%),7.45476632743625,8779.85231337378
SYR,Syrian Arab Republic,Other,Unknown,1990,1990,19.3968672229543,19.3968672229543,Very High (>10%),3.73955590233751,931.884004809498
TCD,Chad,Other,Unknown,1990,1990,-0.738282265310918,-0.738282265310918,Low (<2%),-4.17847237277633,602.670685765046
TEA,East Asia & Pacific (IDA & IBRD countries),Other,Unknown,1990,1990,8.1913713204097,8.1913713204097,High (5-10%),5.14141902525773,1085.38647875566
TGO,Togo,Other,Unknown,1990,1990,1.01534150530809,1.01534150530809,Low (<2%),-0.243656134474705,757.568150002531
THA,Thailand,Asia,Upper Middle,1990,1990,5.8639947437583,5.8639947437583,High (5-10%),11.1671634446293,2631.51971095863
TLA,Latin America & the Caribbean (IDA & IBRD countries),Other,Unknown,1990,1990,21.8500597281305,21.8500597281305,Very High (>10%),-0.0339148823903344,5654.49592365493
TMN,"Middle East, North Africa, Afghanistan & Pakistan (IDA & IBRD)",Other,Unknown,1990,1990,9.05213155279776,9.05213155279776,High (5-10%),9.86332706526052,2056.93672405299
TON,Tonga,Other,Unknown,1990,1990,9.70986384562655,9.70986384562655,High (5-10%),-2.0440915137989,2987.63694151968
TSA,South Asia (IDA & IBRD),Other,Unknown,1990,1990,8.60546643863231,8.60546643863231,High (5-10%),5.58717150245801,543.339636497627
TSS,Sub-Saharan Africa (IDA & IBRD countries),Other,Unknown,1990,1990,7.54486109699452,7.54486109699452,High (5-10%),2.26082722814505,1279.83580055029
TTO,Trinidad and Tobago,Other,Unknown,1990,1990,11.0644257703083,11.0644257703083,Very High (>10%),1.50916784295177,6058.21521640153
TUN,Tunisia,Africa,Upper Middle,1990,1990,6.54529307282414,6.54529307282414,High (5-10%),7.94981943665461,2114.47034536085
TUR,Turkiye,Europe,Upper Middle,1990,1990,60.3038691346447,60.3038691346447,Very High (>10%),9.26614667149315,5188.18244439241
TZA,Tanzania,Other,Low,1990,1990,35.8267716535433,35.8267716535433,Very High (>10%),7.04507164205259,541.544799804688
UMC,Upper middle income,Other,Unknown,1990,1990,12.1773522064946,12.1773522064946,Very High (>10%),2.7553419645201,2327.54444957577
URY,Uruguay,South America,High,1990,1990,112.525905573023,112.525905573023,Very High (>10%),0.297348378681562,8320.3559048693
USA,United States,North America,High,1990,1990,5.39795643990325,5.39795643990325,High (5-10%),1.88596557755378,39200.0658091762
VCT,St. Vincent and the Grenadines,Other,Unknown,1990,1990,7.60609957743892,7.60609957743892,High (5-10%),4.14918678513905,3784.79942946706
VUT,Vanuatu,Other,Unknown,1990,1990,4.7594412829797,4.7594412829797,Moderate (2-5%),11.6956997985937,2967.38199450714
WLD,World,Other,Unknown,1990,1990,8.06346090938833,8.06346090938833,High (5-10%),2.70835661034906,6804.1256624154
WSM,Samoa,Other,Unknown,1990,1990,15.2384632724695,15.2384632724695,Very High (>10%),-4.42145088411849,2534.12204893501
ZAF,South Africa,Africa,Upper Middle,1990,1990,14.3209918914915,14.3209918914915,Very High (>10%),-0.317760426540374,4544.23023212165
ZMB,Zambia,Other,Unknown,1990,1990,107.023809523808,107.023809523808,Very High (>10%),-0.481072027781664,878.589205998477
ABW,Aruba,Other,Unknown,1991,1990,5.55555555555579,5.55555555555579,High (5-10%),7.96287173232642,25460.3630272927
AFE,Africa Eastern and Southern,Other,Unknown,1991,1990,17.6781002638523,17.6781002638523,Very High (>10%),-0.106083603567996,1257.32746247235
AFW,Africa Western and Central,Other,Unknown,1991,1990,1.74188785932669,1.74188785932669,Low (<2%),1.11813678119785,1242.85591692511
AGO,Angola,Africa,Lower Middle,1991,1990,83.7837837837838,83.7837837837838,Very High (>10%),0.991359301045193,2612.33170519933
ARB,Arab World,Other,Unknown,1991,1990,9.00000000000003,9.00000000000003,High (5-10%),-0.693845187387026,4172.37895844352
AUS,Australia,Oceania,High,1991,1990,3.17666872277308,3.17666872277308,Moderate (2-5%),-0.384631357046658,36366.6962397612
AUT,Austria,Europe,High,1991,1990,3.33742703474792,3.33742703474792,Moderate (2-5%),3.44162748808654,31919.5573520278
BDI,Burundi,Other,Unknown,1991,1990,8.99693873494331,8.99693873494331,High (5-10%),4.99683644792125,383.870358589191
BEL,Belgium,Europe,High,1991,1990,3.2153106926081,3.2153106926081,Moderate (2-5%),1.83307441343001,30040.5508404095
BFA,Burkina Faso,Other,Unknown,1991,1990,2.16260052713423,2.16260052713423,Moderate (2-5%),9.06998445877436,353.206720757378
BGD,Bangladesh,Asia,Lower Middle,1991,1990,6.35736412278234,6.35736412278234,High (5-10%),3.48522781598027,480.673358976087
BGR,Bulgaria,Other,Unknown,1991,1990,338.449111470112,180.13687701067877,Very High (>10%),-8.44535563764769,4092.07934990466
BHR,Bahrain,Middle East,High,1991,1990,0.764419735927609,0.764419735927609,Low (<2%),11.2299982766857,20882.5058640472
BHS,"Bahamas, The",Other,Unknown,1991,1990,7.11468120203628,7.11468120203628,High (5-10%),-4.18178502345002,29192.9942606391
BLZ,Belize,Other,Unknown,1991,1990,0.76195150080688,0.76195150080688,Low (<2%),11.7787032699319,4499.57971281862
BOL,Bolivia,South America,Upper Middle,1991,1990,21.4470698171141,21.4470698171141,Very High (>10%),5.26652663501228,1731.39514136336
BRA,Brazil,South America,Upper Middle,1991,1990,432.786661926461,180.13687701067877,Very High (>10%),1.03218958549303,6107.64883675747
BRB,Barbados,Other,Unknown,1991,1990,6.25752663270023,6.25752663270023,High (5-10%),-3.89990721506513,19128.1019342633
BRN,Brunei Darussalam,Other,Unknown,1991,1990,1.6,1.6,Low (<2%),2.91065603669382,44201.1394947727
BTN,Bhutan,Other,Unknown,1991,1990,12.2751729438893,12.2751729438893,Very High (>10%),-0.407875722553669,795.191842865383
BWA,Botswana,Other,Unknown,1991,1990,11.7650160839535,11.7650160839535,Very High (>10%),7.45870921940397,4224.09857544948
CAF,Central African Republic,Other,Unknown,1991,1990,-2.76236280675762,-2.76236280675762,Low (<2%),-0.552543005101867,500.991150890901
CAN,Canada,North America,High,1991,1990,5.62586408593005,5.62586408593005,High (5-10%),-2.09105516498515,30654.3639368973
CEB,Central Europe and the Baltics,Other,Unknown,1991,1990,118.527578905984,118.527578905984,Very High (>10%),-10.8722546446007,6032.13059987882
CHE,Switzerland,Europe,High,1991,1990,5.85959663468677,5.85959663468677,High (5-10%),-1.14597481735849,67932.7854592116
CHL,Chile,South America,High,1991,1990,21.7844124277757,21.7844124277757,Very High (>10%),7.75620189312957,5606.86557277047
CHN,China,Asia,Upper Middle,1991,1990,3.55668565220452,3.55668565220452,Moderate (2-5%),9.37563237902144,989.585278674846
CIV,Cote d'Ivoire,Africa,Lower Middle,1991,1990,1.6833484986348,1.6833484986348,Low (<2%),0.0409251717252914,1794.12062566918
CMR,Cameroon,Africa,Lower Middle,1991,1990,0.0600513305003455,0.0600513305003455,Low (<2%),-3.80859937279318,1271.04658608388
COD,"Congo, Dem. Rep.",Other,Unknown,1991,1990,2154.43682711341,180.13687701067877,Very High (>10%),-8.42105149945634,736.691215468217
COG,"Congo, Rep.",Other,Unknown,1991,1990,-1.67834968956537,-1.67834968956537,Low (<2%),2.39536745255616,2352.52754080776
COL,Colombia,South America,Upper Middle,1991,1990,30.3878204854436,30.3878204854436,Very High (>10%),2.00160759559029,3713.17727535576
CPV,Cabo Verde,Other,Unknown,1991,1990,9.55090741310361,9.55090741310361,High (5-10%),1.40414698106899,826.681399309547
CRI,Costa Rica,Other,Unknown,1991,1990,28.7092913706618,28.7092913706618,Very High (>10%),2.26565496296189,6030.17970863724
CSS,Caribbean small states,Other,Unknown,1991,1990,5.52453270215233,5.52453270215233,High (5-10%),-0.0735969932616314,8213.02133245645
CYP,Cyprus,Other,Unknown,1991,1990,5.03527438848104,5.03527438848104,High (5-10%),0.739501434263062,16829.904296875
DEU,Germany,Europe,High,1991,1990,4.04703259753466,4.04703259753466,Moderate (2-5%),5.10826150190911,31056.5938822126
DMA,Dominica,Other,Unknown,1991,1990,5.55706153429132,5.55706153429132,High (5-10%),1.3477691598669,5638.3073302382
DNK,Denmark,Europe,High,1991,1990,2.39515331724416,2.39515331724416,Moderate (2-5%),1.45818005306188,39776.5961774467
DOM,Dominican Republic,Other,Unknown,1991,1990,47.079157410536,47.079157410536,Very High (>10%),0.944138889056532,2741.93908143923
DZA,Algeria,Africa,Upper Middle,1991,1990,25.8863869348514,25.8863869348514,Very High (>10%),-1.2000005864423,3478.50976269176
EAP,East Asia & Pacific (excluding high income),Other,Unknown,1991,1990,6.96568127760753,6.96568127760753,High (5-10%),8.10337883517282,1141.40259102848
EAR,Early-demographic dividend,Other,Unknown,1991,1990,15.050130775937,15.050130775937,Very High (>10%),4.40570620454015,1872.15112049844
EAS,East Asia & Pacific,Other,Unknown,1991,1990,6.49734555984547,6.49734555984547,High (5-10%),4.83424481545718,3870.84086826585
ECU,Ecuador,South America,Upper Middle,1991,1990,48.718080675219,48.718080675219,Very High (>10%),4.29134246404705,4000.56819787678
EGY,"Egypt, Arab Rep.",Africa,Lower Middle,1991,1990,19.7485448195578,19.7485448195578,Very High (>10%),1.12540459520747,1940.10019358564
EMU,Euro area,Other,Unknown,1991,1990,4.31021289843461,4.31021289843461,Moderate (2-5%),2.31199775321149,25461.2532464194
ESP,Spain,Europe,High,1991,1990,5.9342134433593,5.9342134433593,High (5-10%),2.54600049647455,19612.9766041957
ETH,Ethiopia,Africa,Low,1991,1990,35.7225982298715,35.7225982298715,Very High (>10%),-7.13747971659305,237.502454667904
EUU,European Union,Other,Unknown,1991,1990,5.48474391592017,5.48474391592017,High (5-10%),1.46033479003636,21985.0210009315
FIN,Finland,Europe,High,1991,1990,4.31021289843461,4.31021289843461,Moderate (2-5%),-5.88059618513641,29290.9773950558
FJI,Fiji,Other,Unknown,1991,1990,6.49734555984547,6.49734555984547,High (5-10%),-2.70000339719263,3295.7268636798
FRA,France,Europe,High,1991,1990,3.21340732409677,3.21340732409677,Moderate (2-5%),1.23666248297356,28197.2359540607
GAB,Gabon,Other,Unknown,1991,1990,-11.6861126920888,-11.6861126920888,Low (<2%),6.11250348301178,8627.38985737905
GBR,United Kingdom,Europe,High,1991,1990,7.46178295746934,7.46178295746934,High (5-10%),-1.29243974751705,29590.9054053428
GHA,Ghana,Africa,Unknown,1991,1990,18.0314390089849,18.0314390089849,Very High (>10%),5.28182639834429,878.63570406594
GMB,"Gambia, The",Other,Unknown,1991,1990,8.64234325973438,8.64234325973438,High (5-10%),3.10703922385581,651.229615381431
GNB,Guinea-Bissau,Other,Unknown,1991,1990,57.5952847505664,57.5952847505664,Very High (>10%),5.10000003451967,585.58551396824
GNQ,Equatorial Guinea,Other,Unknown,1991,1990,-3.42528735632201,-3.42528735632201,Low (<2%),-1.02223887710288,349.352882285968
GRC,Greece,Europe,High,1991,1990,19.4558456445745,19.4558456445745,Very High (>10%),3.09999970633838,15727.4735434744
GRD,Grenada,Other,Unknown,1991,1990,2.64460367880678,2.64460367880678,Moderate (2-5%),1.38554578702994,5130.48257478522
GTM,Guatemala,Other,Unknown,1991,1990,33.1664219167535,33.1664219167535,Very High (>10%),3.65824875006811,2765.88345519371
HIC,High income,Other,Unknown,1991,1990,5.55555555555579,5.55555555555579,High (5-10%),0.832419322500471,24832.9356009058
HKG,"Hong Kong SAR, China",Other,Unknown,1991,1990,11.1587982832617,11.1587982832617,Very High (>10%),5.70193577048867,22388.5913459199
HND,Honduras,Other,Unknown,1991,1990,33.9722602535864,33.9722602535864,Very High (>10%),26.0469005554795,561.125592319344
HPC,Heavily indebted poor countries (HIPC),Other,Unknown,1991,1990,8.81964099733884,8.81964099733884,High (5-10%),0.904466117707983,683.621803364557
HRV,Croatia,Other,Unknown,1991,1990,122.222222222222,122.222222222222,Very High (>10%),-21.0886706590035,7842.64431877356
HTI,Haiti,Other,Unknown,1991,1990,15.4199073669492,15.4199073669492,Very High (>10%),1.88054472396281,1624.49598864977
HUN,Hungary,Other,Unknown,1991,1990,34.8175429072704,34.8175429072704,Very High (>10%),-11.8920408609388,7618.64029551674
IBD,IBRD only,Other,Unknown,1991,1990,19.505001673093,19.505001673093,Very High (>10%),1.25089256674246,2190.69429962745
IBT,IDA & IBRD total,Other,Unknown,1991,1990,12.4452441633871,12.4452441633871,Very High (>10%),1.32312231447303,1922.21767480433
IDA,IDA total,Other,Unknown,1991,1990,9.27545370655182,9.27545370655182,High (5-10%),2.05276575618637,874.021161524892
IDB,IDA blend,Other,Unknown,1991,1990,6.32344804551798,6.32344804551798,High (5-10%),1.90721458666178,1344.83353604134
IDN,Indonesia,Asia,Lower Middle,1991,1990,9.41906784347004,9.41906784347004,High (5-10%),6.91198283591309,1544.99580894527
IDX,IDA only,Other,Unknown,1991,1990,12.4452441633871,12.4452441633871,Very High (>10%),2.22663676923098,624.445230127598
IND,India,Asia,Lower Middle,1991,1990,13.8702461773683,13.8702461773683,Very High (>10%),1.05683143296179,531.898397833351
IRL,Ireland,Europe,High,1991,1990,3.21081037142378,3.21081037142378,Moderate (2-5%),1.9296401741083,23772.5663058612
IRN,"Iran, Islamic Rep.",Asia,Lower Middle,1991,1990,17.1285679434012,17.1285679434012,Very High (>10%),12.7161484424098,3534.65396417255
IRQ,Iraq,Middle East,Unknown,1991,1990,180.952380952381,180.13687701067877,Very High (>10%),-64.047106973488,1254.63057385597
ISL,Iceland,Other,Unknown,1991,1990,6.80877887943631,6.80877887943631,High (5-10%),-0.223525498840075,36790.4868486955
ISR,Israel,Europe,High,1991,1990,19.1088798242862,19.1088798242862,Very High (>10%),7.72611507495277,22717.7744150266
ITA,Italy,Europe,High,1991,1990,6.24999929790291,6.24999929790291,High (5-10%),1.53844759206665,28030.7653841073
JAM,Jamaica,Other,Unknown,1991,1990,51.0710977304313,51.0710977304313,Very High (>10%),4.83823875455573,4960.83040580996
JOR,Jordan,Other,Unknown,1991,1990,8.15549597855212,8.15549597855212,High (5-10%),1.60853107260195,3286.63559783063
JPN,Japan,Asia,High,1991,1990,3.25143848753308,3.25143848753308,Moderate (2-5%),3.41749676183089,29775.391651584
KEN,Kenya,Africa,Low,1991,1990,20.0844955754632,20.0844955754632,Very High (>10%),1.43834679171559,1305.46415701447
KNA,St. Kitts and Nevis,Other,Unknown,1991,1990,4.3237394435542,4.3237394435542,Moderate (2-5%),-1.86468912891613,9966.20374372867
KOR,"Korea, Rep.",Asia,High,1991,1990,9.33279048161495,9.33279048161495,High (5-10%),10.8749739277708,10618.8431439122
KWT,Kuwait,Middle East,High,1991,1990,9.05818836232758,9.05818836232758,High (5-10%),-41.007790668086,14812.9200924661
LAC,Latin America & Caribbean (excluding high income),Other,Unknown,1991,1990,24.2253521126763,24.2253521126763,Very High (>10%),3.07159566010415,5690.33299051553
LAO,Lao PDR,Other,Unknown,1991,1990,13.4415584415586,13.4415584415586,Very High (>10%),4.29656364110154,643.410259077746
LBY,Libya,Other,Unknown,1991,1990,11.8960953011251,11.8960953011251,Very High (>10%),15.6551316776498,12541.6926152482
LCA,St. Lucia,Other,Unknown,1991,1990,6.14955053119049,6.14955053119049,High (5-10%),0.375678035079076,8349.33748060159
LCN,Latin America & Caribbean,Other,Unknown,1991,1990,21.6157411224449,21.6157411224449,Very High (>10%),3.17667734182869,5855.46409921569
LDC,Least developed countries: UN classification,Other,Unknown,1991,1990,14.2458446087478,14.2458446087478,Very High (>10%),1.8301581089315,605.730854051385
LIC,Low income,Other,Unknown,1991,1990,8.99846936747167,8.99846936747167,High (5-10%),1.40008692409029,590.090795408064
LKA,Sri Lanka,Asia,Lower Middle,1991,1990,12.1856307214389,12.1856307214389,Very High (>10%),4.59998724404535,1441.62996544401
LMC,Lower middle income,Other,Unknown,1991,1990,13.2242657726507,13.2242657726507,Very High (>10%),2.63406552761765,847.364643123572
LMY,Low & middle income,Other,Unknown,1991,1990,12.2304018326641,12.2304018326641,Very High (>10%),2.9471244885775,1649.20626301724
LSO,Lesotho,Other,Unknown,1991,1990,17.6781002638523,17.6781002638523,Very High (>10%),6.96660729603671,560.884905718596
LTE,Late-demographic dividend,Other,Unknown,1991,1990,6.90489632742755,6.90489632742755,High (5-10%),0.51228496959979,2550.86719421418
LUX,Luxembourg,Other,Unknown,1991,1990,3.11835659874854,3.11835659874854,Moderate (2-5%),8.64419104734844,70783.8040436531
MAC,"Macao SAR, China",Other,Unknown,1991,1990,9.5688776593484,9.5688776593484,High (5-10%),3.65938964930415,30982.3788289054
MAR,Morocco,Africa,Lower Middle,1991,1990,7.98616600790512,7.98616600790512,High (5-10%),7.21608815359085,1786.76281738281
MDG,Madagascar,Other,Unknown,1991,1990,8.59264760490192,8.59264760490192,High (5-10%),-6.30635159237733,489.716098120013
MDV,Maldives,Other,Unknown,1991,1990,14.7136770282735,14.7136770282735,Very High (>10%),1.44269605394094,4507.19492955077
MEA,"Middle East, North Africa, Afghanistan & Pakistan",Other,Unknown,1991,1990,9.05818836232758,9.05818836232758,High (5-10%),2.21468130150994,3486.08882647333
MEX,Mexico,North America,Upper Middle,1991,1990,22.662359455061,22.662359455061,Very High (>10%),3.97590497138043,8197.01179488111
MIC,Middle income,Other,Unknown,1991,1990,12.641073023816,12.641073023816,Very High (>10%),2.98258908735394,1731.12776931164
MLI,Mali,Other,Unknown,1991,1990,1.80042722001858,1.80042722001858,Low (<2%),12.6572078863462,651.363081547235
MLT,Malta,Other,Unknown,1991,1990,2.54219284786975,2.54219284786975,Moderate (2-5%),6.25649385366269,10413.1745543774
MMR,Myanmar,Other,Unknown,1991,1990,32.2720382866416,32.2720382866416,Very High (>10%),-0.650616908622624,166.710439947526
MNA,"Middle East, North Africa, Afghanistan & Pakistan (excluding high income)",Other,Unknown,1991,1990,11.8960953011251,11.8960953011251,Very High (>10%),1.21357127676971,2025.6458674478
MRT,Mauritania,Other,Unknown,1991,1990,5.62866666666699,5.62866666666699,High (5-10%),1.78808726312202,1424.8845274987
MUS,Mauritius,Other,Unknown,1991,1990,7.00101377541879,7.00101377541879,High (5-10%),4.43544626177224,3973.88222302181
MWI,Malawi,Other,Low,1991,1990,12.6153153828849,12.6153153828849,Very High (>10%),8.73023176233838,372.997561772469
MYS,Malaysia,Asia,Upper Middle,1991,1990,4.358333333333,4.358333333333,Moderate (2-5%),9.54546741443052,4456.93133148159
NAC,North America,Other,Unknown,1991,1990,4.93041402523427,4.93041402523427,Moderate (2-5%),-0.273108339788436,37851.115056234
NER,Niger,Other,Unknown,1991,1990,-7.79664179104467,-7.79664179104467,Low (<2%),-0.43948910045782,449.719266854731
NGA,Nigeria,Africa,Low,1991,1990,13.0069731037427,13.0069731037427,Very High (>10%),0.358352601622002,1541.59066261007
NLD,Netherlands,Europe,High,1991,1990,3.15819751859096,3.15819751859096,Moderate (2-5%),2.4391343395225,31820.8200188143
NOR,Norway,Europe,High,1991,1990,3.43819599109134,3.43819599109134,Moderate (2-5%),2.85865596855008,51032.3512657967
NPL,Nepal,Asia,Lower Middle,1991,1990,15.5574529276949,15.5574529276949,Very High (>10%),6.3681503973968,438.15619419594
NZL,New Zealand,Oceania,High,1991,1990,2.60239285999773,2.60239285999773,Moderate (2-5%),-1.07586748814022,24865.5042514483
OED,OECD members,Other,Unknown,1991,1990,5.9342134433593,5.9342134433593,High (5-10%),1.14202044785885,25294.1921759744
OSS,Other small states,Other,Unknown,1991,1990,6.90489632742755,6.90489632742755,High (5-10%),-0.521396000336765,6865.11109968166
PAK,Pakistan,Asia,Lower Middle,1991,1990,11.7912703351416,11.7912703351416,Very High (>10%),5.06156775897861,966.522495703734
PAN,Panama,Other,Unknown,1991,1990,1.25626077674687,1.25626077674687,Low (<2%),9.41900604873607,5172.60691959995
PER,Peru,South America,Upper Middle,1991,1990,409.530166622023,180.13687701067877,Very High (>10%),2.2192591027909,2709.27754515647
PHL,Philippines,Asia,Lower Middle,1991,1990,19.2614585266282,19.2614585266282,Very High (>10%),-0.436390080533428,1656.38349704781
PNG,Papua New Guinea,Other,Unknown,1991,1990,6.96568127760753,6.96568127760753,High (5-10%),9.54689771039914,2008.35151943089
POL,Poland,Europe,Unknown,1991,1990,76.7694992087347,76.7694992087347,Very High (>10%),-7.01557879301123,4735.9276980893
PRE,Pre-demographic dividend,Other,Unknown,1991,1990,8.59264760490192,8.59264760490192,High (5-10%),-8.09997621394349,1014.92330270589
PRT,Portugal,Europe,High,1991,1990,11.8494841773674,11.8494841773674,Very High (>10%),4.36820616663232,15265.8793018366
PRY,Paraguay,South America,Upper Middle,1991,1990,24.2253521126763,24.2253521126763,Very High (>10%),3.49365015491472,4091.49044786451
PST,Post-demographic dividend,Other,Unknown,1991,1990,5.62586408593005,5.62586408593005,High (5-10%),1.02530751228034,27954.843579235
QAT,Qatar,Middle East,High,1991,1990,4.41729323308255,4.41729323308255,Moderate (2-5%),-1.66223257584981,40169.0307706643
ROU,Romania,Other,Unknown,1991,1990,230.622494900178,180.13687701067877,Very High (>10%),-12.9182107298211,4409.1517208357
RWA,Rwanda,Other,Low,1991,1990,19.6371658148373,19.6371658148373,Very High (>10%),-2.51437965434005,349.345634840907
SAS,South Asia,Other,Unknown,1991,1990,13.0727095606288,13.0727095606288,Very High (>10%),1.51514935351003,539.975756355243
SAU,Saudi Arabia,Asia,High,1991,1990,4.86111111111137,4.86111111111137,Moderate (2-5%),8.22077074524385,26742.682261559
SDN,Sudan,Other,Unknown,1991,1990,123.578126902936,123.578126902936,Very High (>10%),7.51091035393294,805.367309570313
SEN,Senegal,Other,Unknown,1991,1990,-1.75355690199309,-1.75355690199309,Low (<2%),2.65996265739379,988.63221583773
SGP,Singapore,Asia,High,1991,1990,3.42570173078643,3.42570173078643,Moderate (2-5%),6.68839753958379,24132.7153290621
SLB,Solomon Islands,Other,Unknown,1991,1990,15.050130775937,15.050130775937,Very High (>10%),6.00000238324935,1856.36888711081
SLV,El Salvador,Other,Unknown,1991,1990,14.4026748806266,14.4026748806266,Very High (>10%),1.49408756791307,2341.93382299132
SSA,Sub-Saharan Africa (excluding high income),Other,Unknown,1991,1990,8.96562265214309,8.96562265214309,High (5-10%),0.385346461724751,1249.4702378292
SSF,Sub-Saharan Africa,Other,Unknown,1991,1990,8.93430656934288,8.93430656934288,High (5-10%),0.387559290605026,1250.47868032554
SST,Small states,Other,Unknown,1991,1990,6.25752663270023,6.25752663270023,High (5-10%),-0.376060830446306,6714.76802596532
SUR,Suriname,Other,Unknown,1991,1990,25.9674625060223,25.9674625060223,Very High (>10%),2.69999913539954,6609.4013410012
SVN,Slovenia,Other,Unknown,1991,1990,114.832935589747,114.832935589747,Very High (>10%),-8.90010739121053,12395.9173883243
SWE,Sweden,Europe,High,1991,1990,9.44462732944189,9.44462732944189,High (5-10%),-1.14597485051154,34268.9743998346
SWZ,Eswatini,Other,Unknown,1991,1990,8.93430656934288,8.93430656934288,High (5-10%),1.76037682932704,1982.41521742784
SYC,Seychelles,Other,Unknown,1991,1990,1.98675496688734,1.98675496688734,Low (<2%),2.76042625999888,8902.83798776266
SYR,Syrian Arab Republic,Other,Unknown,1991,1990,9.00000000000003,9.00000000000003,High (5-10%),7.66646818712442,972.284722031189
TCD,Chad,Other,Unknown,1991,1990,3.19387473029496,3.19387473029496,Moderate (2-5%),8.53513716635477,630.620682697131
TEA,East Asia & Pacific (IDA & IBRD countries),Other,Unknown,1991,1990,6.96568127760753,6.96568127760753,High (5-10%),8.09982815056638,1155.42204972484
TGO,Togo,Other,Unknown,1991,1990,0.387081797870757,0.387081797870757,Low (<2%),-0.699967495023117,730.890821015159
THA,Thailand,Asia,Upper Middle,1991,1990,5.70985259891396,5.70985259891396,High (5-10%),8.5582603212423,2810.56702001316
TLA,Latin America & the Caribbean (IDA & IBRD countries),Other,Unknown,1991,1990,22.2233859414184,22.2233859414184,Very High (>10%),3.52735389843239,5745.44151810499
TMN,"Middle East, North Africa, Afghanistan & Pakistan (IDA & IBRD)",Other,Unknown,1991,1990,11.8960953011251,11.8960953011251,Very High (>10%),1.21357127676971,2024.44712949302
TON,Tonga,Other,Unknown,1991,1990,10.5954493994793,10.5954493994793,Very High (>10%),6.4149535652702,3173.08632726861
TSA,South Asia (IDA & IBRD),Other,Unknown,1991,1990,13.0727095606288,13.0727095606288,Very High (>10%),1.51514935351003,539.975756355243
TSS,Sub-Saharan Africa (IDA & IBRD countries),Other,Unknown,1991,1990,8.93430656934288,8.93430656934288,High (5-10%),0.387559290605012,1250.47868032554
TTO,Trinidad and Tobago,Other,Unknown,1991,1990,3.78310214375795,3.78310214375795,Moderate (2-5%),3.11240786575588,6197.46242847246
TUN,Tunisia,Africa,Upper Middle,1991,1990,8.19371509544085,8.19371509544085,High (5-10%),3.90454530313198,2151.20851677353
TUR,Turkiye,Europe,Upper Middle,1991,1990,65.978567991895,65.978567991895,Very High (>10%),0.720279039109613,5134.41760877172
TZA,Tanzania,Other,Low,1991,1990,28.695652173913,28.695652173913,Very High (>10%),2.07198821361914,538.966979980469
UMC,Upper middle income,Other,Unknown,1991,1990,12.040863011282,12.040863011282,Very High (>10%),3.07224469364371,2361.92874938985
URY,Uruguay,South America,High,1991,1990,101.971683202507,101.971683202507,Very High (>10%),3.53880850451309,8565.26927800028
USA,United States,North America,High,1991,1990,4.23496396453849,4.23496396453849,Moderate (2-5%),-0.108312873733027,38637.8398179104
VCT,St. Vincent and the Grenadines,Other,Unknown,1991,1990,5.49200387001333,5.49200387001333,High (5-10%),1.13557520041245,3813.79398874435
VUT,Vanuatu,Other,Unknown,1991,1990,6.46913580246914,6.46913580246914,High (5-10%),3.1476384802759,2985.57198500513
WLD,World,Other,Unknown,1991,1990,8.99693873494331,8.99693873494331,High (5-10%),1.22518126757618,6773.41556784101
WSM,Samoa,Other,Unknown,1991,1990,-1.81919798798399,-1.81919798798399,Low (<2%),-2.30001238645001,2471.07143007975
YEM,"Yemen, Rep.",Other,Unknown,1991,1990,36.0,36.0,Very High (>10%),6.29349385992927,1761.81146099568
ZAF,South Africa,Africa,Upper Middle,1991,1990,15.3347785733672,15.3347785733672,Very High (>10%),-1.0182449675445,4396.36069450543
ZMB,Zambia,Other,Unknown,1991,1990,97.6423231742383,97.6423231742383,Very High (>10%),-0.0361333838823299,856.761723583768
ABW,Aruba,Other,Unknown,1992,1990,3.87337536996479,3.87337536996479,Moderate (2-5%),5.88235395341866,25743.4455010025
AFE,Africa Eastern and Southern,Other,Unknown,1992,1990,16.1676123963339,16.1676123963339,Very High (>10%),-2.39599725303886,1194.98293940344
AFW,Africa Western and Central,Other,Unknown,1992,1990,-0.0629990064787035,-0.0629990064787035,Low (<2%),2.28915774945126,1236.74838636786
AGO,Angola,Africa,Lower Middle,1992,1990,299.509803921569,180.13687701067877,Very High (>10%),-5.83828073148828,2380.58274214001
ALB,Albania,Other,Unknown,1992,1990,226.005421253526,180.13687701067877,Very High (>10%),-7.18711090964234,1138.23773998809
ARB,Arab World,Other,Unknown,1992,1990,9.35975158953134,9.35975158953134,High (5-10%),6.57629994576891,4334.43634376787
AUS,Australia,Oceania,High,1992,1990,1.01222824105977,1.01222824105977,Low (<2%),0.433065864126704,36117.5446503441
AUT,Austria,Europe,High,1992,1990,4.02084780038554,4.02084780038554,Moderate (2-5%),2.0935244262602,32231.1216141522
AZE,Azerbaijan,Other,Unknown,1992,1990,-10.6300971576201,-10.6300971576201,Low (<2%),-22.6000003264444,2141.34003837017
BDI,Burundi,Other,Unknown,1992,1990,1.82333333333308,1.82333333333308,Low (<2%),1.00999837099629,377.518319697874
BEL,Belgium,Europe,High,1992,1990,2.42795567164615,2.42795567164615,Moderate (2-5%),1.53065475142162,30376.8745342462
BFA,Burkina Faso,Other,Unknown,1992,1990,-1.99113580736894,-1.99113580736894,Low (<2%),0.232710761845951,345.401816823349
BGD,Bangladesh,Asia,Lower Middle,1992,1990,3.63407691798491,3.63407691798491,Moderate (2-5%),5.44268554966725,497.371173735323
BGR,Bulgaria,Other,Unknown,1992,1990,91.2979327269304,91.2979327269304,Very High (>10%),-7.27238740564677,3835.45427951087
BHR,Bahrain,Middle East,High,1992,1990,-0.172413793103312,-0.172413793103312,Low (<2%),6.68999812735618,21701.2220342029
BHS,"Bahamas, The",Other,Unknown,1992,1990,5.73819886173447,5.73819886173447,High (5-10%),-3.82558229706301,27565.9784622985
BLZ,Belize,Other,Unknown,1992,1990,2.39670073025188,2.39670073025188,Moderate (2-5%),12.7362233602929,4967.92710478843
BOL,Bolivia,South America,Upper Middle,1992,1990,12.060323601829,12.060323601829,Very High (>10%),1.64649821845634,1724.3633452511
BRA,Brazil,South America,Upper Middle,1992,1990,951.962053052818,180.13687701067877,Very High (>10%),-0.54407204977727,5973.98285622586
BRB,Barbados,Other,Unknown,1992,1990,6.09389302994638,6.09389302994638,High (5-10%),-5.69252080356588,17977.267183022
BRN,Brunei Darussalam,Other,Unknown,1992,1990,1.27952755905515,1.27952755905515,Low (<2%),-3.12061882634288,41672.3708419389
BTN,Bhutan,Other,Unknown,1992,1990,15.975217361539,15.975217361539,Very High (>10%),4.60089124887257,863.46389569327
BWA,Botswana,Other,Unknown,1992,1990,16.1676123963339,16.1676123963339,Very High (>10%),2.91707018751026,4226.73999498293
CAF,Central African Republic,Other,Unknown,1992,1990,-1.03360811667777,-1.03360811667777,Low (<2%),-6.42407819946331,454.148968239471
CAN,Canada,North America,High,1992,1990,1.49013290374545,1.49013290374545,Low (<2%),0.890466243956382,30563.4095229714
CEB,Central Europe and the Baltics,Other,Unknown,1992,1990,150.615831956876,150.615831956876,Very High (>10%),-4.93535817123706,5753.0680773915
CHE,Switzerland,Europe,High,1992,1990,4.0370302077874,4.0370302077874,Moderate (2-5%),-1.15859267203984,66409.491461386
CHL,Chile,South America,High,1992,1990,15.4258064688928,15.4258064688928,Very High (>10%),11.5019314370192,6151.76546454326
CHN,China,Asia,Upper Middle,1992,1990,6.35398134024869,6.35398134024869,High (5-10%),14.2976226152779,1117.29533882968
CIV,Cote d'Ivoire,Africa,Lower Middle,1992,1990,4.23138382869968,4.23138382869968,Moderate (2-5%),-0.244560610691636,1719.71261335163
CMR,Cameroon,Africa,Lower Middle,1992,1990,-0.0160550458717418,-0.0160550458717418,Low (<2%),-3.10000321081914,1196.85081918895
COD,"Congo, Dem. Rep.",Other,Unknown,1992,1990,4129.16985661558,180.13687701067877,Very High (>10%),-10.5000085643684,637.436883335561
COG,"Congo, Rep.",Other,Unknown,1992,1990,-3.93546810070881,-3.93546810070881,Low (<2%),2.61194805533871,2346.67913794406
COL,Colombia,South America,Upper Middle,1992,1990,27.0106266231361,27.0106266231361,Very High (>10%),4.04492943933556,3787.5942918216
CPV,Cabo Verde,Other,Unknown,1992,1990,3.11666432682861,3.11666432682861,Moderate (2-5%),10.9376469895221,896.519359558541
CRI,Costa Rica,Other,Unknown,1992,1990,21.791168790061,21.791168790061,Very High (>10%),9.20110358278828,6420.44624299731
CSS,Caribbean small states,Other,Unknown,1992,1990,5.30536169644503,5.30536169644503,High (5-10%),2.0157185979736,8313.56544656444
CYP,Cyprus,Other,Unknown,1992,1990,6.51021953065819,6.51021953065819,High (5-10%),9.39999830664647,17928.53125
CZE,Czechia,Other,Unknown,1992,1990,11.086500072223,11.086500072223,Very High (>10%),-0.506542343116848,10479.4918667877
DEU,Germany,Europe,High,1992,1990,5.05697796731731,5.05697796731731,High (5-10%),2.01361340926105,31441.9743477578
DMA,Dominica,Other,Unknown,1992,1990,5.47182559344178,5.47182559344178,High (5-10%),2.02941338180298,5750.32541372085
DNK,Denmark,Europe,High,1992,1990,2.09604442933214,2.09604442933214,Moderate (2-5%),2.0228112415746,40447.2328284958
DOM,Dominican Republic,Other,Unknown,1992,1990,4.25902638893392,4.25902638893392,Moderate (2-5%),11.2374641300752,2989.60630229953
DZA,Algeria,Africa,Upper Middle,1992,1990,31.6696619117149,31.6696619117149,Very High (>10%),1.80000230253509,3455.92936294162
EAP,East Asia & Pacific (excluding high income),Other,Unknown,1992,1990,7.52351006242677,7.52351006242677,High (5-10%),11.249763473547,1251.80694963015
EAR,Early-demographic dividend,Other,Unknown,1992,1990,10.5274440119592,10.5274440119592,Very High (>10%),4.12389735723673,1906.74705487057
EAS,East Asia & Pacific,Other,Unknown,1992,1990,6.21328146355184,6.21328146355184,High (5-10%),4.22572033217369,3980.69809521017
ECS,Europe & Central Asia,Other,Unknown,1992,1990,5.92453126228488,5.92453126228488,High (5-10%),-0.630389965930306,15716.2657850294
ECU,Ecuador,South America,Upper Middle,1992,1990,54.6078215093597,54.6078215093597,Very High (>10%),2.11431064978969,4000.03146191686
EGY,"Egypt, Arab Rep.",Africa,Lower Middle,1992,1990,13.6374241717218,13.6374241717218,Very High (>10%),4.47285918408184,1979.02010131332
EMU,Euro area,Other,Unknown,1992,1990,5.59756062410709,5.59756062410709,High (5-10%),1.08636971676552,25640.1169009215
ESP,Spain,Europe,High,1992,1990,5.92453126228488,5.92453126228488,High (5-10%),0.929215482921151,19698.51176766
ETH,Ethiopia,Africa,Low,1992,1990,10.5274440119592,10.5274440119592,Very High (>10%),-8.6724801143672,207.967880879774
EUU,European Union,Other,Unknown,1992,1990,6.21737539647153,6.21737539647153,High (5-10%),0.901655774788622,22118.8609418225
FIN,Finland,Europe,High,1992,1990,2.91932319285019,2.91932319285019,Moderate (2-5%),-3.31137361706595,28162.3512348846
FJI,Fiji,Other,Unknown,1992,1990,4.88302271568615,4.88302271568615,Moderate (2-5%),6.10000158039144,3471.43143388926
FRA,France,Europe,High,1992,1990,2.36376046269356,2.36376046269356,Moderate (2-5%),1.5160611169627,28482.5194675509
GAB,Gabon,Other,Unknown,1992,1990,-9.54291330336575,-9.54291330336575,Low (<2%),-3.09014565154393,8138.86821905371
GBR,United Kingdom,Europe,High,1992,1990,4.59154929577461,4.59154929577461,Moderate (2-5%),1.29472849604493,29893.0776793743
GHA,Ghana,Africa,Unknown,1992,1990,10.0561167448841,10.0561167448841,Very High (>10%),3.87941908037517,890.313174799419
GMB,"Gambia, The",Other,Unknown,1992,1990,9.48654250617163,9.48654250617163,High (5-10%),3.37868879121812,646.421031932611
GNB,Guinea-Bissau,Other,Unknown,1992,1990,69.5836363993793,69.5836363993793,Very High (>10%),1.09999996776526,574.852002556155
GNQ,Equatorial Guinea,Other,Unknown,1992,1990,-4.27874315639129,-4.27874315639129,Low (<2%),34.7453200290652,453.637813917068
GRC,Greece,Europe,High,1992,1990,15.8770737923919,15.8770737923919,Very High (>10%),0.700000337119789,15717.04638162
GRD,Grenada,Other,Unknown,1992,1990,3.77833753148618,3.77833753148618,Moderate (2-5%),-0.851148756391396,5046.3110720505
GTM,Guatemala,Other,Unknown,1992,1990,10.0459179984088,10.0459179984088,Very High (>10%),4.83833884688683,2823.67347786611
HIC,High income,Other,Unknown,1992,1990,4.0370302077874,4.0370302077874,Moderate (2-5%),1.55105203173022,25036.3303040026
HKG,"Hong Kong SAR, China",Other,Unknown,1992,1990,9.65250965250966,9.65250965250966,High (5-10%),6.23502387210803,23585.6546636119
HND,Honduras,Other,Unknown,1992,1990,8.75988625255482,8.75988625255482,High (5-10%),9.03523510162955,594.68900114157
HPC,Heavily indebted poor countries (HIPC),Other,Unknown,1992,1990,9.5234771910899,9.5234771910899,High (5-10%),-1.40687912617678,654.451135071654
HRV,Croatia,Other,Unknown,1992,1990,625.000000000001,180.13687701067877,Very High (>10%),-11.7132905102592,7095.31004903355
HTI,Haiti,Other,Unknown,1992,1990,19.358494654122,19.358494654122,Very High (>10%),-5.30993292251178,1507.81872889823
HUN,Hungary,Other,Unknown,1992,1990,23.6557207806552,23.6557207806552,Very High (>10%),-3.06418034558638,7388.08229422743
IBD,IBRD only,Other,Unknown,1992,1990,13.6374241717218,13.6374241717218,Very High (>10%),1.6449205114647,2192.10191117391
IBT,IDA & IBRD total,Other,Unknown,1992,1990,10.0561167448841,10.0561167448841,Very High (>10%),1.67752187348515,1919.76604607195
IDA,IDA total,Other,Unknown,1992,1990,9.49779198403657,9.49779198403657,High (5-10%),2.0042634580379,868.113676506683
IDB,IDA blend,Other,Unknown,1992,1990,4.59631864289182,4.59631864289182,Moderate (2-5%),2.78297970521284,1343.84832109261
IDN,Indonesia,Asia,Lower Middle,1992,1990,7.52351006242677,7.52351006242677,High (5-10%),6.49750651682714,1617.10954872218
IDX,IDA only,Other,Unknown,1992,1990,10.3346307870551,10.3346307870551,Very High (>10%),1.07693928814467,615.089966952056
IND,India,Asia,Lower Middle,1992,1990,11.7878170418134,11.7878170418134,Very High (>10%),5.48239602167003,549.235069964895
IRL,Ireland,Europe,High,1992,1990,3.06999853835904,3.06999853835904,Moderate (2-5%),3.34327412603812,24400.3064402451
IRN,"Iran, Islamic Rep.",Asia,Lower Middle,1992,1990,25.8077226162332,25.8077226162332,Very High (>10%),3.29798191958058,3579.73221786246
IRQ,Iraq,Middle East,Unknown,1992,1990,83.6158192090389,83.6158192090389,Very High (>10%),32.5922111964051,1615.03903542774
ISL,Iceland,Other,Unknown,1992,1990,3.94771176824033,3.94771176824033,Moderate (2-5%),-3.37389416853765,35105.2870333046
ISR,Israel,Europe,High,1992,1990,12.0653319283457,12.0653319283457,Very High (>10%),7.75926624282712,23649.0394737135
ITA,Italy,Europe,High,1992,1990,5.2705899859293,5.2705899859293,High (5-10%),0.834275417393798,28245.4271054692
JAM,Jamaica,Other,Unknown,1992,1990,77.2965929559651,77.2965929559651,Very High (>10%),1.95554250017773,5008.12883358686
JOR,Jordan,Other,Unknown,1992,1990,3.9958356055719,3.9958356055719,Moderate (2-5%),14.3497760596895,3564.73934155579
JPN,Japan,Asia,High,1992,1990,1.7602830605927,1.7602830605927,Low (<2%),0.848069581218368,29916.6529957081
KEN,Kenya,Africa,Low,1992,1990,27.3323644475784,27.3323644475784,Very High (>10%),-0.799493958641349,1255.93870622359
KNA,St. Kitts and Nevis,Other,Unknown,1992,1990,2.85844672514458,2.85844672514458,Moderate (2-5%),4.26897382542985,10300.5415354294
KOR,"Korea, Rep.",Asia,High,1992,1990,6.21328146355184,6.21328146355184,High (5-10%),6.35159199606441,11176.560685871
KWT,Kuwait,Middle East,High,1992,1990,-0.54547121378821,-0.54547121378821,Low (<2%),82.8093290262528,22382.8420685118
LAC,Latin America & Caribbean (excluding high income),Other,Unknown,1992,1990,12.060323601829,12.060323601829,Very High (>10%),2.20618931167134,5711.27355156305
LAO,Lao PDR,Other,Unknown,1992,1990,9.86452966991032,9.86452966991032,High (5-10%),5.55985776817542,660.633861954064
LBY,Libya,Other,Unknown,1992,1990,9.35975158953134,9.35975158953134,High (5-10%),-2.71227407954309,11949.2275026865
LCA,St. Lucia,Other,Unknown,1992,1990,5.13889779944828,5.13889779944828,High (5-10%),7.9530753604442,8879.90075764079
LCN,Latin America & Caribbean,Other,Unknown,1992,1990,10.6301996893037,10.6301996893037,Very High (>10%),2.67489256618092,5905.37490595971
LDC,Least developed countries: UN classification,Other,Unknown,1992,1990,10.6393021897438,10.6393021897438,Very High (>10%),0.260045967578961,591.416200084222
LIC,Low income,Other,Unknown,1992,1990,10.0439279439837,10.0439279439837,Very High (>10%),-0.167858576193296,571.934987077852
LKA,Sri Lanka,Asia,Lower Middle,1992,1990,11.3834370512206,11.3834370512206,Very High (>10%),4.39999125181939,1481.33109855023
LMC,Lower middle income,Other,Unknown,1992,1990,10.0989671535176,10.0989671535176,Very High (>10%),3.74678816092104,859.210354883796
LMY,Low & middle income,Other,Unknown,1992,1990,10.0459179984088,10.0459179984088,Very High (>10%),4.26256277244595,1687.35610436952
LSO,Lesotho,Other,Unknown,1992,1990,17.2085201793721,17.2085201793721,Very High (>10%),6.95636495400254,590.008212092485
LTE,Late-demographic dividend,Other,Unknown,1992,1990,5.82434514637906,5.82434514637906,High (5-10%),0.826749233012336,2541.28556724785
LTU,Lithuania,Other,Unknown,1992,1990,1020.62056524354,180.13687701067877,Very High (>10%),-21.2589694228032,6185.53516623455
LUX,Luxembourg,Other,Unknown,1992,1990,3.15417375961789,3.15417375961789,Moderate (2-5%),1.81965480509376,71120.7911006759
LVA,Latvia,Other,Unknown,1992,1990,951.696194870801,180.13687701067877,Very High (>10%),-32.1185703106863,4607.11398959129
MAC,"Macao SAR, China",Other,Unknown,1992,1990,7.71392168356611,7.71392168356611,High (5-10%),13.2989545353826,33280.8531405232
MAR,Morocco,Africa,Lower Middle,1992,1990,5.7402466286874,5.7402466286874,High (5-10%),-2.097738754022,1720.42248535156
MDA,Moldova,Other,Unknown,1992,1990,1026.82626424702,180.13687701067877,Very High (>10%),-29.0999999176414,2225.17356234959
MDG,Madagascar,Other,Unknown,1992,1990,14.5123786075771,14.5123786075771,Very High (>10%),1.18088494825233,480.810932444988
MDV,Maldives,Other,Unknown,1992,1990,16.8559977535548,16.8559977535548,Very High (>10%),6.67082544437399,4671.99639313801
MEA,"Middle East, North Africa, Afghanistan & Pakistan",Other,Unknown,1992,1990,9.35975158953134,9.35975158953134,High (5-10%),6.28565162738452,3599.34906942608
MEX,Mexico,North America,Upper Middle,1992,1990,15.5078962533573,15.5078962533573,Very High (>10%),3.56861354412243,8330.26426795593
MIC,Middle income,Other,Unknown,1992,1990,10.0459179984088,10.0459179984088,Very High (>10%),4.36256593714252,1774.32204583698
MLI,Mali,Other,Unknown,1992,1990,-6.24250599520425,-6.24250599520425,Low (<2%),-5.05918121761043,606.068363319514
MLT,Malta,Other,Unknown,1992,1990,1.63321209889045,1.63321209889045,Low (<2%),4.69093194898397,10789.7618108966
MMR,Myanmar,Other,Unknown,1992,1990,21.9132104007913,21.9132104007913,Very High (>10%),9.66094245346783,180.333227417253
MNA,"Middle East, North Africa, Afghanistan & Pakistan (excluding high income)",Other,Unknown,1992,1990,11.0091743119265,11.0091743119265,Very High (>10%),4.9785597764842,2068.6810843001
MRT,Mauritania,Other,Unknown,1992,1990,10.141817562151,10.141817562151,Very High (>10%),1.87412573649613,1397.09016927143
MUS,Mauritius,Other,Unknown,1992,1990,4.64351929883709,4.64351929883709,Moderate (2-5%),6.51269858283476,4177.36265335488
MWI,Malawi,Other,Low,1992,1990,23.7513530230399,23.7513530230399,Very High (>10%),-7.33297833747964,335.726543539643
MYS,Malaysia,Asia,Upper Middle,1992,1990,4.76722829992821,4.76722829992821,Moderate (2-5%),8.88511797832156,4726.13789172987
NAC,North America,Other,Unknown,1992,1990,2.25947629094757,2.25947629094757,Moderate (2-5%),3.3082046616431,38572.5957430744
NER,Niger,Other,Unknown,1992,1990,-4.47561790247176,-4.47561790247176,Low (<2%),2.00075236142851,444.632775312455
NGA,Nigeria,Africa,Low,1992,1990,44.588842715023,44.588842715023,Very High (>10%),4.63119294610988,1571.1902261785
NLD,Netherlands,Europe,High,1992,1990,3.18358569499581,3.18358569499581,Moderate (2-5%),1.70607100505794,32119.9405340091
NOR,Norway,Europe,High,1992,1990,2.32808504911848,2.32808504911848,Moderate (2-5%),3.56422602983729,52547.0912157066
NPL,Nepal,Asia,Lower Middle,1992,1990,17.1495236243439,17.1495236243439,Very High (>10%),4.10640661731669,443.462044821677
NZL,New Zealand,Oceania,High,1992,1990,1.01456027171236,1.01456027171236,Low (<2%),1.10092234546755,24878.7289857361
OED,OECD members,Other,Unknown,1992,1990,5.05697796731731,5.05697796731731,High (5-10%),2.12871612721892,25589.4225318147
OSS,Other small states,Other,Unknown,1992,1990,4.29561553353871,4.29561553353871,Moderate (2-5%),-3.1270696278601,6599.5500881471
PAK,Pakistan,Asia,Lower Middle,1992,1990,9.5090414619015,9.5090414619015,High (5-10%),7.70589781716029,1011.6250844611
PAN,Panama,Other,Unknown,1992,1990,1.82452156989959,1.82452156989959,Low (<2%),8.20167952936097,5480.880622945
PER,Peru,South America,Upper Middle,1992,1990,73.5282942442641,73.5282942442641,Very High (>10%),-0.540509124723926,2640.31373880219
PHL,Philippines,Asia,Lower Middle,1992,1990,8.65100357865265,8.65100357865265,High (5-10%),0.417629066097945,1624.34939806129
PNG,Papua New Guinea,Other,Unknown,1992,1990,4.30961457009748,4.30961457009748,Moderate (2-5%),13.8490852689481,2206.99633305172
POL,Poland,Europe,Unknown,1992,1990,46.0985621037431,46.0985621037431,Very High (>10%),2.51497861350261,4840.16858549117
PRE,Pre-demographic dividend,Other,Unknown,1992,1990,9.48654250617163,9.48654250617163,High (5-10%),2.17623307072714,1008.37278614928
PRT,Portugal,Europe,High,1992,1990,9.55926033177516,9.55926033177516,High (5-10%),1.08947689832507,15444.2006161246
PRY,Paraguay,South America,Upper Middle,1992,1990,15.192743764172,15.192743764172,Very High (>10%),1.69642801124701,4054.04426060844
PST,Post-demographic dividend,Other,Unknown,1992,1990,4.0370302077874,4.0370302077874,Moderate (2-5%),1.94121572623177,28299.500644809
QAT,Qatar,Middle East,High,1992,1990,3.06030603060311,3.06030603060311,Moderate (2-5%),11.3305277401187,43310.767958526
ROU,Romania,Other,Unknown,1992,1990,211.205587610082,180.13687701067877,Very High (>10%),-8.7672284522824,4059.09860455382
RWA,Rwanda,Other,Low,1992,1990,9.56041187600816,9.56041187600816,High (5-10%),5.87272524167311,362.337679403993
SAS,South Asia,Other,Unknown,1992,1990,13.8815172016762,13.8815172016762,Very High (>10%),5.41236767045154,557.346083105101
SAU,Saudi Arabia,Asia,High,1992,1990,-0.0770060064690921,-0.0770060064690921,Low (<2%),4.58058206179402,26709.0328186878
SDN,Sudan,Other,Unknown,1992,1990,117.624468896394,117.624468896394,Very High (>10%),6.57786138499603,842.008605957031
SEN,Senegal,Other,Unknown,1992,1990,-0.109942967085665,-0.109942967085665,Low (<2%),1.32023303661357,974.054860027128
SGP,Singapore,Asia,High,1992,1990,2.26307118702851,2.26307118702851,Moderate (2-5%),6.63980556949564,24973.4311358112
SLB,Solomon Islands,Other,Unknown,1992,1990,10.7511603675285,10.7511603675285,Very High (>10%),12.6999978113729,2029.95282373454
SLV,El Salvador,Other,Unknown,1992,1990,11.2144813801987,11.2144813801987,Very High (>10%),7.02196331575217,2465.75989060719
SSA,Sub-Saharan Africa (excluding high income),Other,Unknown,1992,1990,9.5234771910899,9.5234771910899,High (5-10%),-0.500369691586116,1210.11118818859
SSF,Sub-Saharan Africa,Other,Unknown,1992,1990,9.48654250617163,9.48654250617163,High (5-10%),-0.49305149221405,1211.18047015045
SST,Small states,Other,Unknown,1992,1990,5.13889779944828,5.13889779944828,High (5-10%),-1.01988992020556,6589.89328405278
SUR,Suriname,Other,Unknown,1992,1990,43.6661783854171,43.6661783854171,Very High (>10%),0.400000008536168,6594.9041494915
SVK,Slovak Republic,Other,Unknown,1992,1990,9.89350519771172,9.89350519771172,High (5-10%),-6.72148858941303,6843.30017436782
SVN,Slovenia,Other,Unknown,1992,1990,209.933731186822,180.13687701067877,Very High (>10%),-5.46369702570964,11735.8458123902
SWE,Sweden,Europe,High,1992,1990,2.37436725111881,2.37436725111881,Moderate (2-5%),-1.15859275987265,33673.8489875564
SWZ,Eswatini,Other,Unknown,1992,1990,7.55829536317337,7.55829536317337,High (5-10%),3.22620638317446,1969.96082517613
SYC,Seychelles,Other,Unknown,1992,1990,3.24675324675323,3.24675324675323,Moderate (2-5%),7.17304395387974,9497.7554107084
SYR,Syrian Arab Republic,Other,Unknown,1992,1990,11.0091743119265,11.0091743119265,Very High (>10%),12.972790068566,1065.20347690082
TCD,Chad,Other,Unknown,1992,1990,-3.11303067214949,-3.11303067214949,Low (<2%),8.00144334899822,652.785002167398
TEA,East Asia & Pacific (IDA & IBRD countries),Other,Unknown,1992,1990,7.52351006242677,7.52351006242677,High (5-10%),11.2452158300335,1267.1415341059
TGO,Togo,Other,Unknown,1992,1990,1.39378663675938,1.39378663675938,Low (<2%),-3.98068681380465,682.175898912642
THA,Thailand,Asia,Upper Middle,1992,1990,4.13914575077053,4.13914575077053,Moderate (2-5%),8.08338802345332,2989.85385369019
TLA,Latin America & the Caribbean (IDA & IBRD countries),Other,Unknown,1992,1990,11.6374024910138,11.6374024910138,Very High (>10%),2.91198789374343,5805.60465847547
TMN,"Middle East, North Africa, Afghanistan & Pakistan (IDA & IBRD)",Other,Unknown,1992,1990,11.0091743119265,11.0091743119265,Very High (>10%),4.9785597764842,2067.65788441487
TON,Tonga,Other,Unknown,1992,1990,7.93698012192874,7.93698012192874,High (5-10%),0.251973395838817,3177.04257553004
TSA,South Asia (IDA & IBRD),Other,Unknown,1992,1990,13.8815172016762,13.8815172016762,Very High (>10%),5.41236767045154,557.346083105101
TSS,Sub-Saharan Africa (IDA & IBRD countries),Other,Unknown,1992,1990,9.48654250617163,9.48654250617163,High (5-10%),-0.493051492213951,1211.18047015045
TTO,Trinidad and Tobago,Other,Unknown,1992,1990,6.43985419198061,6.43985419198061,High (5-10%),10.092979512969,6771.98415842128
TUN,Tunisia,Africa,Upper Middle,1992,1990,5.82434514637906,5.82434514637906,High (5-10%),7.80572887722397,2270.86449442765
TUR,Turkiye,Europe,Upper Middle,1992,1990,70.0761038690374,70.0761038690374,Very High (>10%),5.03563493261181,5301.80855982172
TZA,Tanzania,Other,Low,1992,1990,21.8468468468473,21.8468468468473,Very High (>10%),0.584322131924068,528.781555175781
UMC,Upper middle income,Other,Unknown,1992,1990,9.35975158953134,9.35975158953134,High (5-10%),4.52029768644822,2432.95499126446
URY,Uruguay,South America,High,1992,1990,68.4591938395374,68.4591938395374,Very High (>10%),7.93158841395443,9193.55122074713
USA,United States,North America,High,1992,1990,3.02881967814969,3.02881967814969,Moderate (2-5%),3.52249717254271,39447.9472850606
VCT,St. Vincent and the Grenadines,Other,Unknown,1992,1990,3.46353042727654,3.46353042727654,Moderate (2-5%),6.37794062708292,4046.68638456042
VUT,Vanuatu,Other,Unknown,1992,1990,4.0584415584416,4.0584415584416,Moderate (2-5%),2.58541372753479,2987.67246596791
WLD,World,Other,Unknown,1992,1990,7.63610852336974,7.63610852336974,High (5-10%),2.06322489260802,6801.30548790075
WSM,Samoa,Other,Unknown,1992,1990,9.03113792907172,9.03113792907172,High (5-10%),-0.199987145070338,2452.18685335209
YEM,"Yemen, Rep.",Other,Unknown,1992,1990,29.4117647058824,29.4117647058824,Very High (>10%),8.20759813722687,1835.28111559428
ZAF,South Africa,Africa,Upper Middle,1992,1990,13.874703748615,13.874703748615,Very High (>10%),-2.13703284500521,4225.814328485
ZMB,Zambia,Other,Unknown,1992,1990,165.70652700999,165.70652700999,Very High (>10%),-1.73092217352566,821.850104215064
ABW,Aruba,Other,Unknown,1993,1990,5.2155599603571,5.2155599603571,High (5-10%),7.30769324531406,25870.1533960504
AFE,Africa Eastern and Southern,Other,Unknown,1993,1990,13.1356607683724,13.1356607683724,Very High (>10%),-0.838998142673731,1152.59004074875
AFW,Africa Western and Central,Other,Unknown,1993,1990,0.553455723541917,0.553455723541917,Low (<2%),-1.32536237361836,1187.89176137229
AGO,Angola,Africa,Lower Middle,1993,1990,1378.52760736196,180.13687701067877,Very High (>10%),-23.9834174429163,1752.7231866103
ALB,Albania,Other,Unknown,1993,1990,85.0047512387157,85.0047512387157,Very High (>10%),9.55941167111243,1254.67888414888
ARB,Arab World,Other,Unknown,1993,1990,9.37034415971461,9.37034415971461,High (5-10%),3.25567455129934,4352.86077803648
AUS,Australia,Oceania,High,1993,1990,1.75365751770527,1.75365751770527,Low (<2%),4.04583374101011,37246.0044332363
AUT,Austria,Europe,High,1993,1990,3.6317852494318,3.6317852494318,Moderate (2-5%),0.526809769496765,32134.8299135937
AZE,Azerbaijan,Other,Unknown,1993,1990,1128.00002429404,180.13687701067877,Very High (>10%),-23.0999987188387,1621.91809395607
BDI,Burundi,Other,Unknown,1993,1990,9.67934658067928,9.67934658067928,High (5-10%),-6.24000000139047,365.282012271705
BEL,Belgium,Europe,High,1993,1990,2.75442643473462,2.75442643473462,Moderate (2-5%),-0.961873076923027,29967.3944241601
BEN,Benin,Other,Unknown,1993,1990,0.440599214931794,0.440599214931794,Low (<2%),5.83617208501383,765.479914438342
BFA,Burkina Faso,Other,Unknown,1993,1990,0.553455723541917,0.553455723541917,Low (<2%),3.46138493945818,348.581211032689
BGD,Bangladesh,Asia,Lower Middle,1993,1990,3.01481859989799,3.01481859989799,Moderate (2-5%),4.71156172453999,511.193509421294
BGR,Bulgaria,Other,Unknown,1993,1990,72.8787913866333,72.8787913866333,Very High (>10%),-1.48021466527921,3808.94310683811
BHR,Bahrain,Middle East,High,1993,1990,2.53886010362695,2.53886010362695,Moderate (2-5%),12.8700067450998,23858.1931245824
BHS,"Bahamas, The",Other,Unknown,1993,1990,2.72289766970591,2.72289766970591,Moderate (2-5%),0.307806596011844,27137.178342536
BLR,Belarus,Other,Unknown,1993,1990,1190.22923349187,180.13687701067877,Very High (>10%),-7.60000201957324,2372.48516910385
BLZ,Belize,Other,Unknown,1993,1990,1.4725969469368,1.4725969469368,Low (<2%),6.13788542592131,5166.82867390165
BOL,Bolivia,South America,Upper Middle,1993,1990,8.52787695688003,8.52787695688003,High (5-10%),4.26929615211904,1762.66830964982
BRA,Brazil,South America,Upper Middle,1993,1990,1927.38079016026,180.13687701067877,Very High (>10%),4.9246900037071,6167.46092178931
BRB,Barbados,Other,Unknown,1993,1990,1.11343933604483,1.11343933604483,Low (<2%),0.793068842655458,18067.0819950459
BRN,Brunei Darussalam,Other,Unknown,1993,1990,4.25170068027212,4.25170068027212,Moderate (2-5%),-0.633649658776775,40342.0504065212
BTN,Bhutan,Other,Unknown,1993,1990,11.1980165874679,11.1980165874679,Very High (>10%),1.98636656014881,917.291292689812
BWA,Botswana,Other,Unknown,1993,1990,14.3308033365888,14.3308033365888,Very High (>10%),1.9161070518754,4186.14547358363
CAF,Central African Republic,Other,Unknown,1993,1990,-2.91535849298335,-2.91535849298335,Low (<2%),0.335275684646064,441.384907508364
CAN,Canada,North America,High,1993,1990,1.86507936507939,1.86507936507939,Low (<2%),2.65770683842972,31032.785763879
CEB,Central Europe and the Baltics,Other,Unknown,1993,1990,72.8787913866333,72.8787913866333,Very High (>10%),0.20890200976153,5768.72902258047
CHE,Switzerland,Europe,High,1993,1990,3.29262180313607,3.29262180313607,Moderate (2-5%),-2.06561631523785,64448.1064296646
CHL,Chile,South America,High,1993,1990,12.7277669490964,12.7277669490964,Very High (>10%),6.6855844008042,6461.73217350303
CHN,China,Asia,Upper Middle,1993,1990,14.6100786356602,14.6100786356602,Very High (>10%),13.9261028311995,1258.34142676619
CIV,Cote d'Ivoire,Africa,Lower Middle,1993,1990,2.16471453976754,2.16471453976754,Moderate (2-5%),-0.192485098607804,1649.47036183619
CMR,Cameroon,Africa,Lower Middle,1993,1990,-3.20655456915868,-3.20655456915868,Low (<2%),-7.93206657447536,1070.98275377636
COD,"Congo, Dem. Rep.",Other,Unknown,1993,1990,1986.90476190476,180.13687701067877,Very High (>10%),-13.4690505375185,532.214450615766
COG,"Congo, Rep.",Other,Unknown,1993,1990,4.92366412213743,4.92366412213743,Moderate (2-5%),-0.979683208744774,2255.94360801961
COL,Colombia,South America,Upper Middle,1993,1990,22.4424828533275,22.4424828533275,Very High (>10%),5.38540993901029,3912.6590835796
CPV,Cabo Verde,Other,Unknown,1993,1990,5.78839590443697,5.78839590443697,High (5-10%),8.70831156568961,953.861011115729
CRI,Costa Rica,Other,Unknown,1993,1990,9.77860078293777,9.77860078293777,High (5-10%),7.09719089594824,6706.2766889267
CSS,Caribbean small states,Other,Unknown,1993,1990,2.25887956702186,2.25887956702186,Moderate (2-5%),0.464462308978256,8288.15260018
CYP,Cyprus,Other,Unknown,1993,1990,4.85416666666694,4.85416666666694,Moderate (2-5%),0.700000765065823,17623.275390625
CZE,Czechia,Other,Unknown,1993,1990,20.8130295438428,20.8130295438428,Very High (>10%),0.0619042423607254,10475.0849147458
DEU,Germany,Europe,High,1993,1990,4.47457650752808,4.47457650752808,Moderate (2-5%),-0.973033082340891,30932.0193060317
DMA,Dominica,Other,Unknown,1993,1990,1.56902604224498,1.56902604224498,Low (<2%),2.16142138921818,5865.47647130041
DNK,Denmark,Europe,High,1993,1990,1.2578566795326,1.2578566795326,Low (<2%),-0.078900412805325,40280.8935863909
DOM,Dominican Republic,Other,Unknown,1993,1990,5.25033880690971,5.25033880690971,High (5-10%),7.36669526975602,3147.67060324766
DZA,Algeria,Africa,Upper Middle,1993,1990,20.5403261235827,20.5403261235827,Very High (>10%),-2.10000075697259,3302.91950568634
EAP,East Asia & Pacific (excluding high income),Other,Unknown,1993,1990,5.73690583357397,5.73690583357397,High (5-10%),11.3124169387854,1374.46796908706
EAR,Early-demographic dividend,Other,Unknown,1993,1990,9.97366476029209,9.97366476029209,High (5-10%),3.51717704559715,1932.42926289172
EAS,East Asia & Pacific,Other,Unknown,1993,1990,4.887555452635,4.887555452635,Moderate (2-5%),4.17792742885939,4094.03601328195
ECS,Europe & Central Asia,Other,Unknown,1993,1990,14.4112644439348,14.4112644439348,Very High (>10%),-0.700118952818684,15553.5215969054
ECU,Ecuador,South America,Upper Middle,1993,1990,44.9550537592163,44.9550537592163,Very High (>10%),1.97321813678619,3996.99377481811
EGY,"Egypt, Arab Rep.",Africa,Lower Middle,1993,1990,12.0897922868977,12.0897922868977,Very High (>10%),2.90079079959442,1989.97920020791
EMU,Euro area,Other,Unknown,1993,1990,4.62673468331298,4.62673468331298,Moderate (2-5%),-0.685794729393407,25367.9826148327
ESP,Spain,Europe,High,1993,1990,4.56907173681805,4.56907173681805,Moderate (2-5%),-1.03149183695307,19394.4931411816
EST,Estonia,Other,Unknown,1993,1990,89.8119490277275,89.8119490277275,Very High (>10%),-5.74049004899702,6706.56021122484
ETH,Ethiopia,Africa,Low,1993,1990,3.54306596166032,3.54306596166032,Moderate (2-5%),13.1428339363255,227.173295614208
EUU,European Union,Other,Unknown,1993,1990,4.85416666666694,4.85416666666694,Moderate (2-5%),-0.596024578382611,21915.7436320895
FIN,Finland,Europe,High,1993,1990,2.19065319556431,2.19065319556431,Moderate (2-5%),-0.779815061561479,27807.8614663327
FJI,Fiji,Other,Unknown,1993,1990,5.20658925195765,5.20658925195765,High (5-10%),2.13003299416839,3522.84229699877
FRA,France,Europe,High,1993,1990,2.10446277124642,2.10446277124642,Moderate (2-5%),-0.35899781051468,28257.0962487817
GAB,Gabon,Other,Unknown,1993,1990,0.533746556474191,0.533746556474191,Low (<2%),3.94655500790242,8237.7433874389
GBR,United Kingdom,Europe,High,1993,1990,2.55857796929705,2.55857796929705,Moderate (2-5%),3.49048744653493,30862.4118121654
GHA,Ghana,Africa,Unknown,1993,1990,24.9598424742497,24.9598424742497,Very High (>10%),4.85000055379412,910.722897752222
GMB,"Gambia, The",Other,Unknown,1993,1990,6.46380422753847,6.46380422753847,High (5-10%),3.01210137437499,641.918738488002
GNB,Guinea-Bissau,Other,Unknown,1993,1990,48.1081660687067,48.1081660687067,Very High (>10%),2.09999998911347,567.860072938098
GNQ,Equatorial Guinea,Other,Unknown,1993,1990,5.4522847373328,5.4522847373328,High (5-10%),11.0332130375277,485.392231712925
GRC,Greece,Europe,High,1993,1990,14.4112644439348,14.4112644439348,Very High (>10%),-1.60000002186294,15374.8626265369
GRD,Grenada,Other,Unknown,1993,1990,2.80859916782245,2.80859916782245,Moderate (2-5%),-1.95881558143746,4909.77076444883
GTM,Guatemala,Other,Unknown,1993,1990,11.8196901746257,11.8196901746257,Very High (>10%),3.92713194504024,2857.29765344313
HIC,High income,Other,Unknown,1993,1990,4.25170068027212,4.25170068027212,Moderate (2-5%),1.11499775192729,25146.5484568036
HKG,"Hong Kong SAR, China",Other,Unknown,1993,1990,8.80281690140857,8.80281690140857,High (5-10%),6.20118510679872,24621.6478184223
HND,Honduras,Other,Unknown,1993,1990,10.7486467163721,10.7486467163721,Very High (>10%),13.6371743358989,656.869827849093
HPC,Heavily indebted poor countries (HIPC),Other,Unknown,1993,1990,8.52787695688003,8.52787695688003,High (5-10%),0.317695251133117,636.019868009876
HRV,Croatia,Other,Unknown,1993,1990,1500.0,180.13687701067877,Very High (>10%),-8.02558188400313,6490.91059131693
HTI,Haiti,Other,Unknown,1993,1990,29.7059715065172,29.7059715065172,Very High (>10%),-5.42629599215383,1398.25464638175
HUN,Hungary,Other,Unknown,1993,1990,22.4642346133809,22.4642346133809,Very High (>10%),-0.576108518425613,7353.90020686221
IBD,IBRD only,Other,Unknown,1993,1990,14.3308033365888,14.3308033365888,Very High (>10%),3.68993770570923,2239.08845117863
IBT,IDA & IBRD total,Other,Unknown,1993,1990,10.6332425818308,10.6332425818308,Very High (>10%),3.43464523920498,1951.19175848114
IDA,IDA total,Other,Unknown,1993,1990,7.50539419087105,7.50539419087105,High (5-10%),0.888798042741243,852.351569441917
IDB,IDA blend,Other,Unknown,1993,1990,4.94888921262694,4.94888921262694,Moderate (2-5%),-0.228886773288039,1304.69571472261
IDN,Indonesia,Asia,Lower Middle,1993,1990,9.6719108926401,9.6719108926401,High (5-10%),6.49640812045304,1693.1074260189
IDX,IDA only,Other,Unknown,1993,1990,9.67934658067928,9.67934658067928,High (5-10%),2.23783345475863,612.030767592526
IND,India,Asia,Lower Middle,1993,1990,6.32689048779867,6.32689048779867,High (5-10%),4.7507762195799,563.372872336747
IRL,Ireland,Europe,High,1993,1990,1.46941522411422,1.46941522411422,Low (<2%),2.69260841466448,24932.3770542724
IRN,"Iran, Islamic Rep.",Asia,Lower Middle,1993,1990,21.2026307547761,21.2026307547761,Very High (>10%),-1.47101148218381,3514.51966574661
IRQ,Iraq,Middle East,Unknown,1993,1990,207.692307692309,180.13687701067877,Very High (>10%),30.289829491298,2005.56353164115
ISL,Iceland,Other,Unknown,1993,1990,4.04285291076951,4.04285291076951,Moderate (2-5%),1.31344949985998,35206.5664833565
ISR,Israel,Europe,High,1993,1990,10.8838740009403,10.8838740009403,Very High (>10%),4.11675642426739,23976.7431106567
ITA,Italy,Europe,High,1993,1990,4.62673468331298,4.62673468331298,Moderate (2-5%),-0.852805731913904,27987.4328969281
JAM,Jamaica,Other,Unknown,1993,1990,22.0699494185292,22.0699494185292,Very High (>10%),9.41710256580915,5423.3508419918
JOR,Jordan,Other,Unknown,1993,1990,3.31666666666706,3.31666666666706,Moderate (2-5%),4.48698977985747,3535.94786061685
JPN,Japan,Asia,High,1993,1990,1.24304589707924,1.24304589707924,Low (<2%),-0.517919847117952,29665.3871017287
KEN,Kenya,Africa,Low,1993,1990,45.9788813036218,45.9788813036218,Very High (>10%),0.353197256227247,1223.50616725762
KNA,St. Kitts and Nevis,Other,Unknown,1993,1990,1.79486146433782,1.79486146433782,Low (<2%),6.80194941601546,10860.6034990877
KOR,"Korea, Rep.",Asia,High,1993,1990,4.80099660215354,4.80099660215354,Moderate (2-5%),6.99471791742556,11837.4692053797
KWT,Kuwait,Middle East,High,1993,1990,0.382541365165916,0.382541365165916,Low (<2%),33.9904675559008,29323.8532618275
LAC,Latin America & Caribbean (excluding high income),Other,Unknown,1993,1990,11.8196901746257,11.8196901746257,Very High (>10%),4.1901530452009,5846.01399915429
LAO,Lao PDR,Other,Unknown,1993,1990,6.26722241519029,6.26722241519029,High (5-10%),5.91255655432118,680.964153708638
LBY,Libya,Other,Unknown,1993,1990,11.0735532720389,11.0735532720389,Very High (>10%),-3.76319264327812,11274.3452230872
LCA,St. Lucia,Other,Unknown,1993,1990,0.848181596289603,0.848181596289603,Low (<2%),0.583199758222051,8800.62691819002
LCN,Latin America & Caribbean,Other,Unknown,1993,1990,10.2636237496549,10.2636237496549,Very High (>10%),4.26732480601663,6050.45227340859
LDC,Least developed countries: UN classification,Other,Unknown,1993,1990,9.37034415971461,9.37034415971461,High (5-10%),-0.545786237108118,571.901701870106
LIC,Low income,Other,Unknown,1993,1990,9.84385389234665,9.84385389234665,High (5-10%),1.1852518162294,560.451938451747
LKA,Sri Lanka,Asia,Lower Middle,1993,1990,11.7467370174946,11.7467370174946,Very High (>10%),6.90006325149474,1556.88467169768
LMC,Lower middle income,Other,Unknown,1993,1990,9.16866233321985,9.16866233321985,High (5-10%),1.81417803767454,855.331777045569
LMY,Low & middle income,Other,Unknown,1993,1990,10.008361204014,10.008361204014,Very High (>10%),4.96521391658919,1738.78861227653
LSO,Lesotho,Other,Unknown,1993,1990,13.1356607683724,13.1356607683724,Very High (>10%),3.50976615760111,601.55791413154
LTE,Late-demographic dividend,Other,Unknown,1993,1990,10.6765371840708,10.6765371840708,Very High (>10%),4.34209627049079,2622.24399599026
LTU,Lithuania,Other,Unknown,1993,1990,410.451858561316,180.13687701067877,Very High (>10%),-16.2268623098899,5206.44260647022
LUX,Luxembourg,Other,Unknown,1993,1990,3.58809818535169,3.58809818535169,Moderate (2-5%),4.20064571003755,73120.1504309245
LVA,Latvia,Other,Unknown,1993,1990,108.989540624323,108.989540624323,Very High (>10%),-4.98297870115201,4464.72137528124
MAC,"Macao SAR, China",Other,Unknown,1993,1990,6.70588552770043,6.70588552770043,High (5-10%),5.18623877678014,33812.6326064638
MAR,Morocco,Africa,Lower Middle,1993,1990,5.18311396030801,5.18311396030801,High (5-10%),-0.740591700332374,1680.71044921875
MDA,Moldova,Other,Unknown,1993,1990,1613.60398876194,180.13687701067877,Very High (>10%),-1.1999999330268,2202.16445303219
MDG,Madagascar,Other,Unknown,1993,1990,10.008361204014,10.008361204014,Very High (>10%),2.09992318110865,476.159733326381
MDV,Maldives,Other,Unknown,1993,1990,20.1273593149248,20.1273593149248,Very High (>10%),5.55676907924001,4803.909904607
MEA,"Middle East, North Africa, Afghanistan & Pakistan",Other,Unknown,1993,1990,9.97366476029209,9.97366476029209,High (5-10%),2.46106838088316,3588.00367022595
MEX,Mexico,North America,Upper Middle,1993,1990,9.75146045357553,9.75146045357553,High (5-10%),2.86699945461075,8411.79621331335
MIC,Middle income,Other,Unknown,1993,1990,10.5178384472896,10.5178384472896,Very High (>10%),5.04745312571247,1831.77113701958
MLI,Mali,Other,Unknown,1993,1990,-0.263767884261804,-0.263767884261804,Low (<2%),4.34822770038828,619.374429343318
MLT,Malta,Other,Unknown,1993,1990,4.14481954180488,4.14481954180488,Moderate (2-5%),4.48074837088026,11161.1923768418
MMR,Myanmar,Other,Unknown,1993,1990,31.83160687276,31.83160687276,Very High (>10%),6.03941022663199,188.680525344668
MNA,"Middle East, North Africa, Afghanistan & Pakistan (excluding high income)",Other,Unknown,1993,1990,12.0897922868977,12.0897922868977,Very High (>10%),1.54367232601378,2045.06783370892
MNG,Mongolia,Other,Unknown,1993,1990,268.150488882784,180.13687701067877,Very High (>10%),-3.16879155027824,1418.0656069858
MRT,Mauritania,Other,Unknown,1993,1990,9.37034415971461,9.37034415971461,High (5-10%),5.87363742064294,1420.51487247759
MUS,Mauritius,Other,Unknown,1993,1990,10.5178384472896,10.5178384472896,Very High (>10%),5.08206295574259,4337.92493399566
MWI,Malawi,Other,Low,1993,1990,22.7727102336625,22.7727102336625,Very High (>10%),9.69184059512781,362.930995399017
MYS,Malaysia,Asia,Upper Middle,1993,1990,3.53658536585389,3.53658536585389,Moderate (2-5%),9.89494333377064,5062.5911043705
NAC,North America,Other,Unknown,1993,1990,2.40836816573249,2.40836816573249,Moderate (2-5%),2.74448832187251,39120.6377006062
NER,Niger,Other,Unknown,1993,1990,-1.21503496503496,-1.21503496503496,Low (<2%),0.321655474432788,432.184449587188
NGA,Nigeria,Africa,Low,1993,1990,57.1652528349217,57.1652528349217,Very High (>10%),-2.03511877399539,1498.958950378
NLD,Netherlands,Europe,High,1993,1990,2.58418115634715,2.58418115634715,Moderate (2-5%),1.25755214528137,32297.9651797151
NOR,Norway,Europe,High,1993,1990,2.28826933193061,2.28826933193061,Moderate (2-5%),2.87306009185421,53735.9945035246
NPL,Nepal,Asia,Lower Middle,1993,1990,7.50539419087105,7.50539419087105,High (5-10%),3.84985002629573,448.13094087379
NZL,New Zealand,Oceania,High,1993,1990,1.28820776574386,1.28820776574386,Low (<2%),6.3836309435096,26166.825450812
OED,OECD members,Other,Unknown,1993,1990,4.59790321006551,4.59790321006551,Moderate (2-5%),1.43165150636501,25724.2046181776
OSS,Other small states,Other,Unknown,1993,1990,5.78839590443697,5.78839590443697,High (5-10%),0.370765845457626,6589.91736864893
PAK,Pakistan,Asia,Lower Middle,1993,1990,9.97366476029209,9.97366476029209,High (5-10%),1.7577476978468,1001.25854820003
PAN,Panama,Other,Unknown,1993,1990,0.45393007884036,0.45393007884036,Low (<2%),5.45574476975436,5661.07625832598
PER,Peru,South America,Upper Middle,1993,1990,48.5799864468885,48.5799864468885,Very High (>10%),5.24357700773291,2723.2842310292
PHL,Philippines,Asia,Lower Middle,1993,1990,6.71631104109973,6.71631104109973,High (5-10%),2.181889985613,1620.35505833942
PNG,Papua New Guinea,Other,Unknown,1993,1990,4.97411430311646,4.97411430311646,Moderate (2-5%),18.2022859527298,2515.6383945071
POL,Poland,Europe,Unknown,1993,1990,36.9641666120718,36.9641666120718,Very High (>10%),3.73831029461471,5008.34908886395
PRE,Pre-demographic dividend,Other,Unknown,1993,1990,7.91707419362654,7.91707419362654,High (5-10%),-0.659955700269535,970.962959383338
PRT,Portugal,Europe,High,1993,1990,6.78377994665408,6.78377994665408,High (5-10%),-2.04327729359404,15110.1392558339
PRY,Paraguay,South America,Upper Middle,1993,1990,18.2086614173228,18.2086614173228,Very High (>10%),4.93635941475281,4147.78440621564
PST,Post-demographic dividend,Other,Unknown,1993,1990,4.14481954180488,4.14481954180488,Moderate (2-5%),1.19224425343225,28453.3310822845
QAT,Qatar,Middle East,High,1993,1990,-0.8733624454148,-0.8733624454148,Low (<2%),-1.32513607105912,41423.720599232
ROU,Romania,Other,Unknown,1993,1990,255.166861826698,180.13687701067877,Very High (>10%),1.52883449664077,4126.76859277572
RUS,Russian Federation,Europe,Upper Middle,1993,1990,874.245720380188,180.13687701067877,Very High (>10%),-8.66854034260423,5798.91455078125
RWA,Rwanda,Other,Low,1993,1990,12.3543887630448,12.3543887630448,Very High (>10%),-8.10869188180605,320.530460792077
SAS,South Asia,Other,Unknown,1993,1990,9.35170538916948,9.35170538916948,High (5-10%),4.82260448638672,572.21718916658
SAU,Saudi Arabia,Asia,High,1993,1990,1.05579531442695,1.05579531442695,Low (<2%),0.379835927354492,25649.064468644
SDN,Sudan,Other,Unknown,1993,1990,101.380423763812,101.380423763812,Very High (>10%),4.56874918954713,862.978149414063
SEN,Senegal,Other,Unknown,1993,1990,-0.586434615120184,-0.586434615120184,Low (<2%),1.36021300651346,960.506561720788
SGP,Singapore,Asia,High,1993,1990,2.28929964388641,2.28929964388641,Moderate (2-5%),11.459650875246,27139.9524278985
SLB,Solomon Islands,Other,Unknown,1993,1990,9.16866233321985,9.16866233321985,High (5-10%),3.99999961237647,2049.2778143568
SLV,El Salvador,Other,Unknown,1993,1990,18.5066883302714,18.5066883302714,Very High (>10%),5.81831555719015,2574.95134564317
SSA,Sub-Saharan Africa (excluding high income),Other,Unknown,1993,1990,9.67934658067928,9.67934658067928,High (5-10%),-1.05027336467786,1165.03599666291
SSF,Sub-Saharan Africa,Other,Unknown,1993,1990,9.52484537019694,9.52484537019694,High (5-10%),-1.04170776353544,1166.16737156087
SST,Small states,Other,Unknown,1993,1990,4.1982601110385,4.1982601110385,Moderate (2-5%),0.491041153807757,6576.72670509285
SUR,Suriname,Other,Unknown,1993,1990,143.51155848349,143.51155848349,Very High (>10%),-6.6999981497152,6127.17764098658
SVK,Slovak Republic,Other,Unknown,1993,1990,23.287027664545,23.287027664545,Very High (>10%),1.90132875267943,6946.84564117976
SVN,Slovenia,Other,Unknown,1993,1990,31.7621306305932,31.7621306305932,Very High (>10%),2.84342005538596,12098.3412867237
SWE,Sweden,Europe,High,1993,1990,4.72817304626049,4.72817304626049,Moderate (2-5%),-2.06561636908388,32787.2810455518
SWZ,Eswatini,Other,Unknown,1993,1990,12.0234238724148,12.0234238724148,Very High (>10%),3.10611397305176,1972.8034062953
SYC,Seychelles,Other,Unknown,1993,1990,1.38364779874215,1.38364779874215,Low (<2%),7.3033707678707,9981.2446035158
SYR,Syrian Arab Republic,Other,Unknown,1993,1990,13.2231404958679,13.2231404958679,Very High (>10%),6.15089557310075,1097.10915461797
TCD,Chad,Other,Unknown,1993,1990,-8.427933486518,-8.427933486518,Low (<2%),-15.7098370447417,537.410535926223
TEA,East Asia & Pacific (IDA & IBRD countries),Other,Unknown,1993,1990,5.73690583357397,5.73690583357397,High (5-10%),11.30819650594,1391.27134973283
TGO,Togo,Other,Unknown,1993,1990,-1.00688168855034,-1.00688168855034,Low (<2%),-15.0958274819575,585.840956389145
THA,Thailand,Asia,Upper Middle,1993,1990,3.31219168428468,3.31219168428468,Moderate (2-5%),8.25191591524627,3186.99707103229
TLA,Latin America & the Caribbean (IDA & IBRD countries),Other,Unknown,1993,1990,10.791941318612,10.791941318612,Very High (>10%),4.57763283422598,5963.72313787531
TMN,"Middle East, North Africa, Afghanistan & Pakistan (IDA & IBRD)",Other,Unknown,1993,1990,12.0897922868977,12.0897922868977,Very High (>10%),1.54367232601378,2044.26757222052
TON,Tonga,Other,Unknown,1993,1990,0.960904460459173,0.960904460459173,Low (<2%),3.73805810585928,3293.13542006864
TSA,South Asia (IDA & IBRD),Other,Unknown,1993,1990,9.35170538916948,9.35170538916948,High (5-10%),4.82260448638672,572.21718916658
TSS,Sub-Saharan Africa (IDA & IBRD countries),Other,Unknown,1993,1990,9.52484537019694,9.52484537019694,High (5-10%),-1.04170776353548,1166.16737156087
TTO,Trinidad and Tobago,Other,Unknown,1993,1990,10.835235920852,10.835235920852,Very High (>10%),-0.66911476645933,6680.48480038241
TUN,Tunisia,Africa,Upper Middle,1993,1990,3.9749563191613,3.9749563191613,Moderate (2-5%),2.18982886145824,2274.64182637585
TUR,Turkiye,Europe,Upper Middle,1993,1990,66.0938429820004,66.0938429820004,Very High (>10%),7.65126520761324,5609.85056730997
TZA,Tanzania,Other,Low,1993,1990,25.277264325323,25.277264325323,Very High (>10%),1.20580080875436,518.66259765625
UKR,Ukraine,Other,Unknown,1993,1990,4734.91434744585,180.13687701067877,Very High (>10%),-14.1999999993643,2177.23486328125
UMC,Upper middle income,Other,Unknown,1993,1990,11.7832135960601,11.7832135960601,Very High (>10%),5.86952878142941,2540.78412928856
URY,Uruguay,South America,High,1993,1990,54.1007924425194,54.1007924425194,Very High (>10%),2.65754610698545,9388.10939080161
USA,United States,North America,High,1993,1990,2.95165696638559,2.95165696638559,Moderate (2-5%),2.75179586314481,40002.4762253198
VCT,St. Vincent and the Grenadines,Other,Unknown,1993,1990,4.29137553446651,4.29137553446651,Moderate (2-5%),4.25073077397103,4210.24289444354
VUT,Vanuatu,Other,Unknown,1993,1990,3.56585691999116,3.56585691999116,Moderate (2-5%),0.735447995455729,2936.88740967171
WLD,World,Other,Unknown,1993,1990,7.14458706876257,7.14458706876257,High (5-10%),1.85802699127092,6818.5696934514
WSM,Samoa,Other,Unknown,1993,1990,1.71509123658868,1.71509123658868,Low (<2%),4.09999101013889,2531.28193070432
YEM,"Yemen, Rep.",Other,Unknown,1993,1990,35.7522980164491,35.7522980164491,Very High (>10%),4.00196638126631,1838.28268593285
ZAF,South Africa,Africa,Upper Middle,1993,1990,9.71742729803028,9.71742729803028,High (5-10%),1.23355793864741,4193.59826135345
ZMB,Zambia,Other,Unknown,1993,1990,183.312041464393,180.13687701067877,Very High (>10%),6.79727404907118,857.039669609389
ABW,Aruba,Other,Unknown,1994,1990,6.31107971270439,6.31107971270439,High (5-10%),8.20390129312089,26581.9767488997
AFE,Africa Eastern and Southern,Other,Unknown,1994,1990,14.8528149833969,14.8528149833969,Very High (>10%),1.92196003289237,1143.91396339554
AFW,Africa Western and Central,Other,Unknown,1994,1990,31.8410168416385,31.8410168416385,Very High (>10%),-0.228873727582496,1154.07891669578
AGO,Angola,Africa,Lower Middle,1994,1990,949.792531120332,180.13687701067877,Very High (>10%),1.33936343644582,1719.54294463666
ALB,Albania,Other,Unknown,1994,1990,22.5650526933696,22.5650526933696,Very High (>10%),8.30286659699082,1367.22058963712
ARB,Arab World,Other,Unknown,1994,1990,5.11259890444314,5.11259890444314,High (5-10%),3.35546608040302,4377.18722063061
ARM,Armenia,Other,Unknown,1994,1990,3373.75944336293,180.13687701067877,Very High (>10%),5.40000277917656,857.394474812969
AUS,Australia,Oceania,High,1994,1990,1.96963507094102,1.96963507094102,Low (<2%),3.97884434177331,38356.7691976693
AUT,Austria,Europe,High,1994,1990,2.95340936761081,2.95340936761081,Moderate (2-5%),2.40211843259056,32780.3419423369
AZE,Azerbaijan,Other,Unknown,1994,1990,1662.21594875899,180.13687701067877,Very High (>10%),-19.7000012399238,1284.95555073458
BDI,Burundi,Other,Unknown,1994,1990,14.8528149833969,14.8528149833969,Very High (>10%),-3.82999999619828,349.016249237768
BEL,Belgium,Europe,High,1994,1990,2.377540844764,2.377540844764,Moderate (2-5%),3.22697145426247,30839.2414336465
BEN,Benin,Other,Unknown,1994,1990,38.5308661668538,38.5308661668538,Very High (>10%),2.02040044761662,752.277508740764
BFA,Burkina Faso,Other,Unknown,1994,1990,25.1778762249963,25.1778762249963,Very High (>10%),1.31500727210265,344.371184069503
BGD,Bangladesh,Asia,Lower Middle,1994,1990,5.31374007936498,5.31374007936498,High (5-10%),3.89012644116818,521.323144726555
BGR,Bulgaria,Other,Unknown,1994,1990,96.0573382686505,96.0573382686505,Very High (>10%),1.81801189464269,3891.38232617785
BHR,Bahrain,Middle East,High,1994,1990,0.816910897759778,0.816910897759778,Low (<2%),-0.250001381199439,23180.3322555659
BHS,"Bahamas, The",Other,Unknown,1994,1990,1.39933423745548,1.39933423745548,Low (<2%),3.14891597200189,27503.6353912861
BLR,Belarus,Other,Unknown,1994,1990,2221.01656992039,180.13687701067877,Very High (>10%),-11.7000038612152,2097.38187007503
BLZ,Belize,Other,Unknown,1994,1990,2.56934304644295,2.56934304644295,Moderate (2-5%),-0.0199863391166843,5056.95201193832
BOL,Bolivia,South America,Upper Middle,1994,1990,7.87404421467434,7.87404421467434,High (5-10%),4.66726507417057,1809.57065115273
BRA,Brazil,South America,Upper Middle,1994,1990,2075.88839757325,180.13687701067877,Very High (>10%),5.85287036219013,6427.16901943704
BRB,Barbados,Other,Unknown,1994,1990,0.0772043884602322,0.0772043884602322,Low (<2%),2.01078208266563,18388.5965093239
BRN,Brunei Darussalam,Other,Unknown,1994,1990,2.4625184494679,2.4625184494679,Moderate (2-5%),0.992734958938726,39721.4345352129
BTN,Bhutan,Other,Unknown,1994,1990,7.00995355009951,7.00995355009951,High (5-10%),4.95150372472288,963.016574291679
BWA,Botswana,Other,Unknown,1994,1990,10.5429209938218,10.5429209938218,Very High (>10%),3.62791615172975,4219.4408088678
CAF,Central African Republic,Other,Unknown,1994,1990,24.5710137275605,24.5710137275605,Very High (>10%),4.89994941000114,448.784442959801
CAN,Canada,North America,High,1994,1990,0.165562913907291,0.165562913907291,Low (<2%),4.49404933882288,32074.1884806299
CEB,Central Europe and the Baltics,Other,Unknown,1994,1990,35.9247053929643,35.9247053929643,Very High (>10%),3.68848337311054,5982.61290780808
CHE,Switzerland,Europe,High,1994,1990,0.852116995120664,0.852116995120664,Low (<2%),4.01576592867781,66503.9311877673
CHL,Chile,South America,High,1994,1990,11.4431196444973,11.4431196444973,Very High (>10%),5.07680374667352,6688.29717704707
CHN,China,Asia,Upper Middle,1994,1990,24.2569897243361,24.2569897243361,Very High (>10%),13.0827122987906,1406.97393365064
CIV,Cote d'Ivoire,Africa,Lower Middle,1994,1990,26.0815719947162,26.0815719947162,Very High (>10%),0.811206679935481,1598.69239055813
CMR,Cameroon,Africa,Lower Middle,1994,1990,35.0944618459464,35.0944618459464,Very High (>10%),1.87680922580404,1060.87326552909
COD,"Congo, Dem. Rep.",Other,Unknown,1994,1990,23773.1317741016,180.13687701067877,Very High (>10%),-3.89999680329032,487.814601482576
COG,"Congo, Rep.",Other,Unknown,1994,1990,42.4396750333452,42.4396750333452,Very High (>10%),-5.49307574541402,2069.79640456567
COL,Colombia,South America,Upper Middle,1994,1990,22.8462417553045,22.8462417553045,Very High (>10%),5.81466190724336,4059.32146113882
CPV,Cabo Verde,Other,Unknown,1994,1990,3.45205833010708,3.45205833010708,Moderate (2-5%),19.1826416318144,1113.93806476467
CRI,Costa Rica,Other,Unknown,1994,1990,13.5344687273427,13.5344687273427,Very High (>10%),4.51902842051615,6839.36232894134
CSS,Caribbean small states,Other,Unknown,1994,1990,2.00580631724619,2.00580631724619,Moderate (2-5%),3.33087307594712,8499.02980529755
CYP,Cyprus,Other,Unknown,1994,1990,4.6985893105498,4.6985893105498,Moderate (2-5%),5.89999928523103,18281.01171875
CZE,Czechia,Other,Unknown,1994,1990,10.039429835143,10.039429835143,Very High (>10%),2.90930948412982,10775.9443891717
DEU,Germany,Europe,High,1994,1990,2.69305639854954,2.69305639854954,Moderate (2-5%),2.59685569693275,31625.3939679554
DMA,Dominica,Other,Unknown,1994,1990,0.0151367351744227,0.0151367351744227,Low (<2%),0.034477526872962,5863.78283734011
DNK,Denmark,Europe,High,1994,1990,1.99201463809517,1.99201463809517,Low (<2%),5.29469615156448,42270.6520867615
DOM,Dominican Republic,Other,Unknown,1994,1990,8.26076798575834,8.26076798575834,High (5-10%),2.59378305986246,3167.94494108567
DZA,Algeria,Africa,Upper Middle,1994,1990,29.0476561173071,29.0476561173071,Very High (>10%),-0.899996552970833,3201.56914402566
EAP,East Asia & Pacific (excluding high income),Other,Unknown,1994,1990,7.65823953904687,7.65823953904687,High (5-10%),10.9554431152616,1504.66787018254
EAR,Early-demographic dividend,Other,Unknown,1994,1990,9.59324963960294,9.59324963960294,High (5-10%),3.34856414255907,1957.65334289309
EAS,East Asia & Pacific,Other,Unknown,1994,1990,5.64990893945513,5.64990893945513,High (5-10%),5.20260586438349,4252.82785541542
ECA,Europe & Central Asia (excluding high income),Other,Unknown,1994,1990,891.187748133705,180.13687701067877,Very High (>10%),-9.96724836566054,2777.41113633033
ECS,Europe & Central Asia,Other,Unknown,1994,1990,12.1447980115689,12.1447980115689,Very High (>10%),1.49575247301779,15746.2188639285
ECU,Ecuador,South America,Upper Middle,1994,1990,27.3108817940495,27.3108817940495,Very High (>10%),4.25825042741626,4087.34069011974
EGY,"Egypt, Arab Rep.",Africa,Lower Middle,1994,1990,8.15423128587096,8.15423128587096,High (5-10%),3.97317218034541,2024.95373805253
EMU,Euro area,Other,Unknown,1994,1990,4.6985893105498,4.6985893105498,Moderate (2-5%),2.51257216412849,25931.0075197904
ESP,Spain,Europe,High,1994,1990,4.71841373967333,4.71841373967333,Moderate (2-5%),2.38319537908909,19762.3886289154
EST,Estonia,Other,Unknown,1994,1990,47.6546906187628,47.6546906187628,Very High (>10%),-1.6424292041964,6738.99904122236
ETH,Ethiopia,Africa,Low,1994,1990,7.59387600185337,7.59387600185337,High (5-10%),3.18996458331273,226.399912642527
EUU,European Union,Other,Unknown,1994,1990,4.71841373967333,4.71841373967333,Moderate (2-5%),2.70140207093823,22451.7130424692
FIN,Finland,Europe,High,1994,1990,1.08855677589402,1.08855677589402,Low (<2%),3.96437283726799,28785.9195720485
FJI,Fiji,Other,Unknown,1994,1990,0.816666666667011,0.816666666667011,Low (<2%),5.09999825114068,3682.00010727317
FRA,France,Europe,High,1994,1990,1.65551532926999,1.65551532926999,Low (<2%),2.38366086110145,28822.5006495069
GAB,Gabon,Other,Unknown,1994,1990,36.1162456962985,36.1162456962985,Very High (>10%),3.71275484108966,8322.61010843084
GBR,United Kingdom,Europe,High,1994,1990,2.21901260504205,2.21901260504205,Moderate (2-5%),4.95341092800692,32308.7952722115
GHA,Ghana,Africa,Unknown,1994,1990,24.8702554369576,24.8702554369576,Very High (>10%),3.29999973947747,918.428722656692
GMB,"Gambia, The",Other,Unknown,1994,1990,1.71020632305637,1.71020632305637,Low (<2%),0.154345959845131,622.551318791124
GNB,Guinea-Bissau,Other,Unknown,1994,1990,15.1763474313441,15.1763474313441,Very High (>10%),3.20000001913081,568.168871993007
GNQ,Equatorial Guinea,Other,Unknown,1994,1990,31.8410168416385,31.8410168416385,Very High (>10%),16.6688355418416,545.595470854948
GRC,Greece,Europe,High,1994,1990,10.8740756809132,10.8740756809132,Very High (>10%),1.99999984724822,15604.0339944242
GRD,Grenada,Other,Unknown,1994,1990,3.77065767284965,3.77065767284965,Moderate (2-5%),1.69355604419043,4956.32245138997
GTM,Guatemala,Other,Unknown,1994,1990,10.8553211494391,10.8553211494391,Very High (>10%),4.03374149641458,2894.43254991164
HIC,High income,Other,Unknown,1994,1990,2.95340936761081,2.95340936761081,Moderate (2-5%),3.00523775676531,25741.4269990116
HKG,"Hong Kong SAR, China",Other,Unknown,1994,1990,8.73786407766985,8.73786407766985,High (5-10%),6.03603037436426,25526.4330083318
HND,Honduras,Other,Unknown,1994,1990,21.729346883819,21.729346883819,Very High (>10%),29.0190203167888,823.791675562094
HPC,Heavily indebted poor countries (HIPC),Other,Unknown,1994,1990,32.2936668569552,32.2936668569552,Very High (>10%),0.35771850624657,619.324443849788
HRV,Croatia,Other,Unknown,1994,1990,107.327586206896,107.327586206896,Very High (>10%),5.87047464864034,6795.79207585721
HTI,Haiti,Other,Unknown,1994,1990,39.3316195372753,39.3316195372753,Very High (>10%),-11.9506292939561,1207.6605445003
HUN,Hungary,Other,Unknown,1994,1990,18.8680749869283,18.8680749869283,Very High (>10%),2.94715455541068,7581.00102233039
IBD,IBRD only,Other,Unknown,1994,1990,22.705647224337,22.705647224337,Very High (>10%),3.58284130087118,2285.90326475894
IBT,IDA & IBRD total,Other,Unknown,1994,1990,20.5661948376355,20.5661948376355,Very High (>10%),3.36165859901764,1982.74389077096
IDA,IDA total,Other,Unknown,1994,1990,15.1763474313441,15.1763474313441,Very High (>10%),1.0947231248653,839.084840240397
IDB,IDA blend,Other,Unknown,1994,1990,8.06942603327222,8.06942603327222,High (5-10%),0.888628935015106,1281.213878396
IDN,Indonesia,Asia,Lower Middle,1994,1990,8.53199829189143,8.53199829189143,High (5-10%),7.53997109551439,1790.32729962455
IDX,IDA only,Other,Unknown,1994,1990,21.729346883819,21.729346883819,Very High (>10%),1.33747518696659,604.089600048112
IND,India,Asia,Lower Middle,1994,1990,10.2479355556119,10.2479355556119,Very High (>10%),6.65892406747307,588.727892180632
IRL,Ireland,Europe,High,1994,1990,2.30920192610951,2.30920192610951,Moderate (2-5%),5.75582797061618,26263.7091752353
IRN,"Iran, Islamic Rep.",Asia,Lower Middle,1994,1990,31.4470284237728,31.4470284237728,Very High (>10%),-1.69828611909162,3448.25956881527
IRQ,Iraq,Middle East,Unknown,1994,1990,448.499999999999,180.13687701067877,Very High (>10%),3.85453244895318,1985.79691950682
ISL,Iceland,Other,Unknown,1994,1990,1.55265627495772,1.55265627495772,Low (<2%),3.60885792911003,36162.2911509183
ISR,Israel,Europe,High,1994,1990,12.253550985796,12.253550985796,Very High (>10%),7.42784534825054,25099.3242920961
ITA,Italy,Europe,High,1994,1990,4.05184218065716,4.05184218065716,Moderate (2-5%),2.15102367074849,28583.6255328648
JAM,Jamaica,Other,Unknown,1994,1990,35.0633942484772,35.0633942484772,Very High (>10%),1.38338980682033,5442.16740407801
JOR,Jordan,Other,Unknown,1994,1990,3.51669624132886,3.51669624132886,Moderate (2-5%),4.9714766996471,3538.09885361169
JPN,Japan,Asia,High,1994,1990,0.695458057869004,0.695458057869004,Low (<2%),0.99306636322622,29876.454752764
KAZ,Kazakhstan,Other,Unknown,1994,1990,1877.37239517572,180.13687701067877,Very High (>10%),-12.5999999983168,3740.97810892024
KEN,Kenya,Africa,Low,1994,1990,28.8143894306731,28.8143894306731,Very High (>10%),2.632784517837,1219.7841113305
KNA,St. Kitts and Nevis,Other,Unknown,1994,1990,1.44226958804943,1.44226958804943,Low (<2%),5.30171905117815,11290.2168438156
KOR,"Korea, Rep.",Asia,High,1994,1990,6.26585950039679,6.26585950039679,High (5-10%),9.3718357757101,12817.2447824958
KWT,Kuwait,Middle East,High,1994,1990,2.53443526170792,2.53443526170792,Moderate (2-5%),8.43616564472201,31946.4902579278
LAC,Latin America & Caribbean (excluding high income),Other,Unknown,1994,1990,10.8553211494391,10.8553211494391,Very High (>10%),5.06502781597126,6037.07088878282
LAO,Lao PDR,Other,Unknown,1994,1990,6.7844807862023,6.7844807862023,High (5-10%),8.15901853271809,717.509245108717
LBY,Libya,Other,Unknown,1994,1990,5.11259890444314,5.11259890444314,High (5-10%),1.93478674200678,11280.3829303475
LCA,St. Lucia,Other,Unknown,1994,1990,2.81591665153968,2.81591665153968,Moderate (2-5%),1.59856016206341,8808.68294405759
LCN,Latin America & Caribbean,Other,Unknown,1994,1990,9.70025033516309,9.70025033516309,High (5-10%),5.03979329408473,6247.9278373966
LDC,Least developed countries: UN classification,Other,Unknown,1994,1990,25.1778762249963,25.1778762249963,Very High (>10%),0.68193577355548,560.31326209722
LIC,Low income,Other,Unknown,1994,1990,24.8744449762784,24.8744449762784,Very High (>10%),1.55854026949298,552.530760955069
LKA,Sri Lanka,Asia,Lower Middle,1994,1990,8.44871248698348,8.44871248698348,High (5-10%),5.59991872510166,1620.29120747596
LMC,Lower middle income,Other,Unknown,1994,1990,13.7693248804359,13.7693248804359,Very High (>10%),3.41472551228983,865.083691250641
LMY,Low & middle income,Other,Unknown,1994,1990,21.1477708607272,21.1477708607272,Very High (>10%),5.0718554674518,1794.63152593627
LSO,Lesotho,Other,Unknown,1994,1990,8.21473862195302,8.21473862195302,High (5-10%),5.97987353536386,628.960051227201
LTE,Late-demographic dividend,Other,Unknown,1994,1990,11.4431196444973,11.4431196444973,Very High (>10%),4.46756930390406,2710.13792594915
LTU,Lithuania,Other,Unknown,1994,1990,72.2546816164428,72.2546816164428,Very High (>10%),-9.76605322187085,4730.69620782245
LUX,Luxembourg,Other,Unknown,1994,1990,2.19476468689066,2.19476468689066,Moderate (2-5%),3.82092143373001,74887.1941112367
LVA,Latvia,Other,Unknown,1994,1990,35.9247053929643,35.9247053929643,Very High (>10%),2.18990858235335,4639.50575611837
MAC,"Macao SAR, China",Other,Unknown,1994,1990,6.25206890210272,6.25206890210272,High (5-10%),4.25357492985363,34113.7531646476
MAR,Morocco,Africa,Lower Middle,1994,1990,5.14167152953361,5.14167152953361,High (5-10%),10.5880004161286,1830.88061523438
MDA,Moldova,Other,Unknown,1994,1990,486.425623795891,180.13687701067877,Very High (>10%),-30.9000002261447,1526.42524496526
MDG,Madagascar,Other,Unknown,1994,1990,38.9417908989239,38.9417908989239,Very High (>10%),-0.042101302622072,461.397665709464
MDV,Maldives,Other,Unknown,1994,1990,3.38610098291493,3.38610098291493,Moderate (2-5%),7.74948623307952,5053.64633599107
MEA,"Middle East, North Africa, Afghanistan & Pakistan",Other,Unknown,1994,1990,5.14167152953361,5.14167152953361,High (5-10%),3.08696924407047,3604.01285467755
MEX,Mexico,North America,Upper Middle,1994,1990,6.96581237191123,6.96581237191123,High (5-10%),4.39412788764169,8623.48043000831
MIC,Middle income,Other,Unknown,1994,1990,13.5126787360499,13.5126787360499,Very High (>10%),5.14548300630129,1893.68453683785
MKD,North Macedonia,Other,Unknown,1994,1990,126.583368336245,126.583368336245,Very High (>10%),-1.75816618126913,2917.05894611342
MLI,Mali,Other,Unknown,1994,1990,23.1767911524285,23.1767911524285,Very High (>10%),5.5916880903075,640.081008921427
MLT,Malta,Other,Unknown,1994,1990,4.12992181638259,4.12992181638259,Moderate (2-5%),5.6511051827337,11682.1516222446
MMR,Myanmar,Other,Unknown,1994,1990,24.0987860757019,24.0987860757019,Very High (>10%),7.47795835834528,200.124788541397
MNA,"Middle East, North Africa, Afghanistan & Pakistan (excluding high income)",Other,Unknown,1994,1990,12.3681943936948,12.3681943936948,Very High (>10%),2.31445648664159,2039.87153116602
MNG,Mongolia,Other,Unknown,1994,1990,87.580009329808,87.580009329808,Very High (>10%),2.13438269473237,1432.28072706305
MRT,Mauritania,Other,Unknown,1994,1990,4.12825861295442,4.12825861295442,Moderate (2-5%),-3.06073216744802,1331.04721876353
MUS,Mauritius,Other,Unknown,1994,1990,7.32347154412294,7.32347154412294,High (5-10%),4.1361428614553,4454.5426070274
MWI,Malawi,Other,Low,1994,1990,34.6496361508324,34.6496361508324,Very High (>10%),-10.2401817116217,329.584099900642
MYS,Malaysia,Asia,Upper Middle,1994,1990,3.72497055359284,3.72497055359284,Moderate (2-5%),9.21204179334867,5390.10167606966
NAC,North America,Other,Unknown,1994,1990,1.38650225303091,1.38650225303091,Low (<2%),4.06413293147384,40219.6506550885
NER,Niger,Other,Unknown,1994,1990,36.0410583134241,36.0410583134241,Very High (>10%),1.85477879101168,426.267506763664
NGA,Nigeria,Africa,Low,1994,1990,57.031708911966,57.031708911966,Very High (>10%),-1.81492448517923,1433.38861092416
NLD,Netherlands,Europe,High,1994,1990,2.80152693672192,2.80152693672192,Moderate (2-5%),2.96109252246121,33054.4378569838
NOR,Norway,Europe,High,1994,1990,1.37567498071478,1.37567498071478,Low (<2%),5.03933284247313,56123.4582597097
NPL,Nepal,Asia,Lower Middle,1994,1990,8.34928672883384,8.34928672883384,High (5-10%),8.21600269296587,472.951082824345
NZL,New Zealand,Oceania,High,1994,1990,1.74537790773743,1.74537790773743,Low (<2%),5.11167356780264,27141.2086609657
OED,OECD members,Other,Unknown,1994,1990,3.50262577413398,3.50262577413398,Moderate (2-5%),3.33712206709245,26361.0594997498
OSS,Other small states,Other,Unknown,1994,1990,4.12992181638259,4.12992181638259,Moderate (2-5%),2.84714797597729,6720.08307324816
PAK,Pakistan,Asia,Lower Middle,1994,1990,12.3681943936948,12.3681943936948,Very High (>10%),3.73741555767747,1009.06429520182
PAN,Panama,Other,Unknown,1994,1990,1.26843190106196,1.26843190106196,Low (<2%),2.85014717061981,5703.67338985136
PER,Peru,South America,Upper Middle,1994,1990,23.7369050565046,23.7369050565046,Very High (>10%),12.3083661848445,2998.57693125514
PHL,Philippines,Asia,Lower Middle,1994,1990,10.3864734299517,10.3864734299517,Very High (>10%),4.37366591819077,1654.74613902838
PNG,Papua New Guinea,Other,Unknown,1994,1990,2.85272217387134,2.85272217387134,Moderate (2-5%),5.94210905967769,2570.33691061958
POL,Poland,Europe,Unknown,1994,1990,32.9912766093523,32.9912766093523,Very High (>10%),5.292802066626,5262.31523522496
PRE,Pre-demographic dividend,Other,Unknown,1994,1990,34.6496361508324,34.6496361508324,Very High (>10%),0.0684006131423303,939.913466468937
PRT,Portugal,Europe,High,1994,1990,5.42044019241626,5.42044019241626,High (5-10%),0.964838285067799,15214.9307536408
PRY,Paraguay,South America,Upper Middle,1994,1990,20.5661948376355,20.5661948376355,Very High (>10%),5.31791766023942,4262.14495791711
PST,Post-demographic dividend,Other,Unknown,1994,1990,2.95340936761081,2.95340936761081,Moderate (2-5%),3.26235939315312,29214.4762459948
QAT,Qatar,Middle East,High,1994,1990,1.32158590308376,1.32158590308376,Low (<2%),1.41870838953481,40756.9289476104
ROU,Romania,Other,Unknown,1994,1990,136.759392815441,136.759392815441,Very High (>10%),3.93194272962506,4295.27065788629
RUS,Russian Federation,Europe,Upper Middle,1994,1990,307.722635553193,180.13687701067877,Very High (>10%),-12.5697559802151,5071.74267578125
SAS,South Asia,Other,Unknown,1994,1990,7.67962013946667,7.67962013946667,High (5-10%),6.36732623697335,596.466356439365
SAU,Saudi Arabia,Asia,High,1994,1990,0.564325478533149,0.564325478533149,Low (<2%),0.952965973086691,24808.6528928409
SDN,Sudan,Other,Unknown,1994,1990,115.398144292738,115.398144292738,Very High (>10%),1.00622924788334,850.299438476563
SEN,Senegal,Other,Unknown,1994,1990,32.2936668569552,32.2936668569552,Very High (>10%),-0.0475209486617416,934.692068072302
SGP,Singapore,Asia,High,1994,1990,3.10013262599502,3.10013262599502,Moderate (2-5%),11.0956893100227,29220.2727915476
SLB,Solomon Islands,Other,Unknown,1994,1990,13.2560325916638,13.2560325916638,Very High (>10%),8.10000120573282,2151.02993990041
SLV,El Salvador,Other,Unknown,1994,1990,10.5858066526451,10.5858066526451,Very High (>10%),4.6920617266787,2670.21278543567
SSA,Sub-Saharan Africa (excluding high income),Other,Unknown,1994,1990,28.8143894306731,28.8143894306731,Very High (>10%),1.03194943080678,1146.17261841467
SSF,Sub-Saharan Africa,Other,Unknown,1994,1990,27.4479807126947,27.4479807126947,Very High (>10%),1.02809298677241,1147.24187256318
SST,Small states,Other,Unknown,1994,1990,3.1010088172273,3.1010088172273,Moderate (2-5%),3.12717248949615,6722.31942499984
SUR,Suriname,Other,Unknown,1994,1990,368.478068706267,180.13687701067877,Very High (>10%),3.39999889736058,6290.15749631679
SVK,Slovak Republic,Other,Unknown,1994,1990,13.4155203422246,13.4155203422246,Very High (>10%),6.20553051900119,7348.918397432
SVN,Slovenia,Other,Unknown,1994,1990,20.9918180471498,20.9918180471498,Very High (>10%),5.32748694375739,12757.6301288509
SWE,Sweden,Europe,High,1994,1990,2.15813800724629,2.15813800724629,Moderate (2-5%),4.01576585901515,33862.4221711967
SWZ,Eswatini,Other,Unknown,1994,1990,13.7693248804359,13.7693248804359,Very High (>10%),2.40069167481312,2020.38481816452
SYC,Seychelles,Other,Unknown,1994,1990,1.73697270471464,1.73697270471464,Low (<2%),-2.43656881060774,9481.8805265777
SYR,Syrian Arab Republic,Other,Unknown,1994,1990,15.3284671532846,15.3284671532846,Very High (>10%),7.21302920527431,1142.06267499391
TCD,Chad,Other,Unknown,1994,1990,41.7248972364414,41.7248972364414,Very High (>10%),10.1368876324308,578.423503785715
TEA,East Asia & Pacific (IDA & IBRD countries),Other,Unknown,1994,1990,7.65823953904687,7.65823953904687,High (5-10%),10.954415475779,1523.06855301591
TEC,Europe & Central Asia (IDA & IBRD countries),Other,Unknown,1994,1990,222.241014184317,180.13687701067877,Very High (>10%),-8.41412929870859,3919.92053424655
TGO,Togo,Other,Unknown,1994,1990,39.1627673796795,39.1627673796795,Very High (>10%),14.9824143442687,670.817431721652
THA,Thailand,Asia,Upper Middle,1994,1990,5.04774897680755,5.04774897680755,High (5-10%),7.99702466720433,3391.48986604062
TLA,Latin America & the Caribbean (IDA & IBRD countries),Other,Unknown,1994,1990,10.7205639010421,10.7205639010421,Very High (>10%),5.12380357276018,6161.00695983795
TMN,"Middle East, North Africa, Afghanistan & Pakistan (IDA & IBRD)",Other,Unknown,1994,1990,12.3681943936948,12.3681943936948,Very High (>10%),2.31445648664159,2039.30445093544
TON,Tonga,Other,Unknown,1994,1990,1.01295206694856,1.01295206694856,Low (<2%),4.95252124359504,3454.05483581131
TSA,South Asia (IDA & IBRD),Other,Unknown,1994,1990,7.67962013946667,7.67962013946667,High (5-10%),6.36732623697335,596.466356439365
TSS,Sub-Saharan Africa (IDA & IBRD countries),Other,Unknown,1994,1990,27.4479807126947,27.4479807126947,Very High (>10%),1.02809298677242,1147.24187256318
TTO,Trinidad and Tobago,Other,Unknown,1994,1990,8.81469401768106,8.81469401768106,High (5-10%),3.56718060581952,6876.49857217898
TUN,Tunisia,Africa,Upper Middle,1994,1990,4.73323063996595,4.73323063996595,Moderate (2-5%),3.17841132209441,2305.16127524434
TUR,Turkiye,Europe,Upper Middle,1994,1990,105.214986469202,105.214986469202,Very High (>10%),-4.66814736735584,5255.80339736897
TZA,Tanzania,Other,Low,1994,1990,34.0833640722984,34.0833640722984,Very High (>10%),1.56766176421846,506.972503662109
UGA,Uganda,Other,Low,1994,1990,10.0367598792175,10.0367598792175,Very High (>10%),6.40363574007452,406.592301920177
UKR,Ukraine,Other,Unknown,1994,1990,891.187748133705,180.13687701067877,Very High (>10%),-22.8999999992283,1687.48449707031
UMC,Upper middle income,Other,Unknown,1994,1990,12.0803818909762,12.0803818909762,Very High (>10%),5.56868005623726,2647.46236885247
URY,Uruguay,South America,High,1994,1990,44.7360421521933,44.7360421521933,Very High (>10%),7.28134264410127,10019.3479243955
USA,United States,North America,High,1994,1990,2.60744159215453,2.60744159215453,Moderate (2-5%),4.02902272637739,41106.9881833481
VCT,St. Vincent and the Grenadines,Other,Unknown,1994,1990,1.0089495525225,1.0089495525225,Low (<2%),-1.24762336447148,4150.97674020379
VUT,Vanuatu,Other,Unknown,1994,1990,2.30256079190869,2.30256079190869,Moderate (2-5%),9.08146609289209,3128.05786349354
WLD,World,Other,Unknown,1994,1990,10.2479355556119,10.2479355556119,Very High (>10%),3.41622758531712,6944.09107891381
WSM,Samoa,Other,Unknown,1994,1990,12.0803818909762,12.0803818909762,Very High (>10%),-2.54210048090948,2447.20260205264
YEM,"Yemen, Rep.",Other,Unknown,1994,1990,49.3941553813254,49.3941553813254,Very High (>10%),6.72194912231696,1890.75509687978
ZAF,South Africa,Africa,Upper Middle,1994,1990,8.938563723594,8.938563723594,High (5-10%),3.20000000297172,4258.26184733408
ZMB,Zambia,Other,Unknown,1994,1990,54.6013218413016,54.6013218413016,Very High (>10%),-8.62544195231277,764.639411345433
ABW,Aruba,Other,Unknown,1995,1990,3.36139107320898,3.36139107320898,Moderate (2-5%),2.54714368704694,26504.1864180809
AFE,Africa Eastern and Southern,Other,Unknown,1995,1990,12.2885912601426,12.2885912601426,Very High (>10%),4.35392699130041,1163.1260924151
AFW,Africa Western and Central,Other,Unknown,1995,1990,10.5632886691814,10.5632886691814,Very High (>10%),1.85185843179605,1143.74503484233
AGO,Angola,Africa,Lower Middle,1995,1990,2666.45059288538,180.13687701067877,Very High (>10%),15.0000000283302,1912.51777520778
ALB,Albania,Other,Unknown,1995,1990,7.79321853789215,7.79321853789215,High (5-10%),13.3223333268813,1558.96638565461
ARB,Arab World,Other,Unknown,1995,1990,6.54379068524171,6.54379068524171,High (5-10%),2.80109260169807,4387.70518810507
ARM,Armenia,Other,Unknown,1995,1990,175.951325534583,175.951325534583,Very High (>10%),6.89999841973659,932.357829471807
AUS,Australia,Oceania,High,1995,1990,4.62776445368168,4.62776445368168,Moderate (2-5%),3.89017188961647,39407.5647528439
AUT,Austria,Europe,High,1995,1990,2.24336631500898,2.24336631500898,Moderate (2-5%),2.66798388882503,33603.4278263558
AZE,Azerbaijan,Other,Unknown,1995,1990,411.759641777268,180.13687701067877,Very High (>10%),-11.7999991076818,1120.30867792344
BDI,Burundi,Other,Unknown,1995,1990,19.2632536382538,19.2632536382538,Very High (>10%),-7.92000000374772,302.701844524604
BEL,Belgium,Europe,High,1995,1990,1.46796699090272,1.46796699090272,Low (<2%),2.38475724870135,31508.622663522
BEN,Benin,Other,Unknown,1995,1990,14.4625482180894,14.4625482180894,Very High (>10%),6.04519865041564,781.0647884601
BFA,Burkina Faso,Other,Unknown,1995,1990,7.45884497828324,7.45884497828324,High (5-10%),5.71637386269622,354.841188502861
BGD,Bangladesh,Asia,Lower Middle,1995,1990,10.2978117947206,10.2978117947206,Very High (>10%),5.12127789724337,537.931946643983
BGR,Bulgaria,Other,Unknown,1995,1990,62.0548336837992,62.0548336837992,Very High (>10%),2.90231544397766,4022.19748673152
BHR,Bahrain,Middle East,High,1995,1990,2.70403475064704,2.70403475064704,Moderate (2-5%),3.92999239295094,23465.7129170227
BHS,"Bahamas, The",Other,Unknown,1995,1990,2.06699495410042,2.06699495410042,Moderate (2-5%),4.37875203482501,28236.3753765914
BLR,Belarus,Other,Unknown,1995,1990,709.346032118606,180.13687701067877,Very High (>10%),-10.4000003781854,1885.36062660186
BLZ,Belize,Other,Unknown,1995,1990,2.88961584372151,2.88961584372151,Moderate (2-5%),0.731558011871286,4967.96153818049
BOL,Bolivia,South America,Upper Middle,1995,1990,10.1932067630745,10.1932067630745,Very High (>10%),4.67827659737812,1858.78185214476
BRA,Brazil,South America,Upper Middle,1995,1990,66.0070335542481,66.0070335542481,Very High (>10%),4.22379363350413,6596.33572674819
BRB,Barbados,Other,Unknown,1995,1990,1.87886279357232,1.87886279357232,Low (<2%),2.0139983230294,18728.9470113809
BRN,Brunei Darussalam,Other,Unknown,1995,1990,5.96664139499613,5.96664139499613,High (5-10%),1.34729376385607,39274.4980204335
BTN,Bhutan,Other,Unknown,1995,1990,9.48754836789369,9.48754836789369,High (5-10%),7.07411745757784,1043.38748981674
BWA,Botswana,Other,Unknown,1995,1990,10.512546081579,10.512546081579,Very High (>10%),7.03041024834083,4399.1388580936
CAF,Central African Republic,Other,Unknown,1995,1990,19.1894039735098,19.1894039735098,Very High (>10%),7.20004555751903,468.150527620686
CAN,Canada,North America,High,1995,1990,2.14876033057849,2.14876033057849,Moderate (2-5%),2.68232826962129,32595.4842690909
CEB,Central Europe and the Baltics,Other,Unknown,1995,1990,27.951388563304,27.951388563304,Very High (>10%),5.71173594965362,6333.38168134071
CHE,Switzerland,Europe,High,1995,1990,1.7998277686715,1.7998277686715,Low (<2%),4.09438994746239,68765.8004895745
CHL,Chile,South America,High,1995,1990,8.23263034116114,8.23263034116114,High (5-10%),9.25542757753573,7201.13100361441
CHN,China,Asia,Upper Middle,1995,1990,16.7912268492666,16.7912268492666,Very High (>10%),11.0154136659719,1545.07897848105
CIV,Cote d'Ivoire,Africa,Lower Middle,1995,1990,14.2950690851945,14.2950690851945,Very High (>10%),7.12574472834217,1647.08777075504
CMR,Cameroon,Africa,Lower Middle,1995,1990,9.06969071921509,9.06969071921509,High (5-10%),2.89400137739698,1062.01607349987
COD,"Congo, Dem. Rep.",Other,Unknown,1995,1990,541.908883239027,180.13687701067877,Very High (>10%),0.699998829765505,471.254216680815
COG,"Congo, Rep.",Other,Unknown,1995,1990,9.41800743452228,9.41800743452228,High (5-10%),3.9853243781107,2092.54337905245
COL,Colombia,South America,Upper Middle,1995,1990,20.8917930194849,20.8917930194849,Very High (>10%),5.20243759278655,4189.72770913999
CPV,Cabo Verde,Other,Unknown,1995,1990,8.35152497972927,8.35152497972927,High (5-10%),14.2116362469634,1248.28104350759
CRI,Costa Rica,Other,Unknown,1995,1990,23.1864981102567,23.1864981102567,Very High (>10%),4.15395329584814,6954.09537663888
CSS,Caribbean small states,Other,Unknown,1995,1990,2.88961584372151,2.88961584372151,Moderate (2-5%),3.07825727951709,8686.54236710195
CYP,Cyprus,Other,Unknown,1995,1990,2.61581787956336,2.61581787956336,Moderate (2-5%),8.36246885710111,19453.837890625
CZE,Czechia,Other,Unknown,1995,1990,8.99052361478449,8.99052361478449,High (5-10%),6.22140598863832,11453.3800188807
DEU,Germany,Europe,High,1995,1990,1.70616041317076,1.70616041317076,Low (<2%),1.50499384201356,32007.145402934
DMA,Dominica,Other,Unknown,1995,1990,1.3175374577497,1.3175374577497,Low (<2%),3.0308658627128,6042.20196512625
DNK,Denmark,Europe,High,1995,1990,2.08360842382855,2.08360842382855,Moderate (2-5%),3.03802150461165,43328.5293418439
DOM,Dominican Republic,Other,Unknown,1995,1990,12.5359594558963,12.5359594558963,Very High (>10%),5.69998859173715,3286.36149249382
DZA,Algeria,Africa,Upper Middle,1995,1990,29.7796264864999,29.7796264864999,Very High (>10%),3.79999479063817,3255.18726869561
EAP,East Asia & Pacific (excluding high income),Other,Unknown,1995,1990,5.81818181818192,5.81818181818192,High (5-10%),9.92524643755659,1632.46719470272
EAR,Early-demographic dividend,Other,Unknown,1995,1990,10.0221733553239,10.0221733553239,Very High (>10%),2.52725795628659,1967.42784185689
EAS,East Asia & Pacific,Other,Unknown,1995,1990,4.62776445368168,4.62776445368168,Moderate (2-5%),5.56150966710283,4434.31667609462
ECA,Europe & Central Asia (excluding high income),Other,Unknown,1995,1990,162.717152150377,162.717152150377,Very High (>10%),0.947738127206605,2793.50148216815
ECS,Europe & Central Asia,Other,Unknown,1995,1990,8.96251888719983,8.96251888719983,High (5-10%),2.44839349507326,16098.3369219158
ECU,Ecuador,South America,Upper Middle,1995,1990,22.9341344145802,22.9341344145802,Very High (>10%),2.25254865225104,4100.68735341031
EGY,"Egypt, Arab Rep.",Africa,Lower Middle,1995,1990,15.7422305021596,15.7422305021596,Very High (>10%),4.64245877240639,2074.83991140246
EMU,Euro area,Other,Unknown,1995,1990,4.22281614099488,4.22281614099488,Moderate (2-5%),2.47104932313979,26511.6954677809
ESP,Spain,Europe,High,1995,1990,4.67380337624701,4.67380337624701,Moderate (2-5%),2.75749400293542,20217.9031940372
EST,Estonia,Other,Unknown,1995,1990,28.7766137208514,28.7766137208514,Very High (>10%),4.52668338927012,7170.94607721168
ETH,Ethiopia,Africa,Low,1995,1990,10.0221733553239,10.0221733553239,Very High (>10%),6.12751141587474,232.230450633845
EUU,European Union,Other,Unknown,1995,1990,4.42664550286654,4.42664550286654,Moderate (2-5%),2.72469448193173,23019.8549890066
FIN,Finland,Europe,High,1995,1990,0.79123940693846,0.79123940693846,Low (<2%),4.23436710187066,29890.5243289925
FJI,Fiji,Other,Unknown,1995,1990,2.16564721441537,2.16564721441537,Moderate (2-5%),2.49999899666315,3755.26832131607
FRA,France,Europe,High,1995,1990,1.79648142095589,1.79648142095589,Low (<2%),2.30479278392259,29379.6158424052
GAB,Gabon,Other,Unknown,1995,1990,9.64653104079616,9.64653104079616,High (5-10%),4.97384776335103,8514.94009899596
GBR,United Kingdom,Europe,High,1995,1990,2.69749518304432,2.69749518304432,Moderate (2-5%),3.53339096338078,33362.0161272507
GEO,Georgia,Other,Unknown,1995,1990,162.717152150377,162.717152150377,Very High (>10%),2.59657506969336,1029.48054628347
GHA,Ghana,Africa,Unknown,1995,1990,59.4615536991446,59.4615536991446,Very High (>10%),4.11241897162861,933.895311664356
GMB,"Gambia, The",Other,Unknown,1995,1990,6.98097441830556,6.98097441830556,High (5-10%),0.881848240754678,609.618491441846
GNB,Guinea-Bissau,Other,Unknown,1995,1990,45.3653083621856,45.3653083621856,Very High (>10%),4.4000000061065,578.381849917403
GNQ,Equatorial Guinea,Other,Unknown,1995,1990,19.8724349483472,19.8724349483472,Very High (>10%),17.4862637323938,617.294826128754
GRC,Greece,Europe,High,1995,1990,8.93451415961517,8.93451415961517,High (5-10%),2.09971953235275,15857.4161930856
GRD,Grenada,Other,Unknown,1995,1990,1.86882475298978,1.86882475298978,Low (<2%),2.12947514959858,5026.24215573734
GTM,Guatemala,Other,Unknown,1995,1990,8.41141312270566,8.41141312270566,High (5-10%),4.94854750210382,2958.34981711979
GUY,Guyana,Other,Unknown,1995,1990,12.2105263157895,12.2105263157895,Very High (>10%),5.03144655812085,3312.64996890674
HIC,High income,Other,Unknown,1995,1990,3.8525240434398,3.8525240434398,Moderate (2-5%),2.81433578851207,26310.1477166858
HKG,"Hong Kong SAR, China",Other,Unknown,1995,1990,9.07738095238091,9.07738095238091,High (5-10%),2.37382875928816,25620.0203685972
HND,Honduras,Other,Unknown,1995,1990,29.4645292281585,29.4645292281585,Very High (>10%),24.6744628782887,998.356564183177
HPC,Heavily indebted poor countries (HIPC),Other,Unknown,1995,1990,14.3788086516419,14.3788086516419,Very High (>10%),5.20309345510309,633.003222533144
HRV,Croatia,Other,Unknown,1995,1990,3.95010395010406,3.95010395010406,Moderate (2-5%),6.74972166914642,7304.72692228877
HTI,Haiti,Other,Unknown,1995,1990,27.6081851727601,27.6081851727601,Very High (>10%),9.89770748815705,1302.13491168553
HUN,Hungary,Other,Unknown,1995,1990,28.3054683706654,28.3054683706654,Very High (>10%),1.48952547593046,7704.6409020455
IBD,IBRD only,Other,Unknown,1995,1990,14.5838224334001,14.5838224334001,Very High (>10%),4.04900314997569,2345.0200179345
IBT,IDA & IBRD total,Other,Unknown,1995,1990,11.1287029707089,11.1287029707089,Very High (>10%),4.01231000343267,2028.12068474097
IDA,IDA total,Other,Unknown,1995,1990,10.0221733553239,10.0221733553239,Very High (>10%),3.6269804780589,846.953376978529
IDB,IDA blend,Other,Unknown,1995,1990,8.71060784947218,8.71060784947218,High (5-10%),2.27998668332728,1275.39696775819
IDN,Indonesia,Asia,Lower Middle,1995,1990,9.42030300572996,9.42030300572996,High (5-10%),8.22000739903493,1905.54236111238
IDX,IDA only,Other,Unknown,1995,1990,10.5632886691814,10.5632886691814,Very High (>10%),5.20653606781556,619.310506232705
IND,India,Asia,Lower Middle,1995,1990,10.2248861637545,10.2248861637545,Very High (>10%),7.57449184027195,620.699954336366
IRL,Ireland,Europe,High,1995,1990,2.52486446780802,2.52486446780802,Moderate (2-5%),9.63442136559036,28646.8176219898
IRN,"Iran, Islamic Rep.",Asia,Lower Middle,1995,1990,49.6559858462746,49.6559858462746,Very High (>10%),2.40104455220023,3492.17204969482
IRQ,Iraq,Middle East,Unknown,1995,1990,387.310847766639,180.13687701067877,Very High (>10%),2.12002149763362,1961.09255088499
ISL,Iceland,Other,Unknown,1995,1990,1.65123150116656,1.65123150116656,Low (<2%),0.116583656161382,36008.5846495164
ISR,Israel,Europe,High,1995,1990,9.93389990557126,9.93389990557126,High (5-10%),6.60292461082722,26052.1113890118
ITA,Italy,Europe,High,1995,1990,5.23542258044301,5.23542258044301,High (5-10%),2.88683671925843,29408.3209572297
JAM,Jamaica,Other,Unknown,1995,1990,19.9087488364168,19.9087488364168,Very High (>10%),2.34995703773234,5514.51252836665
JOR,Jordan,Other,Unknown,1995,1990,2.35312451301273,2.35312451301273,Moderate (2-5%),6.20087444373824,3606.71295243238
JPN,Japan,Asia,High,1995,1990,-0.127899045020446,-0.127899045020446,Low (<2%),2.34205546196849,30504.5332529005
KAZ,Kazakhstan,Other,Unknown,1995,1990,176.15529894237,176.15529894237,Very High (>10%),-8.2000000011824,3498.51454364229
KEN,Kenya,Africa,Low,1995,1990,1.55432816055009,1.55432816055009,Low (<2%),4.40621652482287,1237.88250467675
KHM,Cambodia,Other,Unknown,1995,1990,-0.798944337811878,-0.798944337811878,Low (<2%),9.90346890117173,520.926883186145
KNA,St. Kitts and Nevis,Other,Unknown,1995,1990,2.9568002509262,2.9568002509262,Moderate (2-5%),5.38314265701612,11743.3784162332
KOR,"Korea, Rep.",Asia,High,1995,1990,4.48074108557248,4.48074108557248,Moderate (2-5%),9.7358937505409,13924.3044000347
KWT,Kuwait,Middle East,High,1995,1990,2.68672756582484,2.68672756582484,Moderate (2-5%),4.85829125202741,33156.8473491495
LAC,Latin America & Caribbean (excluding high income),Other,Unknown,1995,1990,12.5359594558963,12.5359594558963,Very High (>10%),0.516086697384722,5966.42046982203
LAO,Lao PDR,Other,Unknown,1995,1990,19.5939189878584,19.5939189878584,Very High (>10%),7.03125432419004,749.234741728538
LBY,Libya,Other,Unknown,1995,1990,7.23798494499129,7.23798494499129,High (5-10%),-2.2204069560875,10839.2802241884
LCA,St. Lucia,Other,Unknown,1995,1990,5.62965921512378,5.62965921512378,High (5-10%),1.74822586503767,8822.50069854295
LCN,Latin America & Caribbean,Other,Unknown,1995,1990,10.1932067630745,10.1932067630745,Very High (>10%),0.947698653796692,6202.56295451153
LDC,Least developed countries: UN classification,Other,Unknown,1995,1990,15.4480258352529,15.4480258352529,Very High (>10%),5.80416026558292,577.248136712146
LIC,Low income,Other,Unknown,1995,1990,16.3155868273536,16.3155868273536,Very High (>10%),4.83225965729963,562.94573785404
LKA,Sri Lanka,Asia,Lower Middle,1995,1990,7.67484873449805,7.67484873449805,High (5-10%),5.5000852341585,1681.35052898879
LMC,Lower middle income,Other,Unknown,1995,1990,11.2932015274316,11.2932015274316,Very High (>10%),4.95068183822455,888.100814039198
LMY,Low & middle income,Other,Unknown,1995,1990,11.1287029707089,11.1287029707089,Very High (>10%),4.61361200016941,1844.78915360747
LSO,Lesotho,Other,Unknown,1995,1990,9.27083333333323,9.27083333333323,High (5-10%),3.29093812272822,641.758711944969
LTE,Late-demographic dividend,Other,Unknown,1995,1990,8.01292443952664,8.01292443952664,High (5-10%),5.68495490928488,2834.79718591863
LTU,Lithuania,Other,Unknown,1995,1990,39.6476290328289,39.6476290328289,Very High (>10%),3.29008262426858,4924.09667530707
LUX,Luxembourg,Other,Unknown,1995,1990,1.86769424969108,1.86769424969108,Low (<2%),1.43220024272964,74900.1497246575
LVA,Latvia,Other,Unknown,1995,1990,24.9759355316749,24.9759355316749,Very High (>10%),-0.944762865564712,4661.66840092451
MAC,"Macao SAR, China",Other,Unknown,1995,1990,8.55866604308447,8.55866604308447,High (5-10%),3.29612425723712,34162.0125862687
MAR,Morocco,Africa,Lower Middle,1995,1990,6.12358164775523,6.12358164775523,High (5-10%),-5.40544787197402,1705.4482421875
MDA,Moldova,Other,Unknown,1995,1990,29.8656104095718,29.8656104095718,Very High (>10%),-1.39999905491376,1511.95831765054
MDG,Madagascar,Other,Unknown,1995,1990,49.0802100590784,49.0802100590784,Very High (>10%),1.67859232120303,454.537946632781
MDV,Maldives,Other,Unknown,1995,1990,5.48886133171504,5.48886133171504,High (5-10%),12.9857843069314,5580.26342049427
MEA,"Middle East, North Africa, Afghanistan & Pakistan",Other,Unknown,1995,1990,7.23798494499129,7.23798494499129,High (5-10%),3.20934352900993,3627.72667977763
MEX,Mexico,North America,Upper Middle,1995,1990,34.9992712889592,34.9992712889592,Very High (>10%),-5.91029962358286,7970.64038489585
MIC,Middle income,Other,Unknown,1995,1990,10.512546081579,10.512546081579,Very High (>10%),4.6091890649063,1948.22812061808
MKD,North Macedonia,Other,Unknown,1995,1990,16.3735889723569,16.3735889723569,Very High (>10%),-1.11472769414412,2876.0722287817
MLI,Mali,Other,Unknown,1995,1990,13.4417696811974,13.4417696811974,Very High (>10%),0.728693728467363,630.924447490876
MLT,Malta,Other,Unknown,1995,1990,4.42664550286654,4.42664550286654,Moderate (2-5%),6.34249103035094,12336.7855166478
MMR,Myanmar,Other,Unknown,1995,1990,25.1947123972847,25.1947123972847,Very High (>10%),6.94805143702995,211.265635944507
MNA,"Middle East, North Africa, Afghanistan & Pakistan (excluding high income)",Other,Unknown,1995,1990,12.3435785170513,12.3435785170513,Very High (>10%),2.96526368172843,2049.57795043634
MNG,Mongolia,Other,Unknown,1995,1990,0.0435161009571923,0.0435161009571923,Low (<2%),6.3764268864666,1499.26495210763
MRT,Mauritania,Other,Unknown,1995,1990,6.54379068524171,6.54379068524171,High (5-10%),9.81980039567445,1422.1984656624
MUS,Mauritius,Other,Unknown,1995,1990,6.02933188484532,6.02933188484532,High (5-10%),4.28773657145267,4605.76436655081
MWI,Malawi,Other,Low,1995,1990,83.3257747543458,83.3257747543458,Very High (>10%),16.7288173003423,385.279714072363
MYS,Malaysia,Asia,Upper Middle,1995,1990,3.45057509584895,3.45057509584895,Moderate (2-5%),9.82908519730812,5771.35211956083
NAC,North America,Other,Unknown,1995,1990,2.47709000955755,2.47709000955755,Moderate (2-5%),2.68501183631152,40817.0475938031
NER,Niger,Other,Unknown,1995,1990,10.5632886691814,10.5632886691814,Very High (>10%),2.4572441223155,422.523153898523
NGA,Nigeria,Africa,Low,1995,1990,72.8355022972636,72.8355022972636,Very High (>10%),-0.0726647640626794,1395.07488456803
NLD,Netherlands,Europe,High,1995,1990,1.92322457166359,1.92322457166359,Low (<2%),3.11603593857495,33916.4887954068
NOR,Norway,Europe,High,1995,1990,2.46036778693729,2.46036778693729,Moderate (2-5%),4.15289526465317,58151.5422795873
NPL,Nepal,Asia,Lower Middle,1995,1990,7.62296950698163,7.62296950698163,High (5-10%),3.46845189309603,477.741099613336
NZL,New Zealand,Oceania,High,1995,1990,3.75494413677554,3.75494413677554,Moderate (2-5%),4.73676080285628,28013.5837412609
OED,OECD members,Other,Unknown,1995,1990,4.35177861328368,4.35177861328368,Moderate (2-5%),2.77524946754495,26875.3323620242
OSS,Other small states,Other,Unknown,1995,1990,5.96664139499613,5.96664139499613,High (5-10%),4.34296099844893,6965.83744795705
PAK,Pakistan,Asia,Lower Middle,1995,1990,12.3435785170513,12.3435785170513,Very High (>10%),4.96260914623281,1028.96592446155
PAN,Panama,Other,Unknown,1995,1990,0.99420698293387,0.99420698293387,Low (<2%),1.75167890389389,5686.40441004349
PER,Peru,South America,Upper Middle,1995,1990,11.1287029707089,11.1287029707089,Very High (>10%),7.41139504735119,3158.98338644792
PHL,Philippines,Asia,Lower Middle,1995,1990,6.83199610989534,6.83199610989534,High (5-10%),4.62522511739661,1693.80873081644
PNG,Papua New Guinea,Other,Unknown,1995,1990,17.280932681459,17.280932681459,Very High (>10%),-3.31244877829666,2397.40045298857
POL,Poland,Europe,Unknown,1995,1990,27.951388563304,27.951388563304,Very High (>10%),7.92965956313934,5671.89573674798
PRE,Pre-demographic dividend,Other,Unknown,1995,1990,16.4335034524163,16.4335034524163,Very High (>10%),3.12779313380382,939.401992811249
PRT,Portugal,Europe,High,1995,1990,4.22281614099488,4.22281614099488,Moderate (2-5%),4.28278017236022,15811.7171369279
PRY,Paraguay,South America,Upper Middle,1995,1990,13.4254143646407,13.4254143646407,Very High (>10%),6.82281030358578,4445.18978188914
PST,Post-demographic dividend,Other,Unknown,1995,1990,3.75494413677554,3.75494413677554,Moderate (2-5%),2.80115085257991,29872.6056503117
QAT,Qatar,Middle East,High,1995,1990,2.9565217391303,2.9565217391303,Moderate (2-5%),2.3992362961452,40528.4858249639
ROU,Romania,Other,Unknown,1995,1990,32.2424847257597,32.2424847257597,Very High (>10%),6.23351148371351,4572.25803354276
RUS,Russian Federation,Europe,Upper Middle,1995,1990,197.414268084251,180.13687701067877,Very High (>10%),-4.1435284052602,4862.646484375
SAS,South Asia,Other,Unknown,1995,1990,8.58119855119587,8.58119855119587,High (5-10%),7.19762953250951,626.757959530257
SAU,Saudi Arabia,Asia,High,1995,1990,4.86843103056033,4.86843103056033,Moderate (2-5%),0.311708028499027,23876.246129794
SDN,Sudan,Other,Unknown,1995,1990,68.3751929485422,68.3751929485422,Very High (>10%),5.99709226051246,877.693298339844
SEN,Senegal,Other,Unknown,1995,1990,7.8640078457011,7.8640078457011,High (5-10%),5.46858485819628,960.84709282163
SGP,Singapore,Asia,High,1995,1990,1.72053384788524,1.72053384788524,Low (<2%),7.17540112091071,30379.8991144598
SLB,Solomon Islands,Other,Unknown,1995,1990,9.62921970116226,9.62921970116226,High (5-10%),10.08861564659,2299.97687833528
SLV,El Salvador,Other,Unknown,1995,1990,10.0296564501018,10.0296564501018,Very High (>10%),4.73408140229732,2773.32529027549
SRB,Serbia,Other,Unknown,1995,1990,82.6605151864663,82.6605151864663,Very High (>10%),,3012.49816736822
SSA,Sub-Saharan Africa (excluding high income),Other,Unknown,1995,1990,12.2885912601426,12.2885912601426,Very High (>10%),3.33008209892374,1153.34665993743
SSF,Sub-Saharan Africa,Other,Unknown,1995,1990,11.425939964662,11.425939964662,Very High (>10%),3.32702733845693,1154.3902119079
SST,Small states,Other,Unknown,1995,1990,2.9568002509262,2.9568002509262,Moderate (2-5%),3.92271580046742,6931.55765640986
SUR,Suriname,Other,Unknown,1995,1990,235.558815073605,180.13687701067877,Very High (>10%),0.0,6184.2834422862
SVK,Slovak Republic,Other,Unknown,1995,1990,9.84109579837761,9.84109579837761,High (5-10%),5.8434942995335,7755.6233338553
SVN,Slovenia,Other,Unknown,1995,1990,13.4637296178669,13.4637296178669,Very High (>10%),4.1071588268846,13278.7428559643
SWE,Sweden,Europe,High,1995,1990,2.455148578184,2.455148578184,Moderate (2-5%),4.09438992772475,35064.4138802129
SWZ,Eswatini,Other,Unknown,1995,1990,12.2885912601426,12.2885912601426,Very High (>10%),4.82565106458388,2119.58163612274
SYC,Seychelles,Other,Unknown,1995,1990,-0.243902439024459,-0.243902439024459,Low (<2%),0.485036699253456,9388.81967720743
SYR,Syrian Arab Republic,Other,Unknown,1995,1990,7.97995780590686,7.97995780590686,High (5-10%),7.02658954303115,1188.1740389135
TCD,Chad,Other,Unknown,1995,1990,9.23032599768656,9.23032599768656,High (5-10%),1.23654931570509,560.331446829175
TEA,East Asia & Pacific (IDA & IBRD countries),Other,Unknown,1995,1990,5.81818181818192,5.81818181818192,High (5-10%),9.9245586983822,1652.400614639
TEC,Europe & Central Asia (IDA & IBRD countries),Other,Unknown,1995,1990,85.8869162056581,85.8869162056581,Very High (>10%),-0.0326937506938521,3912.46445833365
TGO,Togo,Other,Unknown,1995,1990,16.4335034524163,16.4335034524163,Very High (>10%),7.84583232329818,687.145176769208
THA,Thailand,Asia,Upper Middle,1995,1990,5.81818181818192,5.81818181818192,High (5-10%),8.12031534625378,3614.93244016732
TLA,Latin America & the Caribbean (IDA & IBRD countries),Other,Unknown,1995,1990,11.1287029707089,11.1287029707089,Very High (>10%),0.818894035643041,6106.18930980932
TMN,"Middle East, North Africa, Afghanistan & Pakistan (IDA & IBRD)",Other,Unknown,1995,1990,12.3435785170513,12.3435785170513,Very High (>10%),2.93934105964388,2048.74084383873
TON,Tonga,Other,Unknown,1995,1990,1.46000630350972,1.46000630350972,Low (<2%),6.22816022763234,3667.018949682
TSA,South Asia (IDA & IBRD),Other,Unknown,1995,1990,8.58119855119587,8.58119855119587,High (5-10%),7.19762953250951,626.757959530257
TSS,Sub-Saharan Africa (IDA & IBRD countries),Other,Unknown,1995,1990,11.425939964662,11.425939964662,Very High (>10%),3.32702733845689,1154.3902119079
TTO,Trinidad and Tobago,Other,Unknown,1995,1990,5.18220539517274,5.18220539517274,High (5-10%),3.80991314364765,7100.85381245723
TUN,Tunisia,Africa,Upper Middle,1995,1990,6.24415028747146,6.24415028747146,High (5-10%),2.35166985086541,2322.59207185194
TUR,Turkiye,Europe,Upper Middle,1995,1990,89.1133172248499,89.1133172248499,Very High (>10%),7.878266878218,5577.82539654281
TZA,Tanzania,Other,Low,1995,1990,27.4277854195323,27.4277854195323,Very High (>10%),3.56991186849247,508.840423583984
UGA,Uganda,Other,Low,1995,1990,6.55014018970371,6.55014018970371,High (5-10%),11.5232438119529,441.226201168263
UKR,Ukraine,Other,Unknown,1995,1990,376.746174768209,180.13687701067877,Very High (>10%),-12.2000000007385,1493.38208007813
UMC,Upper middle income,Other,Unknown,1995,1990,10.512546081579,10.512546081579,Very High (>10%),4.52711631413342,2732.41375610872
URY,Uruguay,South America,High,1995,1990,42.2483197983755,42.2483197983755,Very High (>10%),-1.44759896894408,9822.89680356996
USA,United States,North America,High,1995,1990,2.80541968853662,2.80541968853662,Moderate (2-5%),2.68443073970295,41710.8207256668
VCT,St. Vincent and the Grenadines,Other,Unknown,1995,1990,1.73837289880567,1.73837289880567,Low (<2%),7.76665024455248,4468.26394261096
VUT,Vanuatu,Other,Unknown,1995,1990,2.22970130416487,2.22970130416487,Moderate (2-5%),1.00394504149104,3087.19404922191
WLD,World,Other,Unknown,1995,1990,9.07738095238091,9.07738095238091,High (5-10%),3.17807321635462,7057.77278518959
WSM,Samoa,Other,Unknown,1995,1990,-2.90352865746142,-2.90352865746142,Low (<2%),6.6736431464967,2589.40524057852
YEM,"Yemen, Rep.",Other,Unknown,1995,1990,55.0811068702292,55.0811068702292,Very High (>10%),5.66937132228433,1927.42298079078
ZAF,South Africa,Africa,Upper Middle,1995,1990,8.68042421392631,8.68042421392631,High (5-10%),3.10000000054411,4337.29729686998
ZMB,Zambia,Other,Unknown,1995,1990,34.9295874166667,34.9295874166667,Very High (>10%),2.89766889341698,768.035201563368
ABW,Aruba,Other,Unknown,1996,1990,3.22528797213979,3.22528797213979,Moderate (2-5%),1.18578851134656,25779.5979282247
AFE,Africa Eastern and Southern,Other,Unknown,1996,1990,9.70658632526504,9.70658632526504,High (5-10%),5.49889632470644,1195.05178683805
AFW,Africa Western and Central,Other,Unknown,1996,1990,4.91423972637201,4.91423972637201,Moderate (2-5%),4.62185793621683,1164.38761748098
AGO,Angola,Africa,Lower Middle,1996,1990,4145.10598220638,180.13687701067877,Very High (>10%),13.544369755809,2099.35045383251
ALB,Albania,Other,Unknown,1996,1990,12.7254778087102,12.7254778087102,Very High (>10%),7.33632894771891,1683.76965547424
ARB,Arab World,Other,Unknown,1996,1990,4.68130623916413,4.68130623916413,Moderate (2-5%),4.8149922032718,4488.04815990419
ARM,Armenia,Other,Unknown,1996,1990,18.681185640036,18.681185640036,Very High (>10%),5.86540074943565,995.728275319872
AUS,Australia,Oceania,High,1996,1990,2.61537902431631,2.61537902431631,Moderate (2-5%),3.86567479160071,40437.0941864857
AUT,Austria,Europe,High,1996,1990,1.86097115760437,1.86097115760437,Low (<2%),2.21576713087359,34301.6562151382
AZE,Azerbaijan,Other,Unknown,1996,1990,19.7948028061899,19.7948028061899,Very High (>10%),1.29999940463827,1123.44793844504
BDI,Burundi,Other,Unknown,1996,1990,26.4367816091951,26.4367816091951,Very High (>10%),-7.99999999794093,278.293479866983
BEL,Belgium,Europe,High,1996,1990,2.07702107350675,2.07702107350675,Moderate (2-5%),1.32143214432601,31862.6693868132
BEN,Benin,Other,Unknown,1996,1990,4.91423972637201,4.91423972637201,Moderate (2-5%),4.32428403131786,793.7950526962
BFA,Burkina Faso,Other,Unknown,1996,1990,6.09780439121741,6.09780439121741,High (5-10%),11.014743869558,383.973583031147
BGD,Bangladesh,Asia,Lower Middle,1996,1990,2.37712902953223,2.37712902953223,Moderate (2-5%),4.52291921684423,552.077107138767
BGR,Bulgaria,Other,Unknown,1996,1990,121.60754244925,121.60754244925,Very High (>10%),5.20547920578709,4253.45199440193
BHR,Bahrain,Middle East,High,1996,1990,-0.452227382530348,-0.452227382530348,Low (<2%),4.11000631738246,23795.2092538862
BHS,"Bahamas, The",Other,Unknown,1996,1990,1.37913741223666,1.37913741223666,Low (<2%),4.22353036224139,28967.0480464753
BLR,Belarus,Other,Unknown,1996,1990,52.7120767531954,52.7120767531954,Very High (>10%),2.80000456599095,1944.68700512976
BLZ,Belize,Other,Unknown,1996,1990,5.96502097537242,5.96502097537242,High (5-10%),1.10530578663676,4875.65675023061
BOL,Bolivia,South America,Upper Middle,1996,1990,12.4254866180049,12.4254866180049,Very High (>10%),4.36134197138718,1904.28702213594
BRA,Brazil,South America,Upper Middle,1996,1990,15.7576656002606,15.7576656002606,Very High (>10%),2.20886405039022,6640.7270065575
BRB,Barbados,Other,Unknown,1996,1990,2.38615222842325,2.38615222842325,Moderate (2-5%),3.97647593869304,19455.5086622641
BRN,Brunei Darussalam,Other,Unknown,1996,1990,1.99613650998078,1.99613650998078,Low (<2%),-0.027315465853718,38331.6576177026
BTN,Bhutan,Other,Unknown,1996,1990,8.79001381935162,8.79001381935162,High (5-10%),5.56517288179062,1099.85817824831
BWA,Botswana,Other,Unknown,1996,1990,10.0828580652108,10.0828580652108,Very High (>10%),5.82980001379714,4543.2105349273
CAF,Central African Republic,Other,Unknown,1996,1990,3.72494110325802,3.72494110325802,Moderate (2-5%),-4.00009296364789,437.925054761723
CAN,Canada,North America,High,1996,1990,1.57053112507138,1.57053112507138,Low (<2%),1.68896122145787,32801.3348171586
CEB,Central Europe and the Baltics,Other,Unknown,1996,1990,19.7949669196707,19.7949669196707,Very High (>10%),4.4861798840989,6631.87841890302
CHE,Switzerland,Europe,High,1996,1990,0.811634064628187,0.811634064628187,Low (<2%),0.560166924751584,68846.2811295722
CHL,Chile,South America,High,1996,1990,7.35911781788767,7.35911781788767,High (5-10%),7.1148626270751,7605.28953010603
CHN,China,Asia,Upper Middle,1996,1990,8.3131587270211,8.3131587270211,High (5-10%),9.97328781228394,1681.45741269443
CIV,Cote d'Ivoire,Africa,Lower Middle,1996,1990,2.48080669187551,2.48080669187551,Moderate (2-5%),7.72932741916973,1706.97650014485
CMR,Cameroon,Africa,Lower Middle,1996,1990,3.92406372749798,3.92406372749798,Moderate (2-5%),4.21507214953058,1077.38925202961
COD,"Congo, Dem. Rep.",Other,Unknown,1996,1990,492.441850235414,180.13687701067877,Very High (>10%),-1.02317264257401,457.551785605778
COG,"Congo, Rep.",Other,Unknown,1996,1990,10.0311203319503,10.0311203319503,Very High (>10%),4.29048155870402,2122.62819294837
COL,Colombia,South America,Upper Middle,1996,1990,20.7975755127402,20.7975755127402,Very High (>10%),2.05585471287195,4198.69126252708
CPV,Cabo Verde,Other,Unknown,1996,1990,5.96361961777576,5.96361961777576,High (5-10%),11.3465247642174,1365.49820603623
CRI,Costa Rica,Other,Unknown,1996,1990,17.5114524814591,17.5114524814591,Very High (>10%),1.35045951266757,6884.73552958124
CSS,Caribbean small states,Other,Unknown,1996,1990,2.08657385169121,2.08657385169121,Moderate (2-5%),4.91094996356456,9033.9614694402
CYP,Cyprus,Other,Unknown,1996,1990,2.97892486481266,2.97892486481266,Moderate (2-5%),1.24854147527125,19385.27734375
CZE,Czechia,Other,Unknown,1996,1990,8.75877472878111,8.75877472878111,High (5-10%),4.16858426915319,11944.7171474526
DEU,Germany,Europe,High,1996,1990,1.44972701963239,1.44972701963239,Low (<2%),1.0378755674358,32245.8608379557
DMA,Dominica,Other,Unknown,1996,1990,1.67716450485913,1.67716450485913,Low (<2%),3.10419572470771,6235.05917401475
DNK,Denmark,Europe,High,1996,1990,2.12629802275577,2.12629802275577,Moderate (2-5%),2.89575069230459,44331.6199637443
DOM,Dominican Republic,Other,Unknown,1996,1990,5.39929385038922,5.39929385038922,High (5-10%),5.96119319380874,3419.50600399521
DZA,Algeria,Africa,Upper Middle,1996,1990,18.6790758601749,18.6790758601749,Very High (>10%),4.09999847167964,3322.95538141474
EAP,East Asia & Pacific (excluding high income),Other,Unknown,1996,1990,7.31348259330353,7.31348259330353,High (5-10%),9.10426714169775,1758.52339301949
EAR,Early-demographic dividend,Other,Unknown,1996,1990,8.51995195925336,8.51995195925336,High (5-10%),5.702527207179,2036.98358063444
EAS,East Asia & Pacific,Other,Unknown,1996,1990,5.52480986015135,5.52480986015135,High (5-10%),5.6173695357258,4627.04825790461
ECA,Europe & Central Asia (excluding high income),Other,Unknown,1996,1990,35.5649400436339,35.5649400436339,Very High (>10%),3.81186000398405,2888.07539957577
ECS,Europe & Central Asia,Other,Unknown,1996,1990,8.19455217632728,8.19455217632728,High (5-10%),1.81032997394175,16359.9116585008
ECU,Ecuador,South America,Upper Middle,1996,1990,24.4114592150674,24.4114592150674,Very High (>10%),1.73174762607862,4093.84154476335
EGY,"Egypt, Arab Rep.",Africa,Lower Middle,1996,1990,7.18710369719992,7.18710369719992,High (5-10%),4.98873056512208,2133.64804177244
EMU,Euro area,Other,Unknown,1996,1990,3.06897732509786,3.06897732509786,Moderate (2-5%),1.75618481429734,26918.8439846116
ESP,Spain,Europe,High,1996,1990,3.55884559338561,3.55884559338561,Moderate (2-5%),2.60741117110229,20658.8402775701
EST,Estonia,Other,Unknown,1996,1990,23.050343349517,23.050343349517,Very High (>10%),4.94301226131752,7637.25708286963
ETH,Ethiopia,Africa,Low,1996,1990,-8.48424868948825,-8.48424868948825,Low (<2%),12.4261737814951,252.612985005506
EUU,European Union,Other,Unknown,1996,1990,3.55884559338561,3.55884559338561,Moderate (2-5%),1.91608376216652,23422.7357601839
FIN,Finland,Europe,High,1996,1990,0.629194238121054,0.629194238121054,Low (<2%),3.66265716987186,30883.8347237846
FJI,Fiji,Other,Unknown,1996,1990,3.05016181229798,3.05016181229798,Moderate (2-5%),4.80000119270963,3910.82964905101
FRA,France,Europe,High,1996,1990,1.98288365089739,1.98288365089739,Low (<2%),1.39707987198881,29683.7786067651
GAB,Gabon,Other,Unknown,1996,1990,0.689693377281638,0.689693377281638,Low (<2%),3.62504902027987,8603.00813400361
GBR,United Kingdom,Europe,High,1996,1990,2.85178236397749,2.85178236397749,Moderate (2-5%),2.61491606949487,34147.3459054033
GEO,Georgia,Other,Unknown,1996,1990,39.3574999987146,39.3574999987146,Very High (>10%),11.2025463861501,1187.123206219
GHA,Ghana,Africa,Unknown,1996,1990,46.5610196762282,46.5610196762282,Very High (>10%),4.60246115564627,954.325387944775
GMB,"Gambia, The",Other,Unknown,1996,1990,1.09948870771018,1.09948870771018,Low (<2%),2.22354563838627,605.40992484126
GNB,Guinea-Bissau,Other,Unknown,1996,1990,50.7340549612119,50.7340549612119,Very High (>10%),11.6000000043869,632.160906920913
GNQ,Equatorial Guinea,Other,Unknown,1996,1990,4.54072771540235,4.54072771540235,Moderate (2-5%),66.5799972215897,989.777266733629
GRC,Greece,Europe,High,1996,1990,8.19455217632728,8.19455217632728,High (5-10%),1.38247057325857,16005.9511569711
GRD,Grenada,Other,Unknown,1996,1990,2.03235172127782,2.03235172127782,Moderate (2-5%),4.43823471603358,5213.43103712383
GTM,Guatemala,Other,Unknown,1996,1990,11.0569165321987,11.0569165321987,Very High (>10%),2.95777988740716,2967.99499537336
GUY,Guyana,Other,Unknown,1996,1990,7.09471197276044,7.09471197276044,High (5-10%),7.95551754125103,3566.13499360957
HIC,High income,Other,Unknown,1996,1990,2.95506453237354,2.95506453237354,Moderate (2-5%),2.9117012841551,26919.4438383107
HKG,"Hong Kong SAR, China",Other,Unknown,1996,1990,6.27557980900412,6.27557980900412,High (5-10%),4.25847572892732,25551.3713114257
HND,Honduras,Other,Unknown,1996,1990,23.8378353073358,23.8378353073358,Very High (>10%),22.957391093437,1193.38830906175
HPC,Heavily indebted poor countries (HIPC),Other,Unknown,1996,1990,7.41137173526642,7.41137173526642,High (5-10%),5.58637218531155,649.448673504505
HRV,Croatia,Other,Unknown,1996,1990,4.29999999999993,4.29999999999993,Moderate (2-5%),6.11143125777198,7858.19280544609
HTI,Haiti,Other,Unknown,1996,1990,20.5835962145112,20.5835962145112,Very High (>10%),4.14077332856783,1330.54039885269
HUN,Hungary,Other,Unknown,1996,1990,23.4690301919185,23.4690301919185,Very High (>10%),0.101234227633242,7725.69980358198
IBD,IBRD only,Other,Unknown,1996,1990,10.0828580652108,10.0828580652108,Very High (>10%),5.44405648217514,2438.57026790401
IBT,IDA & IBRD total,Other,Unknown,1996,1990,8.82705061756342,8.82705061756342,High (5-10%),5.40315812801981,2102.72086582516
IDA,IDA total,Other,Unknown,1996,1990,7.19164660433344,7.19164660433344,High (5-10%),4.97078212939066,866.087460638412
IDB,IDA blend,Other,Unknown,1996,1990,5.18576037812015,5.18576037812015,High (5-10%),4.75414947639479,1300.13408601131
IDN,Indonesia,Asia,Lower Middle,1996,1990,7.97328096513346,7.97328096513346,High (5-10%),7.81818707670867,2020.99148132509
IDX,IDA only,Other,Unknown,1996,1990,8.79001381935162,8.79001381935162,High (5-10%),5.21775041057828,635.149119754835
IND,India,Asia,Lower Middle,1996,1990,8.97715233826453,8.97715233826453,High (5-10%),7.54952224888829,654.355928434052
IRL,Ireland,Europe,High,1996,1990,1.75574469607419,1.75574469607419,Low (<2%),7.37962465765875,30518.4039336362
IRN,"Iran, Islamic Rep.",Asia,Lower Middle,1996,1990,28.9373440168137,28.9373440168137,Very High (>10%),6.35052601873645,3674.0326860276
IRQ,Iraq,Middle East,Unknown,1996,1990,-16.1173257510572,-16.1173257510572,Low (<2%),11.0207856442117,2108.82328338114
ISL,Iceland,Other,Unknown,1996,1990,2.26041898267295,2.26041898267295,Moderate (2-5%),4.49765336794034,37425.5142753793
ISR,Israel,Europe,High,1996,1990,11.4585122831129,11.4585122831129,Very High (>10%),5.83892253875895,26861.1743305822
ITA,Italy,Europe,High,1996,1990,4.0069766898104,4.0069766898104,Moderate (2-5%),1.34558477192847,29795.6597750915
JAM,Jamaica,Other,Unknown,1996,1990,26.4066566074043,26.4066566074043,Very High (>10%),-0.113731205844019,5455.19334658148
JOR,Jordan,Other,Unknown,1996,1990,6.50121802679586,6.50121802679586,High (5-10%),2.08702078168048,3561.74921330419
JPN,Japan,Asia,High,1996,1990,0.136600358575909,0.136600358575909,Low (<2%),3.07546731409349,31371.432405964
KAZ,Kazakhstan,Other,Unknown,1996,1990,39.1825423654111,39.1825423654111,Very High (>10%),0.500000002073506,3583.36908423331
KEN,Kenya,Africa,Low,1996,1990,8.86408741577522,8.86408741577522,High (5-10%),4.14683926876013,1254.21025248674
KGZ,Kyrgyz Republic,Other,Unknown,1996,1990,31.9473377218567,31.9473377218567,Very High (>10%),7.08450239536558,619.667768615001
KHM,Cambodia,Other,Unknown,1996,1990,7.15086140872796,7.15086140872796,High (5-10%),5.89750560694478,511.670349597704
KNA,St. Kitts and Nevis,Other,Unknown,1996,1990,2.08657385169121,2.08657385169121,Moderate (2-5%),5.84283802585985,12269.7967435843
KOR,"Korea, Rep.",Asia,High,1996,1990,4.92454354292754,4.92454354292754,Moderate (2-5%),7.99042982526839,14894.3278834104
KWT,Kuwait,Middle East,High,1996,1990,3.55398569684287,3.55398569684287,Moderate (2-5%),0.605127158807079,32417.9627954317
LAC,Latin America & Caribbean (excluding high income),Other,Unknown,1996,1990,11.0569165321987,11.0569165321987,Very High (>10%),3.805772588766,6092.0654413316
LAO,Lao PDR,Other,Unknown,1996,1990,13.0244156963462,13.0244156963462,Very High (>10%),6.9283237283322,782.683156535545
LBY,Libya,Other,Unknown,1996,1990,4.02807775377965,4.02807775377965,Moderate (2-5%),2.13412320029278,10891.8055687803
LCA,St. Lucia,Other,Unknown,1996,1990,0.924842609615973,0.924842609615973,Low (<2%),2.92258795742219,8945.86353079673
LCN,Latin America & Caribbean,Other,Unknown,1996,1990,7.35911781788767,7.35911781788767,High (5-10%),3.89608635168199,6339.81804281942
LDC,Least developed countries: UN classification,Other,Unknown,1996,1990,9.33031458531928,9.33031458531928,High (5-10%),5.63266309420389,593.934210542038
LIC,Low income,Other,Unknown,1996,1990,8.2498900991551,8.2498900991551,High (5-10%),5.59900129140436,577.321996457926
LKA,Sri Lanka,Asia,Lower Middle,1996,1990,15.9358310447214,15.9358310447214,Very High (>10%),3.79996720568178,1712.0081548794
LMC,Lower middle income,Other,Unknown,1996,1990,9.22046662376986,9.22046662376986,High (5-10%),6.06737420870951,921.763540474801
LMY,Low & middle income,Other,Unknown,1996,1990,8.92061987701987,8.92061987701987,High (5-10%),6.19533993963431,1925.38250705496
LSO,Lesotho,Other,Unknown,1996,1990,9.33031458531928,9.33031458531928,High (5-10%),5.59703605867827,670.469581774155
LTE,Late-demographic dividend,Other,Unknown,1996,1990,7.22691489532406,7.22691489532406,High (5-10%),5.11480573292862,2950.25039508082
LTU,Lithuania,Other,Unknown,1996,1990,24.62519538645,24.62519538645,Very High (>10%),5.02694376847307,5211.10025197912
LUX,Luxembourg,Other,Unknown,1996,1990,1.18385968843573,1.18385968843573,Low (<2%),1.39807630241253,74920.5623621812
LVA,Latvia,Other,Unknown,1996,1990,17.6104698431033,17.6104698431033,Very High (>10%),2.29996103802466,4822.90414861125
MAC,"Macao SAR, China",Other,Unknown,1996,1990,4.82248676783487,4.82248676783487,Moderate (2-5%),-0.419861406496466,33543.2536281767
MAR,Morocco,Africa,Lower Middle,1996,1990,2.98680922773017,2.98680922773017,Moderate (2-5%),12.3728762700496,1886.67224121094
MDA,Moldova,Other,Unknown,1996,1990,23.5056772963368,23.5056772963368,Very High (>10%),-5.87706028626823,1425.9518091471
MDG,Madagascar,Other,Unknown,1996,1990,19.7563545439776,19.7563545439776,Very High (>10%),2.15420447175147,449.6280870806
MDV,Maldives,Other,Unknown,1996,1990,6.24124591476026,6.24124591476026,High (5-10%),7.85864699857959,5888.07241870662
MEA,"Middle East, North Africa, Afghanistan & Pakistan",Other,Unknown,1996,1990,4.90453460620532,4.90453460620532,Moderate (2-5%),5.09668077682129,3720.32161027136
MEX,Mexico,North America,Upper Middle,1996,1990,34.3783832235168,34.3783832235168,Very High (>10%),6.21829715869302,8320.65295687947
MIC,Middle income,Other,Unknown,1996,1990,8.97715233826453,8.97715233826453,High (5-10%),6.2073946205763,2035.52196353461
MKD,North Macedonia,Other,Unknown,1996,1990,2.46660008582917,2.46660008582917,Moderate (2-5%),1.18510388873231,2889.88516353778
MLI,Mali,Other,Unknown,1996,1990,6.80545996788233,6.80545996788233,High (5-10%),6.36569576896082,656.777675999074
MLT,Malta,Other,Unknown,1996,1990,2.05400000000009,2.05400000000009,Moderate (2-5%),3.77733599690488,12719.0092297471
MMR,Myanmar,Other,Unknown,1996,1990,16.2753966377374,16.2753966377374,Very High (>10%),6.44271534713997,222.013359775898
MNA,"Middle East, North Africa, Afghanistan & Pakistan (excluding high income)",Other,Unknown,1996,1990,7.18710369719992,7.18710369719992,High (5-10%),5.95360573647466,2120.58983432008
MNG,Mongolia,Other,Unknown,1996,1990,46.8899521531102,46.8899521531102,Very High (>10%),2.23509384338665,1509.32921132514
MRT,Mauritania,Other,Unknown,1996,1990,4.68130623916413,4.68130623916413,Moderate (2-5%),5.81882663043594,1475.48821595821
MUS,Mauritius,Other,Unknown,1996,1990,6.55097336065573,6.55097336065573,High (5-10%),5.5878439266625,4813.64243758838
MWI,Malawi,Other,Low,1996,1990,37.6020450235016,37.6020450235016,Very High (>10%),7.3166817822397,405.397063690478
MYS,Malaysia,Asia,Upper Middle,1996,1990,3.48855945858916,3.48855945858916,Moderate (2-5%),10.0027006861844,6190.46429134886
NAC,North America,Other,Unknown,1996,1990,2.2508676625029,2.2508676625029,Moderate (2-5%),3.60731796899016,41805.246710235
NER,Niger,Other,Unknown,1996,1990,5.28885751264882,5.28885751264882,High (5-10%),0.100530504281409,409.039358698404
NGA,Nigeria,Africa,Low,1996,1990,29.2682926829272,29.2682926829272,Very High (>10%),4.19592404666709,1416.10189471248
NLD,Netherlands,Europe,High,1996,1990,2.11378787066774,2.11378787066774,Moderate (2-5%),3.42063535269868,34915.1788311903
NOR,Norway,Europe,High,1996,1990,1.26253249164501,1.26253249164501,Low (<2%),4.96949434701779,60732.7551542334
NPL,Nepal,Asia,Lower Middle,1996,1990,9.22046662376986,9.22046662376986,High (5-10%),5.32828417508708,492.212428031946
NZL,New Zealand,Oceania,High,1996,1990,2.28571305402195,2.28571305402195,Moderate (2-5%),3.59083953715972,28563.8412321497
OED,OECD members,Other,Unknown,1996,1990,3.00009076251614,3.00009076251614,Moderate (2-5%),3.11341013537876,27496.4658562403
OSS,Other small states,Other,Unknown,1996,1990,5.96361961777576,5.96361961777576,High (5-10%),3.25665909053406,7114.48930153671
PAK,Pakistan,Asia,Lower Middle,1996,1990,10.3738085885002,10.3738085885002,Very High (>10%),4.84658128681654,1047.88663514614
PAN,Panama,Other,Unknown,1996,1990,1.25571661111546,1.25571661111546,Low (<2%),4.0797027065703,5799.88560096133
PER,Peru,South America,Upper Middle,1996,1990,11.5379424115177,11.5379424115177,Very High (>10%),2.79897307912609,3186.90077024092
PHL,Philippines,Asia,Lower Middle,1996,1990,7.4761037778791,7.4761037778791,High (5-10%),5.8603478716379,1752.23800104559
PNG,Papua New Guinea,Other,Unknown,1996,1990,11.6241782908448,11.6241782908448,Very High (>10%),7.73369579796399,2492.07962762784
POL,Poland,Europe,Unknown,1996,1990,19.7949669196707,19.7949669196707,Very High (>10%),6.09387747385628,6012.95806433166
PRE,Pre-demographic dividend,Other,Unknown,1996,1990,7.19164660433344,7.19164660433344,High (5-10%),5.64583282515206,966.263962510422
PRT,Portugal,Europe,High,1996,1990,3.06897732509786,3.06897732509786,Moderate (2-5%),3.50424653058748,16304.3794463959
PRY,Paraguay,South America,Upper Middle,1996,1990,9.79968339016083,9.79968339016083,High (5-10%),1.57378513175006,4411.37280078232
PST,Post-demographic dividend,Other,Unknown,1996,1990,2.61537902431631,2.61537902431631,Moderate (2-5%),2.93350354027118,30579.9957814844
QAT,Qatar,Middle East,High,1996,1990,4.90453460620532,4.90453460620532,Moderate (2-5%),4.3739105695453,41126.2109141166
ROU,Romania,Other,Unknown,1996,1990,38.8293013382852,38.8293013382852,Very High (>10%),3.90770208816159,4764.63682106299
RUS,Russian Federation,Europe,Upper Middle,1996,1990,47.7520122009939,47.7520122009939,Very High (>10%),-3.7550694383594,4686.86279296875
RWA,Rwanda,Other,Low,1996,1990,7.41137173526642,7.41137173526642,High (5-10%),12.7456957642204,289.237930832775
SAS,South Asia,Other,Unknown,1996,1990,8.88358307880807,8.88358307880807,High (5-10%),7.0743060399513,657.930640222156
SAU,Saudi Arabia,Asia,High,1996,1990,1.22206054877756,1.22206054877756,Low (<2%),3.30468254228352,23699.1352161738
SDN,Sudan,Other,Unknown,1996,1990,132.823777374139,132.823777374139,Very High (>10%),5.9191237633176,908.66015625
SEN,Senegal,Other,Unknown,1996,1990,2.75430663482407,2.75430663482407,Moderate (2-5%),2.01997720854131,956.588791201654
SGP,Singapore,Asia,High,1996,1990,1.38318052481876,1.38318052481876,Low (<2%),7.47139086002002,31349.3171805131
SLB,Solomon Islands,Other,Unknown,1996,1990,11.7743563856637,11.7743563856637,Very High (>10%),1.60990760846707,2270.46028385944
SLV,El Salvador,Other,Unknown,1996,1990,9.78892040179966,9.78892040179966,High (5-10%),0.811461899328009,2775.04629038695
SRB,Serbia,Other,Unknown,1996,1990,95.6009261208171,95.6009261208171,Very High (>10%),6.16496253825672,3200.76825835814
SSA,Sub-Saharan Africa (excluding high income),Other,Unknown,1996,1990,7.27288316259338,7.27288316259338,High (5-10%),5.13900734550367,1180.55971140315
SSF,Sub-Saharan Africa,Other,Unknown,1996,1990,7.19164660433344,7.19164660433344,High (5-10%),5.14408095260519,1181.68670515653
SST,Small states,Other,Unknown,1996,1990,2.99528023991141,2.99528023991141,Moderate (2-5%),3.7852080808342,7117.95692917037
SUR,Suriname,Other,Unknown,1996,1990,-0.701887251452818,-0.701887251452818,Low (<2%),1.00000122281456,6114.83571706509
SVK,Slovak Republic,Other,Unknown,1996,1990,5.7758278615594,5.7758278615594,High (5-10%),6.11957878556568,8212.83193942756
SVN,Slovenia,Other,Unknown,1996,1990,9.86445061546854,9.86445061546854,High (5-10%),2.91361775262531,13674.183297426
SWE,Sweden,Europe,High,1996,1990,0.533131978766238,0.533131978766238,Low (<2%),1.70471985374236,35605.4537507466
SWZ,Eswatini,Other,Unknown,1996,1990,6.42521330315218,6.42521330315218,High (5-10%),3.84205383650107,2157.86134438392
SYC,Seychelles,Other,Unknown,1996,1990,-1.10024449877743,-1.10024449877743,Low (<2%),9.99794595219808,10177.0904671696
SYR,Syrian Arab Republic,Other,Unknown,1996,1990,8.2498900991551,8.2498900991551,High (5-10%),9.82556940470964,1270.04979705395
TCD,Chad,Other,Unknown,1996,1990,11.3308789057282,11.3308789057282,Very High (>10%),2.21447303497622,547.925799475536
TEA,East Asia & Pacific (IDA & IBRD countries),Other,Unknown,1996,1990,7.31348259330353,7.31348259330353,High (5-10%),9.10361774788457,1779.91841308712
TEC,Europe & Central Asia (IDA & IBRD countries),Other,Unknown,1996,1990,38.8293013382852,38.8293013382852,Very High (>10%),0.986283325498619,3946.28035788844
TGO,Togo,Other,Unknown,1996,1990,4.68749999999996,4.68749999999996,Moderate (2-5%),8.83621162979911,716.372671266443
THA,Thailand,Asia,Upper Middle,1996,1990,5.80510554737349,5.80510554737349,High (5-10%),5.65194446499471,3766.86364433088
TLA,Latin America & the Caribbean (IDA & IBRD countries),Other,Unknown,1996,1990,9.78892040179966,9.78892040179966,High (5-10%),3.89135505209728,6238.87936325984
TMN,"Middle East, North Africa, Afghanistan & Pakistan (IDA & IBRD)",Other,Unknown,1996,1990,7.18710369719992,7.18710369719992,High (5-10%),5.98439027778824,2120.61135983005
TON,Tonga,Other,Unknown,1996,1990,2.99528023991141,2.99528023991141,Moderate (2-5%),0.0929181768768501,3668.59609669275
TSA,South Asia (IDA & IBRD),Other,Unknown,1996,1990,8.88358307880807,8.88358307880807,High (5-10%),7.0743060399513,657.930640222156
TSS,Sub-Saharan Africa (IDA & IBRD countries),Other,Unknown,1996,1990,7.19164660433344,7.19164660433344,High (5-10%),5.14408095260521,1181.68670515653
TTO,Trinidad and Tobago,Other,Unknown,1996,1990,3.40457442819624,3.40457442819624,Moderate (2-5%),7.13447746480871,7573.78560828675
TUN,Tunisia,Africa,Upper Middle,1996,1990,3.72514472690715,3.72514472690715,Moderate (2-5%),7.14608096782061,2452.90929820496
TUR,Turkiye,Europe,Upper Middle,1996,1990,80.4121511388042,80.4121511388042,Very High (>10%),7.15779847930847,5887.67309798528
TZA,Tanzania,Other,Low,1996,1990,20.9772596430629,20.9772596430629,Very High (>10%),4.54436680394173,522.333251953125
UGA,Uganda,Other,Low,1996,1990,7.19164660433344,7.19164660433344,High (5-10%),9.07211457909349,468.427898950193
UKR,Ukraine,Other,Unknown,1996,1990,80.3255014551742,80.3255014551742,Very High (>10%),-10.0,1355.57336425781
UMC,Upper middle income,Other,Unknown,1996,1990,8.14321984607728,8.14321984607728,High (5-10%),6.24106447062505,2867.03907588306
URY,Uruguay,South America,High,1996,1990,28.3420486004309,28.3420486004309,Very High (>10%),5.57795776385868,10316.2027570949
USA,United States,North America,High,1996,1990,2.93120419993441,2.93120419993441,Moderate (2-5%),3.77277269047364,42783.8165724095
VCT,St. Vincent and the Grenadines,Other,Unknown,1996,1990,4.40790113846454,4.40790113846454,Moderate (2-5%),1.28791200314089,4522.93058114134
VNM,Viet Nam,Asia,Lower Middle,1996,1990,5.67499999999992,5.67499999999992,High (5-10%),9.34001749939179,998.924907248853
VUT,Vanuatu,Other,Unknown,1996,1990,0.906344410876219,0.906344410876219,Low (<2%),2.32733541644214,3089.28646118538
WLD,World,Other,Unknown,1996,1990,6.52609569372579,6.52609569372579,High (5-10%),3.58623401800118,7202.73987066597
WSM,Samoa,Other,Unknown,1996,1990,5.37461972030278,5.37461972030278,High (5-10%),7.17896881783187,2751.65426684601
YEM,"Yemen, Rep.",Other,Unknown,1996,1990,30.7337332718043,30.7337332718043,Very High (>10%),4.63496731668951,1949.99754744654
ZAF,South Africa,Africa,Upper Middle,1996,1990,7.35411972085333,7.35411972085333,High (5-10%),4.29999999726792,4465.50649854807
ZMB,Zambia,Other,Unknown,1996,1990,43.0730979982882,43.0730979982882,Very High (>10%),6.21854648894293,796.018059633101
ABW,Aruba,Other,Unknown,1997,1990,2.99994809778412,2.99994809778412,Moderate (2-5%),7.04687499241221,26547.4166076696
AFE,Africa Eastern and Southern,Other,Unknown,1997,1990,10.2495987403066,10.2495987403066,Very High (>10%),3.85634715778551,1209.72360539762
AFW,Africa Western and Central,Other,Unknown,1997,1990,3.99714170439303,3.99714170439303,Moderate (2-5%),4.38756531404023,1182.83224603344
AGO,Angola,Africa,Lower Middle,1997,1990,219.176721172974,180.13687701067877,Very High (>10%),7.27427735417383,2176.87757983993
ALB,Albania,Other,Unknown,1997,1990,33.1802743753956,33.1802743753956,Very High (>10%),-11.7115732812278,1495.90035328523
ARB,Arab World,Other,Unknown,1997,1990,3.60116103260946,3.60116103260946,Moderate (2-5%),5.46631142952268,4620.86985061194
ARM,Armenia,Other,Unknown,1997,1990,13.960764121791,13.960764121791,Very High (>10%),3.32107970046953,1039.0798243009
AUS,Australia,Oceania,High,1997,1990,0.224895027032537,0.224895027032537,Low (<2%),3.91795814771731,41569.1653679391
AUT,Austria,Europe,High,1997,1990,1.30597857227691,1.30597857227691,Low (<2%),2.1458350552646,34998.0321173934
AZE,Azerbaijan,Other,Unknown,1997,1990,3.67434809684727,3.67434809684727,Moderate (2-5%),5.80000014795783,1177.19685990232
BDI,Burundi,Other,Unknown,1997,1990,31.1115898319695,31.1115898319695,Very High (>10%),-1.58999999685828,273.889548332896
BEL,Belgium,Europe,High,1997,1990,1.62816049512954,1.62816049512954,Low (<2%),3.79367165541437,32991.5010116146
BEN,Benin,Other,Unknown,1997,1990,3.46629590564776,3.46629590564776,Moderate (2-5%),5.73468837521307,814.901395438676
BFA,Burkina Faso,Other,Unknown,1997,1990,2.31869062176683,2.31869062176683,Moderate (2-5%),6.31683473483768,397.838955257373
BGD,Bangladesh,Asia,Lower Middle,1997,1990,5.30560105668802,5.30560105668802,High (5-10%),4.4898964976265,566.271140847632
BGR,Bulgaria,Other,Unknown,1997,1990,1058.37355921973,180.13687701067877,Very High (>10%),-14.1153771596692,3675.36877811444
BHR,Bahrain,Middle East,High,1997,1990,2.43155133955926,2.43155133955926,Moderate (2-5%),3.09299923370425,23893.1335655763
BHS,"Bahamas, The",Other,Unknown,1997,1990,0.544150383378688,0.544150383378688,Low (<2%),1.28775320549799,28902.571896854
BLR,Belarus,Other,Unknown,1997,1990,63.937366335748,63.937366335748,Very High (>10%),11.4000054007553,2175.40374180154
BLZ,Belize,Other,Unknown,1997,1990,1.1490375676054,1.1490375676054,Low (<2%),4.2346158780441,4915.3403407039
BOL,Bolivia,South America,Upper Middle,1997,1990,4.70844436028193,4.70844436028193,Moderate (2-5%),4.95420873383996,1962.86404301605
BRA,Brazil,South America,Upper Middle,1997,1990,6.92671251629154,6.92671251629154,High (5-10%),3.39484598630671,6764.85842091319
BRB,Barbados,Other,Unknown,1997,1990,7.71053878969883,7.71053878969883,High (5-10%),4.74010359217981,20369.3325002152
BRN,Brunei Darussalam,Other,Unknown,1997,1990,1.71156004489335,1.71156004489335,Low (<2%),6.34394499326551,39820.2107524086
BTN,Bhutan,Other,Unknown,1997,1990,6.50548718269086,6.50548718269086,High (5-10%),5.37383854585261,1138.39922318847
BWA,Botswana,Other,Unknown,1997,1990,8.71993127147747,8.71993127147747,High (5-10%),8.32589088396591,4809.4439184672
CAF,Central African Republic,Other,Unknown,1997,1990,1.61131347760911,1.61131347760911,Low (<2%),5.29993601826074,448.634663639551
CAN,Canada,North America,High,1997,1990,1.62121638084531,1.62121638084531,Low (<2%),4.28016680422402,33867.0419274091
CEB,Central Europe and the Baltics,Other,Unknown,1997,1990,8.88104848465892,8.88104848465892,High (5-10%),2.23516059461093,6792.76321065053
CHE,Switzerland,Europe,High,1997,1990,0.52022542273664,0.52022542273664,Low (<2%),2.09761680316545,70121.2926450719
CHL,Chile,South America,High,1997,1990,6.13386464357927,6.13386464357927,High (5-10%),7.3917392684331,8058.94228801535
CHN,China,Asia,Upper Middle,1997,1990,2.78646505531882,2.78646505531882,Moderate (2-5%),9.29759460595947,1819.07954081306
CIV,Cote d'Ivoire,Africa,Lower Middle,1997,1990,4.02083333333306,4.02083333333306,Moderate (2-5%),9.6488400474633,1801.13163122133
CMR,Cameroon,Africa,Lower Middle,1997,1990,4.78623881860376,4.78623881860376,Moderate (2-5%),4.52731376625037,1096.69757735007
COD,"Congo, Dem. Rep.",Other,Unknown,1997,1990,198.516707416463,180.13687701067877,Very High (>10%),-5.61704659890269,424.966609732791
COL,Colombia,South America,Upper Middle,1997,1990,18.4700217119089,18.4700217119089,Very High (>10%),3.43029367788374,4265.6935185646
CPV,Cabo Verde,Other,Unknown,1997,1990,8.55606258148634,8.55606258148634,High (5-10%),11.1184260583756,1492.01847422507
CRI,Costa Rica,Other,Unknown,1997,1990,13.2480440791191,13.2480440791191,Very High (>10%),5.47616597492105,7099.52398121837
CSS,Caribbean small states,Other,Unknown,1997,1990,2.43629715479674,2.43629715479674,Moderate (2-5%),4.61490288828247,9371.35802535499
CYP,Cyprus,Other,Unknown,1997,1990,3.6053444436463,3.6053444436463,Moderate (2-5%),2.64093066351474,19617.17578125
CZE,Czechia,Other,Unknown,1997,1990,8.59615666715564,8.59615666715564,High (5-10%),-0.595838414214853,11886.3480904927
DEU,Germany,Europe,High,1997,1990,1.93936968221574,1.93936968221574,Low (<2%),1.85432238398302,32795.7833455165
DMA,Dominica,Other,Unknown,1997,1990,2.43629715479674,2.43629715479674,Moderate (2-5%),2.18562742404438,6381.53965204338
DNK,Denmark,Europe,High,1997,1990,2.1821667790712,2.1821667790712,Moderate (2-5%),3.16848143784479,45546.5896151864
DOM,Dominican Republic,Other,Unknown,1997,1990,8.29656754792046,8.29656754792046,High (5-10%),8.89955230035797,3659.50819044162
DZA,Algeria,Africa,Upper Middle,1997,1990,5.73352275357187,5.73352275357187,High (5-10%),1.09999993684249,3297.46603361265
EAP,East Asia & Pacific (excluding high income),Other,Unknown,1997,1990,5.60802843389853,5.60802843389853,High (5-10%),7.4029709760437,1865.23317664285
EAR,Early-demographic dividend,Other,Unknown,1997,1990,7.01828599869913,7.01828599869913,High (5-10%),4.96955533463415,2095.1077746852
EAS,East Asia & Pacific,Other,Unknown,1997,1990,3.72765760183632,3.72765760183632,Moderate (2-5%),4.26377419393194,4767.94601013419
ECA,Europe & Central Asia (excluding high income),Other,Unknown,1997,1990,16.6743202378393,16.6743202378393,Very High (>10%),5.46946101923554,3036.6190831989
ECS,Europe & Central Asia,Other,Unknown,1997,1990,5.5360026677348,5.5360026677348,High (5-10%),3.08059221645591,16839.221266229
ECU,Ecuador,South America,Upper Middle,1997,1990,30.6575675722173,30.6575675722173,Very High (>10%),4.32786475767577,4192.85523208483
EGY,"Egypt, Arab Rep.",Africa,Lower Middle,1997,1990,4.62560578826438,4.62560578826438,Moderate (2-5%),5.49235474302942,2204.66575942446
EMU,Euro area,Other,Unknown,1997,1990,2.33686298314114,2.33686298314114,Moderate (2-5%),2.6964567975082,27587.4174333603
ESP,Spain,Europe,High,1997,1990,1.97107395582926,1.97107395582926,Low (<2%),3.58729972356299,21310.4311888986
EST,Estonia,Other,Unknown,1997,1990,10.5818789322146,10.5818789322146,Very High (>10%),13.0500207047869,8732.99085657194
ETH,Ethiopia,Africa,Low,1997,1990,2.39520958083829,2.39520958083829,Moderate (2-5%),3.1339068517801,252.311666681832
EUU,European Union,Other,Unknown,1997,1990,3.11207791953272,3.11207791953272,Moderate (2-5%),2.68448701191966,24015.3715317336
FIN,Finland,Europe,High,1997,1990,1.19255883425843,1.19255883425843,Low (<2%),6.39770068404337,32762.1179107575
FJI,Fiji,Other,Unknown,1997,1990,3.36814006437944,3.36814006437944,Moderate (2-5%),-2.19999958040422,3785.46685383881
FRA,France,Europe,High,1997,1990,1.20394294026964,1.20394294026964,Low (<2%),2.5270616339357,30325.522871824
GAB,Gabon,Other,Unknown,1997,1990,3.973450075453,3.973450075453,Moderate (2-5%),5.73836739483843,8870.12550864019
GBR,United Kingdom,Europe,High,1997,1990,2.20114313510882,2.20114313510882,Moderate (2-5%),4.8799853038024,35721.6105928791
GEO,Georgia,Other,Unknown,1997,1990,7.08761762948726,7.08761762948726,High (5-10%),10.5208042446244,1354.78352202066
GHA,Ghana,Africa,Unknown,1997,1990,27.8852086407527,27.8852086407527,Very High (>10%),4.19635744019571,970.995739362631
GMB,"Gambia, The",Other,Unknown,1997,1990,2.78122790023229,2.78122790023229,Moderate (2-5%),4.89999910999681,617.297597679527
GNB,Guinea-Bissau,Other,Unknown,1997,1990,49.1009235769531,49.1009235769531,Very High (>10%),6.49999999321456,660.537774707954
GNQ,Equatorial Guinea,Other,Unknown,1997,1990,3.01650540694366,3.01650540694366,Moderate (2-5%),149.972963487965,2380.32106827232
GRC,Greece,Europe,High,1997,1990,5.5360026677348,5.5360026677348,High (5-10%),3.60288326516122,16501.0316491318
GRD,Grenada,Other,Unknown,1997,1990,1.24452782989343,1.24452782989343,Low (<2%),5.01549460936745,5438.0445822801
GTM,Guatemala,Other,Unknown,1997,1990,9.23290294884935,9.23290294884935,High (5-10%),4.36408994678341,3019.28867475021
GUY,Guyana,Other,Unknown,1997,1990,3.55567090578808,3.55567090578808,Moderate (2-5%),6.18066561019938,3778.00652865741
HIC,High income,Other,Unknown,1997,1990,2.49923734928089,2.49923734928089,Moderate (2-5%),3.54770283175425,27717.5856215978
HKG,"Hong Kong SAR, China",Other,Unknown,1997,1990,5.77663671373521,5.77663671373521,High (5-10%),5.09969994681332,26631.7761597523
HND,Honduras,Other,Unknown,1997,1990,20.1998667554962,20.1998667554962,Very High (>10%),22.4277452884418,1420.73109700244
HPC,Heavily indebted poor countries (HIPC),Other,Unknown,1997,1990,5.5722571112533,5.5722571112533,High (5-10%),5.96000432412029,669.216519564763
HRV,Croatia,Other,Unknown,1997,1990,4.17066155321186,4.17066155321186,Moderate (2-5%),6.16532327216601,8383.47376326709
HTI,Haiti,Other,Unknown,1997,1990,20.5590073395833,20.5590073395833,Very High (>10%),2.70471393077787,1340.99702096807
HUN,Hungary,Other,Unknown,1997,1990,18.3050744143799,18.3050744143799,Very High (>10%),2.97787906543104,7971.80554914825
IBD,IBRD only,Other,Unknown,1997,1990,7.71053878969883,7.71053878969883,High (5-10%),5.38854252274984,2535.13968073643
IBT,IDA & IBRD total,Other,Unknown,1997,1990,7.12532722513057,7.12532722513057,High (5-10%),5.25981477838815,2177.73389640408
IDA,IDA total,Other,Unknown,1997,1990,6.68365536789982,6.68365536789982,High (5-10%),3.89277365859262,877.062061611688
IDB,IDA blend,Other,Unknown,1997,1990,4.02083333333306,4.02083333333306,Moderate (2-5%),2.47875002407105,1297.16672448107
IDN,Indonesia,Asia,Lower Middle,1997,1990,6.22615154887214,6.22615154887214,High (5-10%),4.69987885390397,2081.8416693962
IDX,IDA only,Other,Unknown,1997,1990,7.57283467072592,7.57283467072592,High (5-10%),5.49770386952258,653.539348096436
IND,India,Asia,Lower Middle,1997,1990,7.16425211462721,7.16425211462721,High (5-10%),4.04982084902483,667.598423093399
IRL,Ireland,Europe,High,1997,1990,1.5418020226137,1.5418020226137,Low (<2%),11.0217650823433,33543.9942975657
IRN,"Iran, Islamic Rep.",Asia,Lower Middle,1997,1990,17.3492257538708,17.3492257538708,Very High (>10%),1.3503992743003,3679.27534912962
IRQ,Iraq,Middle East,Unknown,1997,1990,23.0631996788727,23.0631996788727,Very High (>10%),21.2379361287918,2478.84310444349
ISL,Iceland,Other,Unknown,1997,1990,1.81543080282254,1.81543080282254,Low (<2%),4.14087045329792,38657.2763911898
ISR,Israel,Europe,High,1997,1990,8.95499383477184,8.95499383477184,High (5-10%),3.61026597240067,27144.221603813
ITA,Italy,Europe,High,1997,1990,2.04310779750136,2.04310779750136,Moderate (2-5%),1.92572122608527,30353.3778243995
JAM,Jamaica,Other,Unknown,1997,1990,9.65755261268595,9.65755261268595,High (5-10%),-1.14045987350366,5343.48049225757
JOR,Jordan,Other,Unknown,1997,1990,3.0378842030025,3.0378842030025,Moderate (2-5%),3.30847538304697,3582.04875443504
JPN,Japan,Asia,High,1997,1990,1.74780458692133,1.74780458692133,Low (<2%),1.36297109407448,31723.3382538425
KAZ,Kazakhstan,Other,Unknown,1997,1990,17.4080410607357,17.4080410607357,Very High (>10%),1.69999999949513,3728.96386519689
KEN,Kenya,Africa,Low,1997,1990,11.3618450505783,11.3618450505783,Very High (>10%),0.474901921293579,1226.19542113337
KGZ,Kyrgyz Republic,Other,Unknown,1997,1990,23.4354278497005,23.4354278497005,Very High (>10%),9.91525389550945,671.25000816306
KHM,Cambodia,Other,Unknown,1997,1990,7.96021397777456,7.96021397777456,High (5-10%),4.00662107873787,496.770551310941
KNA,St. Kitts and Nevis,Other,Unknown,1997,1990,8.90518339116016,8.90518339116016,High (5-10%),6.82396677607342,12940.7852855874
KOR,"Korea, Rep.",Asia,High,1997,1990,4.4389318457463,4.4389318457463,Moderate (2-5%),6.2821926537929,15682.2717905189
KWT,Kuwait,Middle East,High,1997,1990,0.682191434707604,0.682191434707604,Low (<2%),2.47332525804084,32152.4367426144
LAC,Latin America & Caribbean (excluding high income),Other,Unknown,1997,1990,7.14511160883929,7.14511160883929,High (5-10%),5.3585880490713,6315.73345752879
LAO,Lao PDR,Other,Unknown,1997,1990,27.5088624491449,27.5088624491449,Very High (>10%),6.87209127120695,819.205851313643
LBY,Libya,Other,Unknown,1997,1990,3.55029585798822,3.55029585798822,Moderate (2-5%),5.21267102136972,11284.7780739062
LCA,St. Lucia,Other,Unknown,1997,1990,-0.0055202870547238,-0.0055202870547238,Low (<2%),-0.694130142059308,8759.56755308065
LCN,Latin America & Caribbean,Other,Unknown,1997,1990,6.94956608534118,6.94956608534118,High (5-10%),5.46327316670241,6580.43309160395
LDC,Least developed countries: UN classification,Other,Unknown,1997,1990,8.02210766631749,8.02210766631749,High (5-10%),5.3402517860758,609.774180333513
LIC,Low income,Other,Unknown,1997,1990,4.48638261737399,4.48638261737399,Moderate (2-5%),5.89536636966513,594.309108135498
LKA,Sri Lanka,Asia,Lower Middle,1997,1990,9.57369626405162,9.57369626405162,High (5-10%),6.40539969571286,1787.41017656806
LMC,Lower middle income,Other,Unknown,1997,1990,7.16425211462721,7.16425211462721,High (5-10%),3.89069623399025,937.372146748234
LMY,Low & middle income,Other,Unknown,1997,1990,7.08731177077217,7.08731177077217,High (5-10%),5.68015227989451,2000.38706289156
LTE,Late-demographic dividend,Other,Unknown,1997,1990,5.87983105743517,5.87983105743517,High (5-10%),5.65459914779815,3086.94333971063
LTU,Lithuania,Other,Unknown,1997,1990,8.88104848465892,8.88104848465892,High (5-10%),8.30063037348748,5685.44901491024
LUX,Luxembourg,Other,Unknown,1997,1990,1.36751261207932,1.36751261207932,Low (<2%),5.41972646151088,77997.2016345512
LVA,Latvia,Other,Unknown,1997,1990,8.44738342092961,8.44738342092961,High (5-10%),9.17147634072084,5317.97997604979
MAC,"Macao SAR, China",Other,Unknown,1997,1990,3.49093715138855,3.49093715138855,Moderate (2-5%),-0.278986192547762,33273.3263570517
MAR,Morocco,Africa,Lower Middle,1997,1990,1.03819895051614,1.03819895051614,Low (<2%),-1.56070234550782,1828.96862792969
MDA,Moldova,Other,Unknown,1997,1990,11.7728324494467,11.7728324494467,Very High (>10%),1.64706456037401,1454.80861555923
MDG,Madagascar,Other,Unknown,1997,1990,4.48638261737399,4.48638261737399,Moderate (2-5%),3.69349261691789,451.303199370831
MDV,Maldives,Other,Unknown,1997,1990,7.57283467072592,7.57283467072592,High (5-10%),8.39794100450224,6254.75856992657
MEA,"Middle East, North Africa, Afghanistan & Pakistan",Other,Unknown,1997,1990,3.60116103260946,3.60116103260946,Moderate (2-5%),4.14786831542938,3782.11560039676
MEX,Mexico,North America,Upper Middle,1997,1990,20.6256287259247,20.6256287259247,Very High (>10%),7.19887615284711,8770.8448154628
MIC,Middle income,Other,Unknown,1997,1990,7.12532722513057,7.12532722513057,High (5-10%),5.67582675794871,2116.67073164934
MKD,North Macedonia,Other,Unknown,1997,1990,1.29436487155047,1.29436487155047,Low (<2%),1.43998133659125,2954.5238308875
MLI,Mali,Other,Unknown,1997,1990,-0.362999795946695,-0.362999795946695,Low (<2%),4.12133954313308,668.480326665269
MLT,Malta,Other,Unknown,1997,1990,3.11207791953272,3.11207791953272,Moderate (2-5%),5.25698063086301,13286.7107759756
MMR,Myanmar,Other,Unknown,1997,1990,29.6972325791529,29.6972325791529,Very High (>10%),5.65158296304853,231.587954116039
MNA,"Middle East, North Africa, Afghanistan & Pakistan (excluding high income)",Other,Unknown,1997,1990,4.13881599774754,4.13881599774754,Moderate (2-5%),3.46069865180219,2143.40248593198
MNG,Mongolia,Other,Unknown,1997,1990,36.5561148948773,36.5561148948773,Very High (>10%),3.89671358377919,1546.08098489924
MRT,Mauritania,Other,Unknown,1997,1990,4.62534695318394,4.62534695318394,Moderate (2-5%),-4.04469654678218,1384.62072172965
MUS,Mauritius,Other,Unknown,1997,1990,6.83334334996102,6.83334334996102,High (5-10%),5.68747741886639,5024.11496458349
MWI,Malawi,Other,Low,1997,1990,9.13735243003495,9.13735243003495,High (5-10%),3.79241909354917,412.4131068375
MYS,Malaysia,Asia,Upper Middle,1997,1990,2.66251459711946,2.66251459711946,Moderate (2-5%),7.32274185035924,6480.55649455855
NAC,North America,Other,Unknown,1997,1990,1.97945315907633,1.97945315907633,Low (<2%),4.43422462717041,43145.5200914419
NER,Niger,Other,Unknown,1997,1990,2.93345253394422,2.93345253394422,Moderate (2-5%),1.52747571050666,401.724988110363
NGA,Nigeria,Africa,Low,1997,1990,8.52987421383633,8.52987421383633,High (5-10%),2.93709941923106,1420.23877961219
NLD,Netherlands,Europe,High,1997,1990,2.10924562739483,2.10924562739483,Moderate (2-5%),4.24847396941847,36211.6548633578
NOR,Norway,Europe,High,1997,1990,2.56692335900252,2.56692335900252,Moderate (2-5%),5.09208924000464,63480.1841751685
NPL,Nepal,Asia,Lower Middle,1997,1990,4.00998860523181,4.00998860523181,Moderate (2-5%),5.04861254517328,506.426874424217
NZL,New Zealand,Oceania,High,1997,1990,1.18714833105632,1.18714833105632,Low (<2%),2.07551582422867,28776.5479198966
OED,OECD members,Other,Unknown,1997,1990,2.26900305912498,2.26900305912498,Moderate (2-5%),3.68063620350809,28289.3404435059
OSS,Other small states,Other,Unknown,1997,1990,6.66941526632594,6.66941526632594,High (5-10%),6.23711228962844,7459.46239149714
PAK,Pakistan,Asia,Lower Middle,1997,1990,11.3754928865122,11.3754928865122,Very High (>10%),1.01439601077892,1028.99804758369
PAN,Panama,Other,Unknown,1997,1990,1.32435122100608,1.32435122100608,Low (<2%),7.70904000189154,6122.6466478841
PER,Peru,South America,Upper Middle,1997,1990,8.56218948953653,8.56218948953653,High (5-10%),6.47682442079709,3331.15151093297
PHL,Philippines,Asia,Lower Middle,1997,1990,5.59025939650601,5.59025939650601,High (5-10%),5.18641167406165,1800.25913137613
PNG,Papua New Guinea,Other,Unknown,1997,1990,3.96437805228409,3.96437805228409,Moderate (2-5%),-3.90438965639359,2310.98773975643
POL,Poland,Europe,Unknown,1997,1990,14.91315861496,14.91315861496,Very High (>10%),6.35890635030509,6391.13172823376
PRE,Pre-demographic dividend,Other,Unknown,1997,1990,6.87063927616146,6.87063927616146,High (5-10%),6.26126404246079,1000.20933606046
PRT,Portugal,Europe,High,1997,1990,2.33686298314114,2.33686298314114,Moderate (2-5%),4.40086766458026,16946.086865108
PRY,Paraguay,South America,Upper Middle,1997,1990,6.94956608534118,6.94956608534118,High (5-10%),4.24251610269859,4496.02336469138
PSE,West Bank and Gaza,Other,Unknown,1997,1990,7.08700591205709,7.08700591205709,High (5-10%),14.6676392814808,2323.20642242172
PST,Post-demographic dividend,Other,Unknown,1997,1990,2.20114313510882,2.20114313510882,Moderate (2-5%),3.48067502216732,31478.7787171253
QAT,Qatar,Middle East,High,1997,1990,4.83448981913322,4.83448981913322,Moderate (2-5%),30.0120397093796,51382.616690416
ROU,Romania,Other,Unknown,1997,1990,154.763480436309,154.763480436309,Very High (>10%),-4.8490627379703,4546.66753054721
RUS,Russian Federation,Europe,Upper Middle,1997,1990,14.761329268806,14.761329268806,Very High (>10%),1.3999158052963,4760.33935546875
RWA,Rwanda,Other,Low,1997,1990,12.0154225195686,12.0154225195686,Very High (>10%),13.8497524852284,284.862132396583
SAS,South Asia,Other,Unknown,1997,1990,6.83486964865904,6.83486964865904,High (5-10%),4.21061775642937,672.358162095982
SAU,Saudi Arabia,Asia,High,1997,1990,0.0571506050626489,0.0571506050626489,Low (<2%),2.64731939948642,23406.0346643453
SDN,Sudan,Other,Unknown,1997,1990,47.1685369647197,47.1685369647197,Very High (>10%),18.3126571850273,1050.31994628906
SEN,Senegal,Other,Unknown,1997,1990,1.75316478097236,1.75316478097236,Low (<2%),3.04560103485423,962.736689457399
SGP,Singapore,Asia,High,1997,1990,2.00358618538962,2.00358618538962,Moderate (2-5%),8.31620911124497,32835.2518506082
SLB,Solomon Islands,Other,Unknown,1997,1990,8.08400135486043,8.08400135486043,High (5-10%),-0.91407746990609,2186.40705532991
SLV,El Salvador,Other,Unknown,1997,1990,4.49013627855204,4.49013627855204,Moderate (2-5%),3.13797006665828,2842.88487409077
SRB,Serbia,Other,Unknown,1997,1990,23.307866135801,23.307866135801,Very High (>10%),8.93321347004755,3497.55048957119
SSA,Sub-Saharan Africa (excluding high income),Other,Unknown,1997,1990,8.16902144106963,8.16902144106963,High (5-10%),4.06130618050753,1196.64545570633
SSF,Sub-Saharan Africa,Other,Unknown,1997,1990,7.6471743331001,7.6471743331001,High (5-10%),4.07018981042435,1197.89221793831
SST,Small states,Other,Unknown,1997,1990,3.58050767471719,3.58050767471719,Moderate (2-5%),5.23578746340209,7400.13921257681
STP,Sao Tome and Principe,Other,Unknown,1997,1990,35.81717824448,35.81717824448,Very High (>10%),0.996320930540918,942.971185295678
SUR,Suriname,Other,Unknown,1997,1990,7.14511160883929,7.14511160883929,High (5-10%),5.6999976832949,6330.13718248353
SVK,Slovak Republic,Other,Unknown,1997,1990,6.14198999595657,6.14198999595657,High (5-10%),5.48584018546269,8647.39434311517
SVN,Slovenia,Other,Unknown,1997,1990,8.35967990704302,8.35967990704302,High (5-10%),5.17133827310541,14400.670888341
SWE,Sweden,Europe,High,1997,1990,0.658410256243526,0.658410256243526,Low (<2%),3.06499186399252,36675.7506543343
SWZ,Eswatini,Other,Unknown,1997,1990,7.12532722513057,7.12532722513057,High (5-10%),3.10280518683581,2187.69829843414
SYC,Seychelles,Other,Unknown,1997,1990,0.618046971569891,0.618046971569891,Low (<2%),12.193641751411,11284.8459766598
SYR,Syrian Arab Republic,Other,Unknown,1997,1990,1.88611136179086,1.88611136179086,Low (<2%),5.0238045081104,1299.29708277572
TCD,Chad,Other,Unknown,1997,1990,5.5722571112533,5.5722571112533,High (5-10%),5.65339232904813,559.25985583523
TEA,East Asia & Pacific (IDA & IBRD countries),Other,Unknown,1997,1990,5.60802843389853,5.60802843389853,High (5-10%),7.40209003031499,1887.83148838086
TEC,Europe & Central Asia (IDA & IBRD countries),Other,Unknown,1997,1990,15.940599414943,15.940599414943,Very High (>10%),2.91629375179041,4058.47185144406
TGO,Togo,Other,Unknown,1997,1990,8.25082508250802,8.25082508250802,High (5-10%),14.3773775724317,792.111709235126
THA,Thailand,Asia,Upper Middle,1997,1990,5.62579747129106,5.62579747129106,High (5-10%),-2.75357515314082,3614.60848543994
TLA,Latin America & the Caribbean (IDA & IBRD countries),Other,Unknown,1997,1990,7.14511160883929,7.14511160883929,High (5-10%),5.52674044871256,6477.31836726158
TMN,"Middle East, North Africa, Afghanistan & Pakistan (IDA & IBRD)",Other,Unknown,1997,1990,3.65202620723071,3.65202620723071,Moderate (2-5%),3.39117576632543,2142.27037446434
TON,Tonga,Other,Unknown,1997,1990,2.12473132408038,2.12473132408038,Moderate (2-5%),-0.600537843483892,3632.11240437129
TSA,South Asia (IDA & IBRD),Other,Unknown,1997,1990,6.83486964865904,6.83486964865904,High (5-10%),4.21061775642937,672.358162095982
TSS,Sub-Saharan Africa (IDA & IBRD countries),Other,Unknown,1997,1990,7.6471743331001,7.6471743331001,High (5-10%),4.07018981042431,1197.89221793831
TTO,Trinidad and Tobago,Other,Unknown,1997,1990,3.62607875843081,3.62607875843081,Moderate (2-5%),7.52285462627518,8112.94285878867
TUN,Tunisia,Africa,Upper Middle,1997,1990,3.65202620723071,3.65202620723071,Moderate (2-5%),5.44094350107467,2551.55055160864
TUR,Turkiye,Europe,Upper Middle,1997,1990,85.6693616499779,85.6693616499779,Very High (>10%),7.3578623747848,6230.18622126407
TZA,Tanzania,Other,Low,1997,1990,16.0906549283201,16.0906549283201,Very High (>10%),3.52527818941036,529.954223632813
UGA,Uganda,Other,Low,1997,1990,8.16902144106963,8.16902144106963,High (5-10%),5.10000186476283,478.250663988847
UKR,Ukraine,Other,Unknown,1997,1990,15.940599414943,15.940599414943,Very High (>10%),-2.99999999842365,1326.27795410156
UMC,Upper middle income,Other,Unknown,1997,1990,7.01859185741422,7.01859185741422,High (5-10%),6.10438436829742,3005.26901412941
URY,Uruguay,South America,High,1997,1990,19.8188093183779,19.8188093183779,Very High (>10%),8.54768320111596,11138.8676127212
USA,United States,North America,High,1997,1990,2.33768993730735,2.33768993730735,Moderate (2-5%),4.44712793442667,44151.6860410035
VCT,St. Vincent and the Grenadines,Other,Unknown,1997,1990,0.443616029823348,0.443616029823348,Low (<2%),3.50515087270627,4680.55582185707
VNM,Viet Nam,Asia,Lower Middle,1997,1990,3.20952606261375,3.20952606261375,Moderate (2-5%),8.1520841433542,1064.77802859908
VUT,Vanuatu,Other,Unknown,1997,1990,2.83070223189979,2.83070223189979,Moderate (2-5%),4.90681267768771,3171.92553062882
WLD,World,Other,Unknown,1997,1990,5.55412988949405,5.55412988949405,High (5-10%),3.99678915639295,7381.77119872805
WSM,Samoa,Other,Unknown,1997,1990,6.86182355310877,6.86182355310877,High (5-10%),0.643425004323134,2746.33660844689
YEM,"Yemen, Rep.",Other,Unknown,1997,1990,2.17672667372646,2.17672667372646,Moderate (2-5%),5.23111204040379,1987.6265785116
ZAF,South Africa,Africa,Upper Middle,1997,1990,8.59777611252274,8.59777611252274,High (5-10%),2.60000000146347,4527.04992403877
ZMB,Zambia,Other,Unknown,1997,1990,24.4187215689412,24.4187215689412,Very High (>10%),3.81400749718355,805.53240180321
ABW,Aruba,Other,Unknown,1998,1990,1.8694885361554,1.8694885361554,Low (<2%),1.99198444906199,26418.0883302727
AFE,Africa Eastern and Southern,Other,Unknown,1998,1990,7.49525542305607,7.49525542305607,High (5-10%),1.77473731591628,1199.70458220191
AFW,Africa Western and Central,Other,Unknown,1998,1990,4.47112543851099,4.47112543851099,Moderate (2-5%),3.61557427976862,1192.28326968998
AGO,Angola,Africa,Lower Middle,1998,1990,107.284821528298,107.284821528298,Very High (>10%),4.69114645217414,2203.98692701402
ALB,Albania,Other,Unknown,1998,1990,20.6428588670596,20.6428588670596,Very High (>10%),8.3100252038309,1630.43874131845
ARB,Arab World,Other,Unknown,1998,1990,3.41731948975798,3.41731948975798,Moderate (2-5%),4.7704737846842,4725.56339133207
ARM,Armenia,Other,Unknown,1998,1990,8.67248632385158,8.67248632385158,High (5-10%),7.29999998770998,1128.09888845227
AUS,Australia,Oceania,High,1998,1990,0.860129922016289,0.860129922016289,Low (<2%),4.67681373479508,43081.7201718179
AUT,Austria,Europe,High,1998,1990,0.922467196680849,0.922467196680849,Low (<2%),3.49288002962309,36180.7490571265
AZE,Azerbaijan,Other,Unknown,1998,1990,-0.772697886033166,-0.772697886033166,Low (<2%),9.99999961153691,1282.68413749503
BDI,Burundi,Other,Unknown,1998,1990,12.5004107653378,12.5004107653378,Very High (>10%),4.74999999509613,281.470892716422
BEL,Belgium,Europe,High,1998,1990,0.94925028835061,0.94925028835061,Low (<2%),1.96183240455609,33566.9875919507
BEN,Benin,Other,Unknown,1998,1990,5.75331458417064,5.75331458417064,High (5-10%),3.96101213832645,821.459971433599
BFA,Burkina Faso,Other,Unknown,1998,1990,5.08433344145324,5.08433344145324,High (5-10%),7.30771963496896,415.273513470241
BGD,Bangladesh,Asia,Lower Middle,1998,1990,8.40223795613228,8.40223795613228,High (5-10%),5.1770268731498,584.448175174047
BGR,Bulgaria,Other,Unknown,1998,1990,18.6722044420641,18.6722044420641,Very High (>10%),3.7891144939896,3840.17297697202
BHR,Bahrain,Middle East,High,1998,1990,-0.366533864541774,-0.366533864541774,Low (<2%),4.79000359326143,24386.5916523491
BHS,"Bahamas, The",Other,Unknown,1998,1990,1.33661336613371,1.33661336613371,Low (<2%),4.71679855496301,29837.4381789441
BLR,Belarus,Other,Unknown,1998,1990,72.8697170535353,72.8697170535353,Very High (>10%),8.3999913697987,2368.78330877851
BLZ,Belize,Other,Unknown,1998,1990,2.1952625003759,2.1952625003759,Moderate (2-5%),3.89301999542513,4931.45499103616
BOL,Bolivia,South America,Upper Middle,1998,1990,7.67322895675083,7.67322895675083,High (5-10%),5.02935475584462,2025.5033470495
BRA,Brazil,South America,Upper Middle,1998,1990,3.19507629280052,3.19507629280052,Moderate (2-5%),0.338097901207306,6687.49523550242
BRB,Barbados,Other,Unknown,1998,1990,-1.26888660701213,-1.26888660701213,Low (<2%),3.72846419786779,21125.2533175225
BRN,Brunei Darussalam,Other,Unknown,1998,1990,-0.4413793103449,-0.4413793103449,Low (<2%),-6.65715931266875,36331.1813349886
BTN,Bhutan,Other,Unknown,1998,1990,10.5855899892463,10.5855899892463,Very High (>10%),5.91403093576604,1182.98781073316
BWA,Botswana,Other,Unknown,1998,1990,6.66139865665752,6.66139865665752,High (5-10%),0.443663586075374,4724.93670942028
CAF,Central African Republic,Other,Unknown,1998,1990,-1.8852009615791,-1.8852009615791,Low (<2%),4.70014237879329,457.148858416438
CAN,Canada,North America,High,1998,1990,0.99594245665802,0.99594245665802,Low (<2%),3.89288658501088,34894.6484928404
CEB,Central Europe and the Baltics,Other,Unknown,1998,1990,8.20833333333298,8.20833333333298,High (5-10%),2.6337710699065,6983.39118525847
CHE,Switzerland,Europe,High,1998,1990,0.0179384378439321,0.0179384378439321,Low (<2%),2.77611373648112,71854.1176863899
CHL,Chile,South America,High,1998,1990,5.11024954517559,5.11024954517559,High (5-10%),4.18088662700669,8287.45061096547
CHN,China,Asia,Upper Middle,1998,1990,-0.773186011549318,-0.773186011549318,Low (<2%),7.92354535108497,1944.46718626424
CIV,Cote d'Ivoire,Africa,Lower Middle,1998,1990,4.61144759515372,4.61144759515372,Moderate (2-5%),4.26390594437231,1808.42289027986
CMR,Cameroon,Africa,Lower Middle,1998,1990,3.17075185386907,3.17075185386907,Moderate (2-5%),4.72553484802563,1118.50819963079
COD,"Congo, Dem. Rep.",Other,Unknown,1998,1990,29.1488069236652,29.1488069236652,Very High (>10%),-1.62415404433756,406.859287635557
COL,Colombia,South America,Upper Middle,1998,1990,18.6769799276672,18.6769799276672,Very High (>10%),0.569784088434517,4213.82800470051
CPV,Cabo Verde,Other,Unknown,1998,1990,4.39423509983477,4.39423509983477,Moderate (2-5%),12.5172857879884,1652.11117220593
CRI,Costa Rica,Other,Unknown,1998,1990,11.6592997742233,11.6592997742233,Very High (>10%),7.08853729218445,7439.72672879908
CSS,Caribbean small states,Other,Unknown,1998,1990,2.1952625003759,2.1952625003759,Moderate (2-5%),4.9139559451461,9751.25749791876
CYP,Cyprus,Other,Unknown,1998,1990,2.22770732654316,2.22770732654316,Moderate (2-5%),6.11088294947106,20562.287109375
CZE,Czechia,Other,Unknown,1998,1990,10.6983655274888,10.6983655274888,Very High (>10%),-0.393150193750415,11850.8396211995
DEU,Germany,Europe,High,1998,1990,0.911184687196224,0.911184687196224,Low (<2%),2.09561231172233,33477.9856458764
DMA,Dominica,Other,Unknown,1998,1990,0.999147457910748,0.999147457910748,Low (<2%),3.77423043853915,6639.15946016126
DNK,Denmark,Europe,High,1998,1990,1.84565122007883,1.84565122007883,Low (<2%),2.32630274538961,46437.1921069175
DOM,Dominican Republic,Other,Unknown,1998,1990,4.83166558591895,4.83166558591895,Moderate (2-5%),6.70585570778992,3840.8718026365
DZA,Algeria,Africa,Upper Middle,1998,1990,4.95016163793114,4.95016163793114,Moderate (2-5%),5.10000361107312,3410.88254401644
EAP,East Asia & Pacific (excluding high income),Other,Unknown,1998,1990,8.61483153647289,8.61483153647289,High (5-10%),3.00545590611354,1898.6079047671
EAR,Early-demographic dividend,Other,Unknown,1998,1990,6.42073242971301,6.42073242971301,High (5-10%),2.39618595196691,2103.50978903436
EAS,East Asia & Pacific,Other,Unknown,1998,1990,5.49101180380942,5.49101180380942,High (5-10%),0.269363963469971,4727.57969534436
ECA,Europe & Central Asia (excluding high income),Other,Unknown,1998,1990,9.56493445426185,9.56493445426185,High (5-10%),2.06066914907899,3093.01740122777
ECS,Europe & Central Asia,Other,Unknown,1998,1990,4.64421422660783,4.64421422660783,Moderate (2-5%),2.56891134387389,17252.1486046437
ECU,Ecuador,South America,Upper Middle,1998,1990,36.0984331623886,36.0984331623886,Very High (>10%),3.26652934570988,4252.04348649475
EGY,"Egypt, Arab Rep.",Africa,Lower Middle,1998,1990,3.8725754642749,3.8725754642749,Moderate (2-5%),5.575497460986,2277.2850483467
EMU,Euro area,Other,Unknown,1998,1990,2.38525135417661,2.38525135417661,Moderate (2-5%),3.00309976675726,28363.3111829819
ESP,Spain,Europe,High,1998,1990,1.83432999908414,1.83432999908414,Low (<2%),4.30197745333581,22135.4045018802
EST,Estonia,Other,Unknown,1998,1990,8.20833333333298,8.20833333333298,High (5-10%),4.33982761193587,9199.93534127632
ETH,Ethiopia,Africa,Low,1998,1990,0.894801693964107,0.894801693964107,Low (<2%),-3.4581391346848,236.05551452188
EUU,European Union,Other,Unknown,1998,1990,2.40768094534715,2.40768094534715,Moderate (2-5%),2.98141228097397,24698.29961088
FIN,Finland,Europe,High,1998,1990,1.39947378579837,1.39947378579837,Low (<2%),5.45427021765444,34457.4555939742
FJI,Fiji,Other,Unknown,1998,1990,5.71168160413118,5.71168160413118,High (5-10%),1.29999962239084,3787.48699562496
FRA,France,Europe,High,1998,1990,0.651126867833073,0.651126867833073,Low (<2%),3.45259434279616,31256.5073830655
GAB,Gabon,Other,Unknown,1998,1990,1.44873854294598,1.44873854294598,Low (<2%),3.47783358718901,8949.1211008365
GBR,United Kingdom,Europe,High,1998,1990,1.82056163731557,1.82056163731557,Low (<2%),3.24631482881618,36773.9287790406
GEO,Georgia,Other,Unknown,1998,1990,3.56680781278783,3.56680781278783,Moderate (2-5%),3.10150969616576,1431.79336069224
GHA,Ghana,Africa,Unknown,1998,1990,14.6241666666675,14.6241666666675,Very High (>10%),4.70039078427911,992.20631798932
GMB,"Gambia, The",Other,Unknown,1998,1990,1.11418841174713,1.11418841174713,Low (<2%),3.49999870205306,621.226058231623
GNB,Guinea-Bissau,Other,Unknown,1998,1990,8.01375518965603,8.01375518965603,High (5-10%),-22.4457270657526,502.81554020706
GNQ,Equatorial Guinea,Other,Unknown,1998,1990,7.93571069814148,7.93571069814148,High (5-10%),23.7744823299607,2833.33184629343
GRC,Greece,Europe,High,1998,1990,4.76622572397641,4.76622572397641,Moderate (2-5%),3.43693579661333,16973.8293714071
GRD,Grenada,Other,Unknown,1998,1990,1.37769330389496,1.37769330389496,Low (<2%),11.7535029919192,6036.15899808614
GTM,Guatemala,Other,Unknown,1998,1990,6.61346070518058,6.61346070518058,High (5-10%),4.99352780305848,3089.97742727983
GUY,Guyana,Other,Unknown,1998,1990,4.58646616541351,4.58646616541351,Moderate (2-5%),-1.67910449189729,3708.04637110615
HIC,High income,Other,Unknown,1998,1990,2.09342182464286,2.09342182464286,Moderate (2-5%),2.642316986742,28295.0678821774
HKG,"Hong Kong SAR, China",Other,Unknown,1998,1990,2.91262135922399,2.91262135922399,Moderate (2-5%),-5.88263751764842,24856.7504063002
HND,Honduras,Other,Unknown,1998,1990,13.6681077485868,13.6681077485868,Very High (>10%),11.5761659693973,1543.75794800689
HPC,Heavily indebted poor countries (HIPC),Other,Unknown,1998,1990,5.75331458417064,5.75331458417064,High (5-10%),3.75058687094192,674.932470432039
HRV,Croatia,Other,Unknown,1998,1990,6.39668660837555,6.39668660837555,High (5-10%),2.25345287133511,8577.65913376916
HTI,Haiti,Other,Unknown,1998,1990,5.26903547042201,5.26903547042201,High (5-10%),2.18184032957123,1344.9390395747
HUN,Hungary,Other,Unknown,1998,1990,14.153789654534,14.153789654534,Very High (>10%),3.84810814449837,8297.85419511945
IBD,IBRD only,Other,Unknown,1998,1990,7.26619804400963,7.26619804400963,High (5-10%),2.66724696847389,2568.12192743974
IBT,IDA & IBRD total,Other,Unknown,1998,1990,6.81079323797193,6.81079323797193,High (5-10%),2.73971739212877,2202.00849807075
IDA,IDA total,Other,Unknown,1998,1990,6.0922623040259,6.0922623040259,High (5-10%),3.52062469462334,885.37592759161
IDB,IDA blend,Other,Unknown,1998,1990,4.61144759515372,4.61144759515372,Moderate (2-5%),2.80178898028205,1298.68875523704
IDN,Indonesia,Asia,Lower Middle,1998,1990,58.4510413515526,58.4510413515526,Very High (>10%),-13.1267254923818,1780.20049544892
IDX,IDA only,Other,Unknown,1998,1990,6.2100670945581,6.2100670945581,High (5-10%),4.31316241628927,665.241779630553
IND,India,Asia,Lower Middle,1998,1990,13.2308389767977,13.2308389767977,Very High (>10%),6.18441582080355,695.293709337082
IRL,Ireland,Europe,High,1998,1990,2.40768094534715,2.40768094534715,Moderate (2-5%),8.7661226571214,36105.9184837456
IRN,"Iran, Islamic Rep.",Asia,Lower Middle,1998,1990,17.8661342130398,17.8661342130398,Very High (>10%),2.08001178027133,3704.56563043092
IRQ,Iraq,Middle East,Unknown,1998,1990,14.7687735575529,14.7687735575529,Very High (>10%),35.0009676191703,3242.95733892317
ISL,Iceland,Other,Unknown,1998,1990,1.65924170953419,1.65924170953419,Low (<2%),7.01048323038307,40926.715820447
ISR,Israel,Europe,High,1998,1990,5.48875371339656,5.48875371339656,High (5-10%),4.1019344139424,27618.7744807547
ITA,Italy,Europe,High,1998,1990,1.95508557719381,1.95508557719381,Low (<2%),1.8043732818638,30892.1758654455
JAM,Jamaica,Other,Unknown,1998,1990,8.63189613012144,8.63189613012144,High (5-10%),-2.33455353946911,5174.28295609468
JOR,Jordan,Other,Unknown,1998,1990,3.09166666666703,3.09166666666703,Moderate (2-5%),3.0121726904659,3605.63447052895
JPN,Japan,Asia,High,1998,1990,0.661974191385911,0.661974191385911,Low (<2%),-1.77264091037956,31076.4386626557
KAZ,Kazakhstan,Other,Unknown,1998,1990,7.14632665452334,7.14632665452334,High (5-10%),-1.89999999942479,3750.56494562659
KEN,Kenya,Africa,Low,1998,1990,6.72243650753928,6.72243650753928,High (5-10%),3.29021372249065,1232.06658106635
KGZ,Kyrgyz Republic,Other,Unknown,1998,1990,10.4573825846721,10.4573825846721,Very High (>10%),2.12183528473682,675.058248147575
KHM,Cambodia,Other,Unknown,1998,1990,14.8065035437763,14.8065035437763,Very High (>10%),4.68163210426384,499.016649050833
KNA,St. Kitts and Nevis,Other,Unknown,1998,1990,3.44635865955273,3.44635865955273,Moderate (2-5%),-0.486745779185156,12710.9629751883
KOR,"Korea, Rep.",Asia,High,1998,1990,7.51358008079307,7.51358008079307,High (5-10%),-4.9389297463141,14800.5091573641
KWT,Kuwait,Middle East,High,1998,1990,0.129658287674027,0.129658287674027,Low (<2%),3.66205472795443,32306.668723862
LAC,Latin America & Caribbean (excluding high income),Other,Unknown,1998,1990,6.61346070518058,6.61346070518058,High (5-10%),2.69433759712095,6383.44384485337
LAO,Lao PDR,Other,Unknown,1998,1990,90.9807345622878,90.9807345622878,Very High (>10%),3.96760809197698,836.088098507116
LBY,Libya,Other,Unknown,1998,1990,3.70927318295734,3.70927318295734,Moderate (2-5%),-3.55224474739784,10722.8700734717
LCA,St. Lucia,Other,Unknown,1998,1990,3.20194341679091,3.20194341679091,Moderate (2-5%),6.28647121511862,9183.3516374622
LCN,Latin America & Caribbean,Other,Unknown,1998,1990,5.11024954517559,5.11024954517559,High (5-10%),2.93131872781875,6667.95349314381
LDC,Least developed countries: UN classification,Other,Unknown,1998,1990,7.11191114210706,7.11191114210706,High (5-10%),4.03677427666179,618.447646923654
LIC,Low income,Other,Unknown,1998,1990,5.08433344145324,5.08433344145324,High (5-10%),4.172519586032,601.897051614663
LKA,Sri Lanka,Asia,Lower Middle,1998,1990,9.36424300683229,9.36424300683229,High (5-10%),4.69842304772052,1836.3894592448
LMC,Lower middle income,Other,Unknown,1998,1990,8.40223795613228,8.40223795613228,High (5-10%),4.66995519468514,960.70291102976
LMY,Low & middle income,Other,Unknown,1998,1990,6.84566922417272,6.84566922417272,High (5-10%),3.2914038832978,2031.96358933766
LTE,Late-demographic dividend,Other,Unknown,1998,1990,5.44152554019983,5.44152554019983,High (5-10%),2.87745461357565,3146.28317366963
LTU,Lithuania,Other,Unknown,1998,1990,5.06755385841968,5.06755385841968,High (5-10%),7.46293714937232,6154.17245640636
LUX,Luxembourg,Other,Unknown,1998,1990,0.958570110494753,0.958570110494753,Low (<2%),6.67419503775402,82174.3606082355
LVA,Latvia,Other,Unknown,1998,1990,4.64421422660783,4.64421422660783,Moderate (2-5%),6.55000264756266,5719.98918281481
MAC,"Macao SAR, China",Other,Unknown,1998,1990,0.172630384568516,0.172630384568516,Low (<2%),-4.57110341884395,31376.4225649646
MAR,Morocco,Africa,Lower Middle,1998,1990,2.75311330764477,2.75311330764477,Moderate (2-5%),7.23855267691987,1931.74047851563
MDA,Moldova,Other,Unknown,1998,1990,7.69576517517204,7.69576517517204,High (5-10%),-6.54219207711182,1360.18161095544
MDG,Madagascar,Other,Unknown,1998,1990,6.2080160866332,6.2080160866332,High (5-10%),3.91707460516817,453.886174768872
MDV,Maldives,Other,Unknown,1998,1990,-1.40425233816792,-1.40425233816792,Low (<2%),7.4946829140504,6599.87173747822
MEA,"Middle East, North Africa, Afghanistan & Pakistan",Other,Unknown,1998,1990,3.41731948975798,3.41731948975798,Moderate (2-5%),4.17270455425141,3846.59377659244
MEX,Mexico,North America,Upper Middle,1998,1990,15.9283950119353,15.9283950119353,Very High (>10%),6.18507893082885,9161.89527775798
MIC,Middle income,Other,Unknown,1998,1990,7.26619804400963,7.26619804400963,High (5-10%),3.27366308452144,2151.74900036644
MKD,North Macedonia,Other,Unknown,1998,1990,0.544199652523073,0.544199652523073,Low (<2%),3.37873564718296,3038.13983382569
MLI,Mali,Other,Unknown,1998,1990,4.03658945954986,4.03658945954986,Moderate (2-5%),6.65326037352882,695.126372030565
MLT,Malta,Other,Unknown,1998,1990,2.38525135417661,2.38525135417661,Moderate (2-5%),5.12560250721334,13877.2477535633
MMR,Myanmar,Other,Unknown,1998,1990,51.4875497504079,51.4875497504079,Very High (>10%),5.86621315328905,242.132148131424
MNA,"Middle East, North Africa, Afghanistan & Pakistan (excluding high income)",Other,Unknown,1998,1990,4.41136855110302,4.41136855110302,Moderate (2-5%),5.4157104499224,2207.69815279066
MNG,Mongolia,Other,Unknown,1998,1990,9.35704217716548,9.35704217716548,High (5-10%),3.33993659935817,1575.67716165836
MRT,Mauritania,Other,Unknown,1998,1990,8.03166665498858,8.03166665498858,High (5-10%),2.77780479737015,1386.65535143801
MUS,Mauritius,Other,Unknown,1998,1990,6.81079323797193,6.81079323797193,High (5-10%),6.07194017756207,5273.4376456861
MWI,Malawi,Other,Low,1998,1990,29.7486512828264,29.7486512828264,Very High (>10%),3.89525350328424,419.313245170577
MYS,Malaysia,Asia,Upper Middle,1998,1990,5.27034200348766,5.27034200348766,High (5-10%),-7.35941518817556,5857.96702940857
NAC,North America,Other,Unknown,1998,1990,1.27411077770083,1.27411077770083,Low (<2%),4.43709122377913,44552.5012179726
NER,Niger,Other,Unknown,1998,1990,4.5480157771872,4.5480157771872,Moderate (2-5%),9.97261495642444,427.086030331896
NGA,Nigeria,Africa,Low,1998,1990,9.99637812386806,9.99637812386806,High (5-10%),2.58125410190809,1419.31770917937
NLD,Netherlands,Europe,High,1998,1990,1.95913632274257,1.95913632274257,Low (<2%),4.64770326997895,37661.7102516626
NOR,Norway,Europe,High,1998,1990,2.25241329996429,2.25241329996429,Moderate (2-5%),2.72590814782492,64823.4786672121
NPL,Nepal,Asia,Lower Middle,1998,1990,11.2444677818614,11.2444677818614,Very High (>10%),3.01638947539399,511.54871132025
NZL,New Zealand,Oceania,High,1998,1990,1.26524409915406,1.26524409915406,Low (<2%),0.855188594957326,28766.2686680046
OED,OECD members,Other,Unknown,1998,1990,2.10577481135343,2.10577481135343,Moderate (2-5%),2.93646098381292,28905.3421116173
OSS,Other small states,Other,Unknown,1998,1990,3.4870438398436,3.4870438398436,Moderate (2-5%),3.41656643440361,7613.41865752936
PAK,Pakistan,Asia,Lower Middle,1998,1990,6.22800415424543,6.22800415424543,High (5-10%),2.55023429817393,1026.50033720969
PAN,Panama,Other,Unknown,1998,1990,0.559081293442494,0.559081293442494,Low (<2%),8.38747212468969,6504.97011881774
PER,Peru,South America,Upper Middle,1998,1990,7.24782175213469,7.24782175213469,High (5-10%),-0.391537555833821,3258.29746206218
PHL,Philippines,Asia,Lower Middle,1998,1990,9.23493432267121,9.23493432267121,High (5-10%),-0.514090599541888,1746.52590513282
PNG,Papua New Guinea,Other,Unknown,1998,1990,13.5741917656809,13.5741917656809,Very High (>10%),-3.76911321783457,2147.04526266919
POL,Poland,Europe,Unknown,1998,1990,11.5978554257236,11.5978554257236,Very High (>10%),4.62161133761769,6684.11477782234
PRE,Pre-demographic dividend,Other,Unknown,1998,1990,6.46522629708624,6.46522629708624,High (5-10%),6.93054568227258,1039.93402113897
PRT,Portugal,Europe,High,1998,1990,2.57275225909131,2.57275225909131,Moderate (2-5%),4.80796318953165,17671.3135082912
PRY,Paraguay,South America,Upper Middle,1998,1990,11.5532684355839,11.5532684355839,Very High (>10%),0.0680377558080636,4402.11110078249
PSE,West Bank and Gaza,Other,Unknown,1998,1990,5.57964505838268,5.57964505838268,High (5-10%),14.3341073189351,2589.20364997364
PST,Post-demographic dividend,Other,Unknown,1998,1990,1.83432999908414,1.83432999908414,Low (<2%),2.7442411997127,32183.2043032491
QAT,Qatar,Middle East,High,1998,1990,2.9513888888889,2.9513888888889,Moderate (2-5%),11.2186524616371,54189.9837433703
ROU,Romania,Other,Unknown,1998,1990,59.0965827541167,59.0965827541167,Very High (>10%),-2.02981290571721,4463.60791806212
RUS,Russian Federation,Europe,Upper Middle,1998,1990,27.6856798076742,27.6856798076742,Very High (>10%),-5.2999616266239,4515.50927734375
RWA,Rwanda,Other,Low,1998,1990,6.2100670945581,6.2100670945581,High (5-10%),8.85866949472509,297.571387031591
SAS,South Asia,Other,Unknown,1998,1990,9.9749164980393,9.9749164980393,High (5-10%),5.98554453313913,698.977290576909
SAU,Saudi Arabia,Asia,High,1998,1990,-0.37126675171199,-0.37126675171199,Low (<2%),2.80381183998992,23179.8581162861
SDN,Sudan,Other,Unknown,1998,1990,24.6218785461586,24.6218785461586,Very High (>10%),4.30850425525036,1069.27197265625
SEN,Senegal,Other,Unknown,1998,1990,1.15678070391341,1.15678070391341,Low (<2%),5.89847931769205,995.979085689636
SGP,Singapore,Asia,High,1998,1990,-0.267502292876153,-0.267502292876153,Low (<2%),-2.19101500611274,31043.108180076
SLB,Solomon Islands,Other,Unknown,1998,1990,12.3995038128069,12.3995038128069,Very High (>10%),1.29151109576075,2153.35862620817
SLV,El Salvador,Other,Unknown,1998,1990,2.54705977554151,2.54705977554151,Moderate (2-5%),2.65227730016461,2900.32064261101
SRB,Serbia,Other,Unknown,1998,1990,30.1596997992844,30.1596997992844,Very High (>10%),5.34263970320437,3699.40380796484
SSA,Sub-Saharan Africa (excluding high income),Other,Unknown,1998,1990,6.66139865665752,6.66139865665752,High (5-10%),2.51808846895678,1194.60734676073
SSF,Sub-Saharan Africa,Other,Unknown,1998,1990,6.43573287560781,6.43573287560781,High (5-10%),2.51802882377486,1195.8523183401
SST,Small states,Other,Unknown,1998,1990,3.2381944796978,3.2381944796978,Moderate (2-5%),3.78512625119176,7587.03885631315
STP,Sao Tome and Principe,Other,Unknown,1998,1990,50.4931357486254,50.4931357486254,Very High (>10%),2.49998790327494,953.9855008639
SUR,Suriname,Other,Unknown,1998,1990,18.9753691994478,18.9753691994478,Very High (>10%),2.30000165105389,6343.51344766536
SVK,Slovak Republic,Other,Unknown,1998,1990,6.66565123195822,6.66565123195822,High (5-10%),3.82610773560614,8966.21926231252
SVN,Slovenia,Other,Unknown,1998,1990,7.89116682856682,7.89116682856682,High (5-10%),3.06382595802013,14874.2904782546
SWE,Sweden,Europe,High,1998,1990,-0.267132668354971,-0.267132668354971,Low (<2%),4.24583179417877,38211.7233090832
SWZ,Eswatini,Other,Unknown,1998,1990,8.10996563573863,8.10996563573863,High (5-10%),2.60403956171793,2216.00896777397
SYC,Seychelles,Other,Unknown,1998,1990,2.57985257985242,2.57985257985242,Moderate (2-5%),2.4674409352512,11339.3481297046
SYR,Syrian Arab Republic,Other,Unknown,1998,1990,-0.797165633303916,-0.797165633303916,Low (<2%),6.78530452433867,1352.12635287652
TCD,Chad,Other,Unknown,1998,1990,4.2588511022514,4.2588511022514,Moderate (2-5%),6.95157991370925,577.909573477303
TEA,East Asia & Pacific (IDA & IBRD countries),Other,Unknown,1998,1990,8.61483153647289,8.61483153647289,High (5-10%),3.00501627010981,1921.51989066734
TEC,Europe & Central Asia (IDA & IBRD countries),Other,Unknown,1998,1990,10.5771611482514,10.5771611482514,Very High (>10%),-0.701270295875517,4029.1180787729
TGO,Togo,Other,Unknown,1998,1990,0.975338381088674,0.975338381088674,Low (<2%),-2.29987657013699,754.708267677364
THA,Thailand,Asia,Upper Middle,1998,1990,7.99472875027457,7.99472875027457,High (5-10%),-7.63403528600102,3295.36018381294
TLA,Latin America & the Caribbean (IDA & IBRD countries),Other,Unknown,1998,1990,5.26903547042201,5.26903547042201,High (5-10%),2.89065711346115,6558.45212186438
TMN,"Middle East, North Africa, Afghanistan & Pakistan (IDA & IBRD)",Other,Unknown,1998,1990,3.8725754642749,3.8725754642749,Moderate (2-5%),5.35435051228698,2205.28063635609
TON,Tonga,Other,Unknown,1998,1990,3.27444554260469,3.27444554260469,Moderate (2-5%),2.2925765040134,3689.21670248881
TSA,South Asia (IDA & IBRD),Other,Unknown,1998,1990,9.9749164980393,9.9749164980393,High (5-10%),5.98554453313913,698.977290576909
TSS,Sub-Saharan Africa (IDA & IBRD countries),Other,Unknown,1998,1990,6.43573287560781,6.43573287560781,High (5-10%),2.5180288237749,1195.8523183401
TTO,Trinidad and Tobago,Other,Unknown,1998,1990,5.61270907691201,5.61270907691201,High (5-10%),8.1245639965458,8742.6993105224
TUN,Tunisia,Africa,Upper Middle,1998,1990,3.12536579655862,3.12536579655862,Moderate (2-5%),4.78376247825665,2639.87498120997
TUR,Turkiye,Europe,Upper Middle,1998,1990,84.6413434846314,84.6413434846314,Very High (>10%),1.90857064345151,6261.28870069222
TZA,Tanzania,Other,Low,1998,1990,12.7997540479609,12.7997540479609,Very High (>10%),3.70851159859504,535.363159179688
UGA,Uganda,Other,Low,1998,1990,0.0688041719983172,0.0688041719983172,Low (<2%),4.90526548451564,487.008977266219
UKR,Ukraine,Other,Unknown,1998,1990,10.5771611482514,10.5771611482514,Very High (>10%),-1.90000000214164,1311.59362792969
UMC,Upper middle income,Other,Unknown,1998,1990,6.84566922417272,6.84566922417272,High (5-10%),2.94556804758584,3057.56742762479
URY,Uruguay,South America,High,1998,1990,10.8110703055616,10.8110703055616,Very High (>10%),4.51889009679091,11584.9491858277
USA,United States,North America,High,1998,1990,1.55227909874364,1.55227909874364,Low (<2%),4.48313335499124,45596.4306879224
VCT,St. Vincent and the Grenadines,Other,Unknown,1998,1990,2.1424064726839,2.1424064726839,Moderate (2-5%),4.0901949332585,4870.32086653059
VNM,Viet Nam,Asia,Lower Middle,1998,1990,7.26619804400963,7.26619804400963,High (5-10%),5.76445545848843,1110.1126773248
VUT,Vanuatu,Other,Unknown,1998,1990,3.28215987294863,3.28215987294863,Moderate (2-5%),1.17685436113624,3142.89632206241
WLD,World,Other,Unknown,1998,1990,5.09729149331442,5.09729149331442,High (5-10%),2.78125282205437,7478.78410824619
WSM,Samoa,Other,Unknown,1998,1990,2.21883468834654,2.21883468834654,Moderate (2-5%),2.19488971786478,2785.31171323751
YEM,"Yemen, Rep.",Other,Unknown,1998,1990,5.9765085214186,5.9765085214186,High (5-10%),6.00669459871877,2041.67107777046
ZAF,South Africa,Africa,Upper Middle,1998,1990,6.88054521037351,6.88054521037351,High (5-10%),0.50000000034143,4494.85711232358
ZMB,Zambia,Other,Unknown,1998,1990,24.4584563516656,24.4584563516656,Very High (>10%),-0.38574614579035,781.663383813883
ABW,Aruba,Other,Unknown,1999,1990,2.28037198258753,2.28037198258753,Moderate (2-5%),1.2380418420716,26384.8105935137
AFE,Africa Eastern and Southern,Other,Unknown,1999,1990,7.81986477630862,7.81986477630862,High (5-10%),2.63412269430596,1199.43029122354
AFW,Africa Western and Central,Other,Unknown,1999,1990,0.372266170311928,0.372266170311928,Low (<2%),1.51805422643328,1177.84021453424
AGO,Angola,Africa,Lower Middle,1999,1990,248.195902412868,180.13687701067877,Very High (>10%),2.18148971731765,2179.06426973197
ALB,Albania,Other,Unknown,1999,1990,0.389437653561628,0.389437653561628,Low (<2%),12.2507281968475,1841.80762760566
ARB,Arab World,Other,Unknown,1999,1990,2.66937369053701,2.66937369053701,Moderate (2-5%),2.77846596520513,4741.99153927008
ARM,Armenia,Other,Unknown,1999,1990,0.648245760470385,0.648245760470385,Low (<2%),3.30000000058166,1180.45341995952
ATG,Antigua and Barbuda,Other,Unknown,1999,1990,1.12128789571146,1.12128789571146,Low (<2%),3.70774594512658,15282.9733985907
AUS,Australia,Oceania,High,1999,1990,1.48313946657267,1.48313946657267,Low (<2%),5.02822035850596,44755.6599721318
AUT,Austria,Europe,High,1999,1990,0.568993765885531,0.568993765885531,Low (<2%),3.76192435190464,37468.8698869794
AZE,Azerbaijan,Other,Unknown,1999,1990,-8.52517000536063,-8.52517000536063,Low (<2%),7.40000129958564,1365.56585147028
BDI,Burundi,Other,Unknown,1999,1990,3.38542427340455,3.38542427340455,Moderate (2-5%),-1.00999999649815,272.030864788973
BEL,Belgium,Europe,High,1999,1990,1.12084823417847,1.12084823417847,Low (<2%),3.54271798823922,34676.6051555263
BEN,Benin,Other,Unknown,1999,1990,0.326722893396866,0.326722893396866,Low (<2%),5.34144937204417,838.976786975768
BFA,Burkina Faso,Other,Unknown,1999,1990,-1.07261362759534,-1.07261362759534,Low (<2%),7.39523780111931,433.104727597234
BGD,Bangladesh,Asia,Lower Middle,1999,1990,6.10669589841958,6.10669589841958,High (5-10%),4.67015636882111,600.232323162952
BGR,Bulgaria,Other,Unknown,1999,1990,2.57304281890212,2.57304281890212,Moderate (2-5%),-8.39608774026568,3537.52626953376
BHR,Bahrain,Middle East,High,1999,1990,-1.2875879718491,-1.2875879718491,Low (<2%),4.29999824426375,24773.8464104044
BHS,"Bahamas, The",Other,Unknown,1999,1990,1.2542482602363,1.2542482602363,Low (<2%),7.14410390677141,31544.3540604454
BLR,Belarus,Other,Unknown,1999,1990,293.678750889773,180.13687701067877,Very High (>10%),3.3999992040046,2460.36944195798
BLZ,Belize,Other,Unknown,1999,1990,2.62139524582746,2.62139524582746,Moderate (2-5%),9.42319471476534,5213.5662826521
BOL,Bolivia,South America,Upper Middle,1999,1990,2.15951626835598,2.15951626835598,Moderate (2-5%),0.426885378297442,1998.94533975051
BRA,Brazil,South America,Upper Middle,1999,1990,4.85844749902667,4.85844749902667,Moderate (2-5%),0.467937566477133,6621.63676249539
BRB,Barbados,Other,Unknown,1999,1990,1.56006240249605,1.56006240249605,Low (<2%),0.33465616730885,21189.4102394967
BRN,Brunei Darussalam,Other,Unknown,1999,1990,-0.415627597672454,-0.415627597672454,Low (<2%),4.26072216266995,37045.9342568638
BTN,Bhutan,Other,Unknown,1999,1990,6.77699393553632,6.77699393553632,High (5-10%),7.98397179406629,1248.61600842811
BWA,Botswana,Other,Unknown,1999,1990,7.74929619202848,7.74929619202848,High (5-10%),9.66724070276106,5070.94772048729
CAF,Central African Republic,Other,Unknown,1999,1990,-1.41420220082551,-1.41420220082551,Low (<2%),3.59997490432274,460.827900216085
CAN,Canada,North America,High,1999,1990,1.73484295105918,1.73484295105918,Low (<2%),5.14100348449622,36391.5718964607
CEB,Central Europe and the Baltics,Other,Unknown,1999,1990,4.01913875598084,4.01913875598084,Moderate (2-5%),1.90105290427461,7127.7236517367
CHE,Switzerland,Europe,High,1999,1990,0.806444380959459,0.806444380959459,Low (<2%),1.68007571116809,72713.7068420544
CHL,Chile,South America,High,1999,1990,3.33687917526023,3.33687917526023,Moderate (2-5%),-0.2736313981937,8161.45168872186
CHN,China,Asia,Upper Middle,1999,1990,-1.40147268276465,-1.40147268276465,Low (<2%),7.74123827728161,2076.93180259914
CIV,Cote d'Ivoire,Africa,Lower Middle,1999,1990,0.702375805955961,0.702375805955961,Low (<2%),1.16685998202273,1770.86540389357
CMR,Cameroon,Africa,Lower Middle,1999,1990,1.87174500672008,1.87174500672008,Low (<2%),4.51130422140731,1138.36298546565
COD,"Congo, Dem. Rep.",Other,Unknown,1999,1990,284.894975914087,180.13687701067877,Very High (>10%),-4.27014083054951,376.622893450888
COG,"Congo, Rep.",Other,Unknown,1999,1990,4.14267137284048,4.14267137284048,Moderate (2-5%),-2.58219935813743,1986.8478922289
COL,Colombia,South America,Upper Middle,1999,1990,10.8736870857471,10.8736870857471,Very High (>10%),-4.20401524244947,3967.11339937681
CPV,Cabo Verde,Other,Unknown,1999,1990,4.35643374510453,4.35643374510453,Moderate (2-5%),11.2226484455351,1809.80582624137
CRI,Costa Rica,Other,Unknown,1999,1990,10.0452817292494,10.0452817292494,Very High (>10%),4.147800457203,7589.29093683694
CSS,Caribbean small states,Other,Unknown,1999,1990,2.09072882416176,2.09072882416176,Moderate (2-5%),5.04316924724031,10160.4772174349
CYP,Cyprus,Other,Unknown,1999,1990,1.62999999999997,1.62999999999997,Low (<2%),4.99795469482918,21349.740234375
CZE,Czechia,Other,Unknown,1999,1990,2.1354484441733,2.1354484441733,Moderate (2-5%),1.37836060943835,12026.4688076608
DEU,Germany,Europe,High,1999,1990,0.585434192138622,0.585434192138622,Low (<2%),2.12957016297766,34168.8308210083
DMA,Dominica,Other,Unknown,1999,1990,1.17947787394175,1.17947787394175,Low (<2%),0.354077659205259,6687.23987711733
DNK,Denmark,Europe,High,1999,1990,2.49779544404529,2.49779544404529,Moderate (2-5%),2.96730536257029,47657.1731901716
DOM,Dominican Republic,Other,Unknown,1999,1990,6.47054186846928,6.47054186846928,High (5-10%),5.95651024999543,4004.19876842647
DZA,Algeria,Africa,Upper Middle,1999,1990,2.64551113392799,2.64551113392799,Moderate (2-5%),3.20000155319546,3471.49196276497
EAP,East Asia & Pacific (excluding high income),Other,Unknown,1999,1990,4.29072851723813,4.29072851723813,Moderate (2-5%),6.45424531750574,1999.39182044861
EAR,Early-demographic dividend,Other,Unknown,1999,1990,5.02344345094613,5.02344345094613,High (5-10%),2.2257369867976,2109.65288625475
EAS,East Asia & Pacific,Other,Unknown,1999,1990,1.98382427234186,1.98382427234186,Low (<2%),3.79107128028222,4857.35138350369
ECA,Europe & Central Asia (excluding high income),Other,Unknown,1999,1990,20.938173814012,20.938173814012,Very High (>10%),-1.11033911400912,3051.9938190309
ECS,Europe & Central Asia,Other,Unknown,1999,1990,2.36481836111805,2.36481836111805,Moderate (2-5%),2.90387193953893,17732.8079918976
ECU,Ecuador,South America,Upper Middle,1999,1990,52.2420051858225,52.2420051858225,Very High (>10%),-4.73938585363382,3979.19293611513
EGY,"Egypt, Arab Rep.",Africa,Lower Middle,1999,1990,3.07949912638332,3.07949912638332,Moderate (2-5%),6.05343878467555,2361.86425101369
EMU,Euro area,Other,Unknown,1999,1990,2.13476888806386,2.13476888806386,Moderate (2-5%),2.97156201295246,29139.536317049
ESP,Spain,Europe,High,1999,1990,2.31034813987063,2.31034813987063,Moderate (2-5%),4.40886545305924,23017.838771323
EST,Estonia,Other,Unknown,1999,1990,3.29611089718909,3.29611089718909,Moderate (2-5%),-0.425025372086623,9133.89593384355
ETH,Ethiopia,Africa,Low,1999,1990,7.94144864137325,7.94144864137325,High (5-10%),5.16214582255112,240.604711286049
EUU,European Union,Other,Unknown,1999,1990,2.1571791805505,2.1571791805505,Moderate (2-5%),3.00374383215321,25398.2989452523
FIN,Finland,Europe,High,1999,1990,1.16223155669441,1.16223155669441,Low (<2%),4.38928070374669,35886.4949080548
FJI,Fiji,Other,Unknown,1999,1990,1.96867366000919,1.96867366000919,Low (<2%),8.79999882804397,4073.37706349238
FRA,France,Europe,High,1999,1990,0.537141639134596,0.537141639134596,Low (<2%),3.39930808809441,32152.7207478734
GAB,Gabon,Other,Unknown,1999,1990,-1.93660397603626,-1.93660397603626,Low (<2%),-8.93262280230105,7944.64517936466
GBR,United Kingdom,Europe,High,1999,1990,1.7529508005142,1.7529508005142,Low (<2%),2.94445869854798,37730.7155591161
GEO,Georgia,Other,Unknown,1999,1990,19.1926758218895,19.1926758218895,Very High (>10%),2.86729567454968,1503.46298776734
GHA,Ghana,Africa,Unknown,1999,1990,4.86539785077528,4.86539785077528,Moderate (2-5%),4.39999682545296,1010.88194916348
GMB,"Gambia, The",Other,Unknown,1999,1990,3.8123720536602,3.8123720536602,Moderate (2-5%),6.39999905009302,642.873705091153
GNB,Guinea-Bissau,Other,Unknown,1999,1990,-2.08630513223527,-2.08630513223527,Low (<2%),16.8150212692905,576.330795296558
GNQ,Equatorial Guinea,Other,Unknown,1999,1990,0.372266170311928,0.372266170311928,Low (<2%),25.6640154410418,3423.12126162912
GRC,Greece,Europe,High,1999,1990,2.6366330602198,2.6366330602198,Moderate (2-5%),2.65878562321184,17358.4346978294
GRD,Grenada,Other,Unknown,1999,1990,0.577427638677119,0.577427638677119,Low (<2%),6.89836243368677,6409.14591451052
GTM,Guatemala,Other,Unknown,1999,1990,5.21361058601122,5.21361058601122,High (5-10%),3.8470621889051,3129.12226621472
GUY,Guyana,Other,Unknown,1999,1990,7.53821939851392,7.53821939851392,High (5-10%),2.96015180311224,3813.33057565798
HIC,High income,Other,Unknown,1999,1990,2.1354484441733,2.1354484441733,Moderate (2-5%),3.57326624250001,29154.3692579037
HKG,"Hong Kong SAR, China",Other,Unknown,1999,1990,-4.00943396226445,-4.00943396226445,Low (<2%),2.50671604844752,25237.6325695984
HND,Honduras,Other,Unknown,1999,1990,11.66374097913,11.66374097913,Very High (>10%),11.5758601448677,1677.77949157084
HPC,Heavily indebted poor countries (HIPC),Other,Unknown,1999,1990,3.59889816353237,3.59889816353237,Moderate (2-5%),3.47138287649969,678.826293380214
HRV,Croatia,Other,Unknown,1999,1990,4.01913875598084,4.01913875598084,Moderate (2-5%),-0.850447604002099,8541.53312242717
HTI,Haiti,Other,Unknown,1999,1990,3.00439421550734,3.00439421550734,Moderate (2-5%),2.71024801048499,1356.11344556059
HUN,Hungary,Other,Unknown,1999,1990,9.99774409303368,9.99774409303368,High (5-10%),3.08605811588221,8578.19506388065
IBD,IBRD only,Other,Unknown,1999,1990,5.01996827507182,5.01996827507182,High (5-10%),3.696814944591,2628.91861646535
IBT,IDA & IBRD total,Other,Unknown,1999,1990,4.46435467675891,4.46435467675891,Moderate (2-5%),3.63972796078467,2247.12559032262
IDA,IDA total,Other,Unknown,1999,1990,4.14267137284048,4.14267137284048,Moderate (2-5%),3.02965635268497,889.989738156118
IDB,IDA blend,Other,Unknown,1999,1990,3.82321751095557,3.82321751095557,Moderate (2-5%),2.0432956857952,1291.55958367106
IDN,Indonesia,Asia,Lower Middle,1999,1990,20.4778324428892,20.4778324428892,Very High (>10%),0.79112608199847,1767.51466729756
IDX,IDA only,Other,Unknown,1999,1990,4.69170563048438,4.69170563048438,Moderate (2-5%),4.10139181669547,676.053438385186
IND,India,Asia,Lower Middle,1999,1990,4.6698203803759,4.6698203803759,Moderate (2-5%),8.84575556114116,742.53920839812
IRL,Ireland,Europe,High,1999,1990,1.62988605221407,1.62988605221407,Low (<2%),10.5298856427062,39460.4758655009
IRN,"Iran, Islamic Rep.",Asia,Lower Middle,1999,1990,20.0707078146866,20.0707078146866,Very High (>10%),2.00269623253435,3725.31745828772
IRQ,Iraq,Middle East,Unknown,1999,1990,12.5777623393436,12.5777623393436,Very High (>10%),17.5801703743879,3691.74051342189
ISL,Iceland,Other,Unknown,1999,1990,3.23183260906471,3.23183260906471,Moderate (2-5%),3.89798762511016,42010.9376256893
ISR,Israel,Europe,High,1999,1990,5.18975459299983,5.18975459299983,High (5-10%),3.28835789304527,27809.7288829095
ITA,Italy,Europe,High,1999,1990,1.66345995007714,1.66345995007714,Low (<2%),1.67799157943422,31405.2609007683
JAM,Jamaica,Other,Unknown,1999,1990,5.95423949113006,5.95423949113006,High (5-10%),1.04767386709968,5187.99579646328
JOR,Jordan,Other,Unknown,1999,1990,0.606256567779427,0.606256567779427,Low (<2%),3.38953079405096,3648.60665235433
JPN,Japan,Asia,High,1999,1990,-0.341296928327554,-0.341296928327554,Low (<2%),-0.347600398675738,30911.9243180534
KAZ,Kazakhstan,Other,Unknown,1999,1990,8.29602765342564,8.29602765342564,High (5-10%),2.69999999784199,3899.65723139778
KEN,Kenya,Africa,Low,1999,1990,5.74200109520484,5.74200109520484,High (5-10%),2.30538859522412,1224.63404639886
KGZ,Kyrgyz Republic,Other,Unknown,1999,1990,37.0309258369344,37.0309258369344,Very High (>10%),3.655789399748,689.414278205464
KHM,Cambodia,Other,Unknown,1999,1990,4.00820702088782,4.00820702088782,Moderate (2-5%),12.7053811380498,552.901492232643
KNA,St. Kitts and Nevis,Other,Unknown,1999,1990,3.36303630363045,3.36303630363045,Moderate (2-5%),3.21988642181456,12942.857504219
KOR,"Korea, Rep.",Asia,High,1999,1990,0.81295725444637,0.81295725444637,Low (<2%),11.6172629559591,16402.9168341094
KWT,Kuwait,Middle East,High,1999,1990,2.99081035923166,2.99081035923166,Moderate (2-5%),-1.78900912450079,30798.0947114833
LAC,Latin America & Caribbean (excluding high income),Other,Unknown,1999,1990,4.85844749902667,4.85844749902667,Moderate (2-5%),0.331534013817247,6305.85375785725
LAO,Lao PDR,Other,Unknown,1999,1990,125.27212839928,125.27212839928,Very High (>10%),7.30637607138169,881.634129609675
LBY,Libya,Other,Unknown,1999,1990,2.64862252295822,2.64862252295822,Moderate (2-5%),0.749659257603952,10643.1452796026
LCA,St. Lucia,Other,Unknown,1999,1990,3.50379784108942,3.50379784108942,Moderate (2-5%),2.67060351127419,9306.76032489833
LCN,Latin America & Caribbean,Other,Unknown,1999,1990,3.45439793587508,3.45439793587508,Moderate (2-5%),0.535444486342413,6601.9586547179
LDC,Least developed countries: UN classification,Other,Unknown,1999,1990,4.92577256142324,4.92577256142324,Moderate (2-5%),4.0186087696833,627.454384518701
LIC,Low income,Other,Unknown,1999,1990,3.38542427340455,3.38542427340455,Moderate (2-5%),2.56474771916146,600.069171284173
LKA,Sri Lanka,Asia,Lower Middle,1999,1990,4.69170563048438,4.69170563048438,Moderate (2-5%),4.30054049813373,1880.10677681974
LMC,Lower middle income,Other,Unknown,1999,1990,5.20489482723138,5.20489482723138,High (5-10%),5.04250457099371,988.585591140109
LMY,Low & middle income,Other,Unknown,1999,1990,4.6698203803759,4.6698203803759,Moderate (2-5%),3.5979137957907,2071.12473717276
LTE,Late-demographic dividend,Other,Unknown,1999,1990,3.3880075420401,3.3880075420401,Moderate (2-5%),4.66487397415709,3264.69765097606
LTU,Lithuania,Other,Unknown,1999,1990,0.727550626557424,0.727550626557424,Low (<2%),-1.09700818020993,6129.99843995634
LUX,Luxembourg,Other,Unknown,1999,1990,1.02519676474926,1.02519676474926,Low (<2%),8.17613777063244,87700.5125529005
LVA,Latvia,Other,Unknown,1999,1990,2.36481836111805,2.36481836111805,Moderate (2-5%),2.81840455944993,5929.26767237825
MAC,"Macao SAR, China",Other,Unknown,1999,1990,-3.20416248186587,-3.20416248186587,Low (<2%),-2.35859213250518,30270.8085696141
MAR,Morocco,Africa,Lower Middle,1999,1990,0.684782608695643,0.684782608695643,Low (<2%),1.6970614772566,1935.47875976563
MDA,Moldova,Other,Unknown,1999,1990,39.2559806891747,39.2559806891747,Very High (>10%),-3.36825447657218,1316.43254916007
MDG,Madagascar,Other,Unknown,1999,1990,9.92953399348781,9.92953399348781,High (5-10%),4.69922703680521,460.034389996571
MDV,Maldives,Other,Unknown,1999,1990,2.95370836069129,2.95370836069129,Moderate (2-5%),6.17565592929535,6889.01246088686
MEA,"Middle East, North Africa, Afghanistan & Pakistan",Other,Unknown,1999,1990,2.66937369053701,2.66937369053701,Moderate (2-5%),2.78914993222759,3860.77788027913
MEX,Mexico,North America,Upper Middle,1999,1990,16.5856169707538,16.5856169707538,Very High (>10%),2.75503039300564,9264.977292523
MIC,Middle income,Other,Unknown,1999,1990,4.77507656475552,4.77507656475552,Moderate (2-5%),3.61889710370858,2195.88391047029
MKD,North Macedonia,Other,Unknown,1999,1990,-1.27928657572628,-1.27928657572628,Low (<2%),4.33902791307588,3154.84918240006
MLI,Mali,Other,Unknown,1999,1990,-1.20190368637502,-1.20190368637502,Low (<2%),4.70587926200665,707.881746305403
MLT,Malta,Other,Unknown,1999,1990,2.13476888806386,2.13476888806386,Moderate (2-5%),4.71997491081015,14446.3492424862
MMR,Myanmar,Other,Unknown,1999,1990,18.4010433741609,18.4010433741609,Very High (>10%),10.9451299817104,265.455335144782
MNA,"Middle East, North Africa, Afghanistan & Pakistan (excluding high income)",Other,Unknown,1999,1990,2.88481199224956,2.88481199224956,Moderate (2-5%),4.21293330158569,2248.28257970597
MNG,Mongolia,Other,Unknown,1999,1990,7.56494150307377,7.56494150307377,High (5-10%),3.07036901086266,1601.31353865438
MRT,Mauritania,Other,Unknown,1999,1990,4.07417613596754,4.07417613596754,Moderate (2-5%),3.67317832322402,1399.6677525752
MUS,Mauritius,Other,Unknown,1999,1990,6.90914624866773,6.90914624866773,High (5-10%),2.61093234412995,5342.7700968418
MWI,Malawi,Other,Low,1999,1990,44.8041642861674,44.8041642861674,Very High (>10%),3.04227813671855,422.099909963762
MYS,Malaysia,Asia,Upper Middle,1999,1990,2.74456130240604,2.74456130240604,Moderate (2-5%),6.13761201057692,6070.95621987091
NAC,North America,Other,Unknown,1999,1990,1.96143507401638,1.96143507401638,Low (<2%),4.81501743546096,46179.801663087
NER,Niger,Other,Unknown,1999,1990,-2.30212503849648,-2.30212503849648,Low (<2%),-0.2195625179166,411.735699209485
NGA,Nigeria,Africa,Low,1999,1990,6.61837339479756,6.61837339479756,High (5-10%),0.584126892882125,1390.4692113901
NLD,Netherlands,Europe,High,1999,1990,2.1571791805505,2.1571791805505,Moderate (2-5%),5.04334216651563,39298.7167162926
NOR,Norway,Europe,High,1999,1990,2.36596736596733,2.36596736596733,Moderate (2-5%),2.18261230296261,65786.3001204135
NPL,Nepal,Asia,Lower Middle,1999,1990,7.45111260957546,7.45111260957546,High (5-10%),4.41257328041399,524.27256909301
NZL,New Zealand,Oceania,High,1999,1990,-0.114267129777524,-0.114267129777524,Low (<2%),5.38315295474565,30155.9191339983
OED,OECD members,Other,Unknown,1999,1990,2.17260318876204,2.17260318876204,Moderate (2-5%),3.44131500771996,29680.7778292633
OSS,Other small states,Other,Unknown,1999,1990,3.82627232114681,3.82627232114681,Moderate (2-5%),2.59592311164876,7801.27744197967
PAK,Pakistan,Asia,Lower Middle,1999,1990,4.14263718082171,4.14263718082171,Moderate (2-5%),3.66013273943236,1035.49888206288
PAN,Panama,Other,Unknown,1999,1990,1.24718256949635,1.24718256949635,Low (<2%),5.21164584606353,6709.72276088415
PER,Peru,South America,Upper Middle,1999,1990,3.46965996293019,3.46965996293019,Moderate (2-5%),1.49491064308833,3250.37802318947
PHL,Philippines,Asia,Lower Middle,1999,1990,5.93904901780808,5.93904901780808,High (5-10%),3.34645118398267,1759.42105225652
PNG,Papua New Guinea,Other,Unknown,1999,1990,14.9321817407701,14.9321817407701,Very High (>10%),1.85555399408817,2112.0950973955
POL,Poland,Europe,Unknown,1999,1990,7.15407291179853,7.15407291179853,High (5-10%),4.69918479192557,6998.79475144289
PRE,Pre-demographic dividend,Other,Unknown,1999,1990,3.8123720536602,3.8123720536602,Moderate (2-5%),4.20952887369339,1053.14622813268
PRT,Portugal,Europe,High,1999,1990,2.34009490312169,2.34009490312169,Moderate (2-5%),3.90657779623113,18258.0911720943
PRY,Paraguay,South America,Upper Middle,1999,1990,6.75226586102725,6.75226586102725,High (5-10%),-1.36607971240079,4252.49065726668
PSE,West Bank and Gaza,Other,Unknown,1999,1990,5.54439180368747,5.54439180368747,High (5-10%),8.28059145094657,2732.87293952355
PST,Post-demographic dividend,Other,Unknown,1999,1990,1.6117611762866,1.6117611762866,Low (<2%),3.54182074768295,33162.2292971316
QAT,Qatar,Middle East,High,1999,1990,2.18170320404723,2.18170320404723,Moderate (2-5%),4.28406436325426,53562.7696068249
ROU,Romania,Other,Unknown,1999,1990,45.8037811326363,45.8037811326363,Very High (>10%),-0.376660705758994,4453.78126046181
RUS,Russian Federation,Europe,Upper Middle,1999,1990,85.7464940960636,85.7464940960636,Very High (>10%),6.39991469144101,4819.38037109375
RWA,Rwanda,Other,Low,1999,1990,-2.40593209742259,-2.40593209742259,Low (<2%),4.35188831823314,307.99726200079
SAS,South Asia,Other,Unknown,1999,1990,5.39920076445198,5.39920076445198,High (5-10%),8.20855528519759,742.115275298079
SAU,Saudi Arabia,Asia,High,1999,1990,-1.33375489653896,-1.33375489653896,Low (<2%),-0.633393640920247,22214.4256445476
SDN,Sudan,Other,Unknown,1999,1990,17.1664454201761,17.1664454201761,Very High (>10%),3.10409561549652,1074.88098144531
SEN,Senegal,Other,Unknown,1999,1990,0.827250608272497,0.827250608272497,Low (<2%),6.28330825030987,1033.76396461633
SGP,Singapore,Asia,High,1999,1990,0.0167098337370727,0.0167098337370727,Low (<2%),5.71837175710837,32557.0469904063
SLB,Solomon Islands,Other,Unknown,1999,1990,8.02036839296841,8.02036839296841,High (5-10%),-0.485730372778804,2086.00899568939
SLV,El Salvador,Other,Unknown,1999,1990,0.514827130192979,0.514827130192979,Low (<2%),2.16203373722973,2946.4330235012
SRB,Serbia,Other,Unknown,1999,1990,42.4539054642972,42.4539054642972,Very High (>10%),-10.3255055897713,3329.4517344386
SSA,Sub-Saharan Africa (excluding high income),Other,Unknown,1999,1990,4.24955255897251,4.24955255897251,Moderate (2-5%),2.17901438370254,1188.54612304854
SSF,Sub-Saharan Africa,Other,Unknown,1999,1990,4.35643374510453,4.35643374510453,Moderate (2-5%),2.17865301194801,1189.78158389521
SST,Small states,Other,Unknown,1999,1990,3.23183260906471,3.23183260906471,Moderate (2-5%),3.47625456025375,7814.13390268946
STP,Sao Tome and Principe,Other,Unknown,1999,1990,12.7251770130085,12.7251770130085,Very High (>10%),2.50000625631461,966.2268289095
SUR,Suriname,Other,Unknown,1999,1990,98.7730914112164,98.7730914112164,Very High (>10%),-1.4000004700581,6127.31035739875
SVK,Slovak Republic,Other,Unknown,1999,1990,10.5704416075224,10.5704416075224,Very High (>10%),-0.473261209621114,8914.68326467255
SVN,Slovenia,Other,Unknown,1999,1990,6.1555875445156,6.1555875445156,High (5-10%),5.26800700427259,15646.6885879812
SWE,Sweden,Europe,High,1999,1990,0.462175756339138,0.462175756339138,Low (<2%),4.20111929805536,39786.0271902555
SWZ,Eswatini,Other,Unknown,1999,1990,6.08886063431493,6.08886063431493,High (5-10%),2.95087537020716,2256.76912984402
SYC,Seychelles,Other,Unknown,1999,1990,6.34730538922156,6.34730538922156,High (5-10%),1.87200510893879,11326.9386083063
SYR,Syrian Arab Republic,Other,Unknown,1999,1990,-3.70370370370365,-3.70370370370365,Low (<2%),-3.55344987109004,1271.32082241485
TCD,Chad,Other,Unknown,1999,1990,-8.02505962727454,-8.02505962727454,Low (<2%),-0.68285022143975,554.148900751381
TEA,East Asia & Pacific (IDA & IBRD countries),Other,Unknown,1999,1990,4.29072851723813,4.29072851723813,Moderate (2-5%),6.45307927178109,2023.42082138268
TEC,Europe & Central Asia (IDA & IBRD countries),Other,Unknown,1999,1990,19.1926758218895,19.1926758218895,Very High (>10%),2.49400473409132,4130.40464657393
TGO,Togo,Other,Unknown,1999,1990,-0.0532136248823534,-0.0532136248823534,Low (<2%),2.48175143834959,754.520837025414
THA,Thailand,Asia,Upper Middle,1999,1990,0.284726459223048,0.284726459223048,Low (<2%),4.57230775115542,3403.08737356896
TLA,Latin America & the Caribbean (IDA & IBRD countries),Other,Unknown,1999,1990,3.48672890200981,3.48672890200981,Moderate (2-5%),0.305620935709669,6476.33939338891
TMN,"Middle East, North Africa, Afghanistan & Pakistan (IDA & IBRD)",Other,Unknown,1999,1990,2.6901248581158,2.6901248581158,Moderate (2-5%),4.18256182593831,2245.20163627688
TON,Tonga,Other,Unknown,1999,1990,4.46435467675891,4.46435467675891,Moderate (2-5%),2.30246259770198,3749.82348312358
TSA,South Asia (IDA & IBRD),Other,Unknown,1999,1990,5.39920076445198,5.39920076445198,High (5-10%),8.20855528519759,742.115275298079
TSS,Sub-Saharan Africa (IDA & IBRD countries),Other,Unknown,1999,1990,4.35643374510453,4.35643374510453,Moderate (2-5%),2.17865301194801,1189.78158389521
TTO,Trinidad and Tobago,Other,Unknown,1999,1990,3.43913590881996,3.43913590881996,Moderate (2-5%),8.02481764350063,9412.08108378445
TUN,Tunisia,Africa,Upper Middle,1999,1990,2.6901248581158,2.6901248581158,Moderate (2-5%),6.05463447898158,2766.57007135231
TUR,Turkiye,Europe,Upper Middle,1999,1990,64.8674876350757,64.8674876350757,Very High (>10%),-3.05277055759434,5989.55700860592
TZA,Tanzania,Other,Low,1999,1990,7.89043336058877,7.89043336058877,High (5-10%),4.86386375362282,546.605529785156
UGA,Uganda,Other,Low,1999,1990,5.77736898687895,5.77736898687895,High (5-10%),8.05394837724197,509.455395054388
UKR,Ukraine,Other,Unknown,1999,1990,22.6836718061345,22.6836718061345,Very High (>10%),-0.200000000106499,1319.533203125
UMC,Upper middle income,Other,Unknown,1999,1990,4.57803015362164,4.57803015362164,Moderate (2-5%),3.27878035556444,3122.75324301312
URY,Uruguay,South America,High,1999,1990,5.65868803927908,5.65868803927908,High (5-10%),-1.52094591992036,11357.0866859804
USA,United States,North America,High,1999,1990,2.18802719697358,2.18802719697358,Moderate (2-5%),4.78842504836746,47234.2455290381
VCT,St. Vincent and the Grenadines,Other,Unknown,1999,1990,1.01355044438875,1.01355044438875,Low (<2%),2.71031071289156,4994.11436770598
VNM,Viet Nam,Asia,Lower Middle,1999,1990,4.11710235771736,4.11710235771736,Moderate (2-5%),4.77358688344989,1148.04465210832
VUT,Vanuatu,Other,Unknown,1999,1990,1.99897488467452,1.99897488467452,Low (<2%),0.337293221894271,3088.79816363894
WLD,World,Other,Unknown,1999,1990,3.04194667094533,3.04194667094533,Moderate (2-5%),3.57856819120765,7638.92854068848
WSM,Samoa,Other,Unknown,1999,1990,0.265120132560355,0.265120132560355,Low (<2%),2.18543437397388,2824.55330392791
YEM,"Yemen, Rep.",Other,Unknown,1999,1990,8.66021949364346,8.66021949364346,High (5-10%),3.77553049612634,2053.79786274001
ZAF,South Africa,Africa,Upper Middle,1999,1990,5.18148905111697,5.18148905111697,High (5-10%),2.39999999746338,4552.85007973031
ZMB,Zambia,Other,Unknown,1999,1990,26.7876966790029,26.7876966790029,Very High (>10%),4.6501897463741,796.377985981253
ABW,Aruba,Other,Unknown,2000,2000,4.04402131190512,4.04402131190512,Moderate (2-5%),7.62292064930222,28104.8954362859
AFE,Africa Eastern and Southern,Other,Unknown,2000,2000,8.60148514851491,8.60148514851491,High (5-10%),3.18094735686691,1205.87666437284
AFW,Africa Western and Central,Other,Unknown,2000,2000,2.53077516737997,2.53077516737997,Moderate (2-5%),3.81194290088693,1189.60989480741
AGO,Angola,Africa,Lower Middle,2000,2000,324.996871601321,180.13687701067877,Very High (>10%),3.05462423452938,2172.46326718726
ALB,Albania,Other,Unknown,2000,2000,0.0500181363468103,0.0500181363468103,Low (<2%),7.46285871776054,1991.91435867116
ARB,Arab World,Other,Unknown,2000,2000,1.85379035325277,1.85379035325277,Low (<2%),6.33619144275903,4922.11520199761
ARM,Armenia,Other,Unknown,2000,2000,-0.790883768934757,-0.790883768934757,Low (<2%),5.90000000312092,1229.21510436102
ATG,Antigua and Barbuda,Other,Unknown,2000,2000,0.77177979690018,0.77177979690018,Low (<2%),6.20355212555867,15961.0918359058
AUS,Australia,Oceania,High,2000,2000,4.45743705920869,4.45743705920869,Moderate (2-5%),3.9160574881715,45979.0765654048
AUT,Austria,Europe,High,2000,2000,2.34486285357281,2.34486285357281,Moderate (2-5%),3.18952292988787,38571.0858780001
AZE,Azerbaijan,Other,Unknown,2000,2000,1.80500303704356,1.80500303704356,Low (<2%),11.0999991434346,1504.73106706035
BDI,Burundi,Other,Unknown,2000,2000,24.4320242102151,24.4320242102151,Very High (>10%),-0.856864058424151,264.154407180223
BEL,Belgium,Europe,High,2000,2000,2.544517761909,2.544517761909,Moderate (2-5%),3.71670510672588,35878.3153586195
BEN,Benin,Other,Unknown,2000,2000,4.16540442290283,4.16540442290283,Moderate (2-5%),5.85771420543269,861.213292013209
BFA,Burkina Faso,Other,Unknown,2000,2000,-0.304212168486803,-0.304212168486803,Low (<2%),1.88847388906525,428.309796566198
BGD,Bangladesh,Asia,Lower Middle,2000,2000,2.20825620937535,2.20825620937535,Moderate (2-5%),5.29329471892532,620.560472822105
BGR,Bulgaria,Other,Unknown,2000,2000,10.3162621289989,10.3162621289989,Very High (>10%),4.58722553234129,3718.11895993863
BHR,Bahrain,Middle East,High,2000,2000,-0.70485295309079,-0.70485295309079,Low (<2%),5.30006940305884,25407.9694054552
BHS,"Bahamas, The",Other,Unknown,2000,2000,1.60632941740579,1.60632941740579,Low (<2%),4.14841930754267,32424.7271786716
BLR,Belarus,Other,Unknown,2000,2000,168.620235850933,168.620235850933,Very High (>10%),5.80000327485702,2615.36376799462
BLZ,Belize,Other,Unknown,2000,2000,3.06743966930585,3.06743966930585,Moderate (2-5%),12.2406120663359,5663.64632374973
BOL,Bolivia,South America,Upper Middle,2000,2000,4.60822998872598,4.60822998872598,Moderate (2-5%),2.50781081484664,2014.19024634132
BRA,Brazil,South America,Upper Middle,2000,2000,7.04414105947266,7.04414105947266,High (5-10%),4.38794944745618,6817.784240857
BRB,Barbados,Other,Unknown,2000,2000,2.43581303489138,2.43581303489138,Moderate (2-5%),4.44718949183194,22170.0846712974
BRN,Brunei Darussalam,Other,Unknown,2000,2000,1.55815247634946,1.55815247634946,Low (<2%),3.47467627672586,37509.5983847742
BTN,Bhutan,Other,Unknown,2000,2000,4.01212081070342,4.01212081070342,Moderate (2-5%),3.35506838174288,1259.6237645235
BWA,Botswana,Other,Unknown,2000,2000,8.60148514851491,8.60148514851491,High (5-10%),1.98769583378552,5062.64289173588
CAF,Central African Republic,Other,Unknown,2000,2000,3.20340091563112,3.20340091563112,Moderate (2-5%),-2.48943244028874,437.168928414826
CAN,Canada,North America,High,2000,2000,2.71943995691976,2.71943995691976,Moderate (2-5%),5.13853918994158,37906.89821012
CEB,Central Europe and the Baltics,Other,Unknown,2000,2000,8.91174418658757,8.91174418658757,High (5-10%),3.94617050688508,7450.88371486209
CHE,Switzerland,Europe,High,2000,2000,1.55852919679008,1.55852919679008,Low (<2%),3.63321673470911,74933.2770077552
CHL,Chile,South America,High,2000,2000,3.84327295706565,3.84327295706565,Moderate (2-5%),4.9716214882971,8465.35303258864
CHN,China,Asia,Upper Middle,2000,2000,0.347811226864587,0.347811226864587,Low (<2%),8.57357328926101,2237.30047918692
CIV,Cote d'Ivoire,Africa,Lower Middle,2000,2000,2.53077516737997,2.53077516737997,Moderate (2-5%),-0.265789462275947,1717.95385651231
CMR,Cameroon,Africa,Lower Middle,2000,2000,1.22719012976132,1.22719012976132,Low (<2%),3.83241779430614,1151.27689302947
COD,"Congo, Dem. Rep.",Other,Unknown,2000,2000,513.906843747535,180.13687701067877,Very High (>10%),-6.91092731714194,339.52682222416
COG,"Congo, Rep.",Other,Unknown,2000,2000,-0.881991517025431,-0.881991517025431,Low (<2%),7.5759803952642,2057.01922023551
COL,Colombia,South America,Upper Middle,2000,2000,9.22534818585366,9.22534818585366,High (5-10%),2.92486148176778,4016.80951748167
CPV,Cabo Verde,Other,Unknown,2000,2000,-2.47745668519835,-2.47745668519835,Low (<2%),14.2848688450919,2037.31720912714
CRI,Costa Rica,Other,Unknown,2000,2000,10.9615496593622,10.9615496593622,Very High (>10%),3.80207210664838,7726.51985617467
CSS,Caribbean small states,Other,Unknown,2000,2000,2.3088156083548,2.3088156083548,Moderate (2-5%),4.6905109207957,10553.7062607061
CYP,Cyprus,Other,Unknown,2000,2000,4.14165764702055,4.14165764702055,Moderate (2-5%),5.96530445494226,22383.955078125
CZE,Czechia,Other,Unknown,2000,2000,3.77538829151729,3.77538829151729,Moderate (2-5%),4.010669619984,12543.9364342367
DEU,Germany,Europe,High,2000,2000,1.44026838719741,1.44026838719741,Low (<2%),2.8765231247659,35104.1308467844
DMA,Dominica,Other,Unknown,2000,2000,0.856946805358483,0.856946805358483,Low (<2%),2.3402193777688,6879.59737273918
DNK,Denmark,Europe,High,2000,2000,2.90328203236461,2.90328203236461,Moderate (2-5%),3.72400899471576,49266.9882757886
DOM,Dominican Republic,Other,Unknown,2000,2000,7.72413566181616,7.72413566181616,High (5-10%),4.65172550299128,4123.10573163115
DZA,Algeria,Africa,Upper Middle,2000,2000,0.339163189071768,0.339163189071768,Low (<2%),3.80000000158476,3553.32420521991
EAP,East Asia & Pacific (excluding high income),Other,Unknown,2000,2000,2.15851810619419,2.15851810619419,Moderate (2-5%),7.71948073910235,2132.32908980814
EAR,Early-demographic dividend,Other,Unknown,2000,2000,3.89952980284712,3.89952980284712,Moderate (2-5%),4.36510343272212,2160.74346407508
EAS,East Asia & Pacific,Other,Unknown,2000,2000,1.59196917460972,1.59196917460972,Low (<2%),5.53250269527052,5077.98492597409
ECA,Europe & Central Asia (excluding high income),Other,Unknown,2000,2000,15.9408124351877,15.9408124351877,Very High (>10%),6.7961142740299,3245.88534647866
ECS,Europe & Central Asia,Other,Unknown,2000,2000,3.77538829151729,3.77538829151729,Moderate (2-5%),4.39968133524387,18489.7723627187
ECU,Ecuador,South America,Upper Middle,2000,2000,96.0963756926096,96.0963756926096,Very High (>10%),1.09180164720277,3953.39879728357
EGY,"Egypt, Arab Rep.",Africa,Lower Middle,2000,2000,2.68380535348546,2.68380535348546,Moderate (2-5%),6.37000382991766,2458.60835003154
EMU,Euro area,Other,Unknown,2000,2000,3.04210080667792,3.04210080667792,Moderate (2-5%),3.90347314568078,30189.3008380116
ESP,Spain,Europe,High,2000,2000,3.43351563418764,3.43351563418764,Moderate (2-5%),5.20064125553942,24106.8818529374
EST,Estonia,Other,Unknown,2000,2000,4.01848952508763,4.01848952508763,Moderate (2-5%),10.0876385800462,10006.7696280939
ETH,Ethiopia,Africa,Low,2000,2000,0.662458109266482,0.662458109266482,Low (<2%),6.07321748125295,247.505413659694
EUU,European Union,Other,Unknown,2000,2000,3.15076707022596,3.15076707022596,Moderate (2-5%),3.93358559614036,26365.8085370636
FIN,Finland,Europe,High,2000,2000,3.04210080667792,3.04210080667792,Moderate (2-5%),5.75373770498848,37872.6020343504
FJI,Fiji,Other,Unknown,2000,2000,1.09216459977388,1.09216459977388,Low (<2%),-1.69999776168213,3960.88903458193
FRA,France,Europe,High,2000,2000,1.67595988720928,1.67595988720928,Low (<2%),4.14099996402915,33255.1379642335
FSM,"Micronesia, Fed. Sts.",Other,Unknown,2000,2000,2.15851810619419,2.15851810619419,Moderate (2-5%),4.62454546471687,2735.1956569283
GAB,Gabon,Other,Unknown,2000,2000,0.504920025834859,0.504920025834859,Low (<2%),-1.88296639760897,7596.09970650519
GBR,United Kingdom,Europe,High,2000,2000,1.18295624210408,1.18295624210408,Low (<2%),4.52438074810904,39297.1366317267
GEO,Georgia,Other,Unknown,2000,2000,4.06396201382596,4.06396201382596,Moderate (2-5%),1.84038117927339,1561.19867638847
GHA,Ghana,Africa,Unknown,2000,2000,40.240933123914,40.240933123914,Very High (>10%),3.70000008164408,1022.27520714566
GMB,"Gambia, The",Other,Unknown,2000,2000,0.8449695667737,0.8449695667737,Low (<2%),5.50000021632955,659.911237641141
GNB,Guinea-Bissau,Other,Unknown,2000,2000,8.63632094930278,8.63632094930278,High (5-10%),1.10027815777423,571.094015178625
GNQ,Equatorial Guinea,Other,Unknown,2000,2000,4.80228886901398,4.80228886901398,Moderate (2-5%),18.2137799569674,3839.08642737128
GRC,Greece,Europe,High,2000,2000,3.1511816249383,3.1511816249383,Moderate (2-5%),4.13782699405849,18002.9064613985
GRD,Grenada,Other,Unknown,2000,2000,2.18181818181821,2.18181818181821,Moderate (2-5%),4.88795213650562,6677.1265230922
GTM,Guatemala,Other,Unknown,2000,2000,5.97757734737136,5.97757734737136,High (5-10%),3.6088687174876,3165.933886028
GUY,Guyana,Other,Unknown,2000,2000,6.14854333024872,6.14854333024872,High (5-10%),-1.36380390261873,3759.60789699989
HIC,High income,Other,Unknown,2000,2000,2.71943995691976,2.71943995691976,Moderate (2-5%),4.29688509034949,30253.8409167376
HKG,"Hong Kong SAR, China",Other,Unknown,2000,2000,-3.68550368550369,-3.68550368550369,Low (<2%),7.66344398397743,26933.2130754703
HND,Honduras,Other,Unknown,2000,2000,11.0480349344976,11.0480349344976,Very High (>10%),9.61221879337278,1789.47798512637
HPC,Heavily indebted poor countries (HIPC),Other,Unknown,2000,2000,4.16540442290283,4.16540442290283,Moderate (2-5%),2.87546253463213,679.661916317719
HRV,Croatia,Other,Unknown,2000,2000,4.61131554737801,4.61131554737801,Moderate (2-5%),2.94765913375998,8880.47789126428
HTI,Haiti,Other,Unknown,2000,2000,9.33322197565603,9.33322197565603,High (5-10%),0.870059259424892,1342.89490450523
HUN,Hungary,Other,Unknown,2000,2000,9.80361016908125,9.80361016908125,High (5-10%),4.40937501806403,8979.73578602949
IBD,IBRD only,Other,Unknown,2000,2000,4.68757013735526,4.68757013735526,Moderate (2-5%),5.91015942330233,2750.17686745674
IBT,IDA & IBRD total,Other,Unknown,2000,2000,4.18234633956545,4.18234633956545,Moderate (2-5%),5.74178772143685,2340.82875174853
IDA,IDA total,Other,Unknown,2000,2000,3.86106534185509,3.86106534185509,Moderate (2-5%),3.93079800607958,902.727878479473
IDB,IDA blend,Other,Unknown,2000,2000,2.79910741834291,2.79910741834291,Moderate (2-5%),3.52567030243445,1302.79173205587
IDN,Indonesia,Asia,Lower Middle,2000,2000,3.68862037056682,3.68862037056682,Moderate (2-5%),4.9200677470169,1828.10265968361
IDX,IDA only,Other,Unknown,2000,2000,4.08876261680312,4.08876261680312,Moderate (2-5%),4.36228900362401,689.180790229207
IND,India,Asia,Lower Middle,2000,2000,4.0094359104519,4.0094359104519,Moderate (2-5%),3.84099115686554,756.704109533187
IRL,Ireland,Europe,High,2000,2000,5.57763269940387,5.57763269940387,High (5-10%),9.40352476399653,42599.4803921319
IRN,"Iran, Islamic Rep.",Asia,Lower Middle,2000,2000,14.4767513188567,14.4767513188567,Very High (>10%),5.84552747578209,3885.30183360649
IRQ,Iraq,Middle East,Unknown,2000,2000,4.97896213183731,4.97896213183731,Moderate (2-5%),16.7961344439661,4172.78025105244
ISL,Iceland,Other,Unknown,2000,2000,5.13647123245144,5.13647123245144,High (5-10%),4.90518213950493,43472.3369951306
ISR,Israel,Europe,High,2000,2000,1.03263640999489,1.03263640999489,Low (<2%),8.59152200608253,29411.4999428787
ITA,Italy,Europe,High,2000,2000,2.53768532095002,2.53768532095002,Moderate (2-5%),3.88209885062652,32609.66746283
JAM,Jamaica,Other,Unknown,2000,2000,8.17108356120225,8.17108356120225,High (5-10%),0.87870355044231,5197.39692210665
JOR,Jordan,Other,Unknown,2000,2000,0.66688092559796,0.66688092559796,Low (<2%),4.24571192079151,3725.49544709257
JPN,Japan,Asia,High,2000,2000,-0.676578683595175,-0.676578683595175,Low (<2%),2.97832688768516,31779.3788459032
KAZ,Kazakhstan,Other,Unknown,2000,2000,13.1808905865731,13.1808905865731,Very High (>10%),9.80000000214156,4269.33016782791
KEN,Kenya,Africa,Low,2000,2000,9.98002515350979,9.98002515350979,High (5-10%),0.599695390807426,1195.41296851656
KGZ,Kyrgyz Republic,Other,Unknown,2000,2000,18.7007342838023,18.7007342838023,Very High (>10%),5.44333663288322,718.342832397662
KHM,Cambodia,Other,Unknown,2000,2000,-0.791992529473567,-0.791992529473567,Low (<2%),9.99358032292079,598.561915252147
KNA,St. Kitts and Nevis,Other,Unknown,2000,2000,2.14885532743696,2.14885532743696,Moderate (2-5%),10.042808415173,14039.0281125333
KOR,"Korea, Rep.",Asia,High,2000,2000,2.25916580080157,2.25916580080157,Moderate (2-5%),9.2018583880479,17763.1353417297
KWT,Kuwait,Middle East,High,2000,2000,1.81294613887089,1.81294613887089,Low (<2%),4.69458187079211,31341.9780819419
LAC,Latin America & Caribbean (excluding high income),Other,Unknown,2000,2000,7.05702729099891,7.05702729099891,High (5-10%),3.62342322715857,6437.96110048513
LAO,Lao PDR,Other,Unknown,2000,2000,25.0846414281315,25.0846414281315,Very High (>10%),5.79878232861959,917.228038617529
LBY,Libya,Other,Unknown,2000,2000,-2.90000000000024,-2.90000000000024,Low (<2%),3.6792704082,10853.8059516526
LCA,St. Lucia,Other,Unknown,2000,2000,3.7107860871361,3.7107860871361,Moderate (2-5%),0.0487485535201131,9198.93894352203
LCN,Latin America & Caribbean,Other,Unknown,2000,2000,4.60822998872598,4.60822998872598,Moderate (2-5%),3.62290324933474,6741.98165315129
LDC,Least developed countries: UN classification,Other,Unknown,2000,2000,3.89952980284712,3.89952980284712,Moderate (2-5%),4.27162166008603,638.717166705897
LIC,Low income,Other,Unknown,2000,2000,3.82260088086306,3.82260088086306,Moderate (2-5%),3.16154587166466,602.574094429821
LKA,Sri Lanka,Asia,Lower Middle,2000,2000,6.17627591012045,6.17627591012045,High (5-10%),6.00003315828934,1956.93310021177
LMC,Lower middle income,Other,Unknown,2000,2000,4.26603446790982,4.26603446790982,Moderate (2-5%),4.00456052600455,1007.37198688175
LMY,Low & middle income,Other,Unknown,2000,2000,4.03804141226469,4.03804141226469,Moderate (2-5%),5.55329159136653,2151.76974084658
LSO,Lesotho,Other,Unknown,2000,2000,6.13197538722696,6.13197538722696,High (5-10%),3.87554677576694,725.263668707773
LTE,Late-demographic dividend,Other,Unknown,2000,2000,4.10280983042326,4.10280983042326,Moderate (2-5%),7.02510902300111,3466.77132065183
LTU,Lithuania,Other,Unknown,2000,2000,0.981615478857598,0.981615478857598,Low (<2%),3.41862206571636,6384.30865426374
LUX,Luxembourg,Other,Unknown,2000,2000,3.15076707022596,3.15076707022596,Moderate (2-5%),6.93809504692074,92533.1393756479
LVA,Latvia,Other,Unknown,2000,2000,2.65425477796048,2.65425477796048,Moderate (2-5%),5.84102642353959,6336.38296707987
MAC,"Macao SAR, China",Other,Unknown,2000,2000,-1.60971883961897,-1.60971883961897,Low (<2%),5.74714593475937,31772.6302531656
MAR,Morocco,Africa,Lower Middle,2000,2000,1.89463456763464,1.89463456763464,Low (<2%),2.58218091499747,1957.14135742188
MDA,Moldova,Other,Unknown,2000,2000,31.2993015817784,31.2993015817784,Very High (>10%),2.10771608200733,1346.91567176561
MDG,Madagascar,Other,Unknown,2000,2000,11.859684500028,11.859684500028,Very High (>10%),4.45685893956946,465.529509827021
MDV,Maldives,Other,Unknown,2000,2000,-1.17475681175946,-1.17475681175946,Low (<2%),3.84581040832157,7037.08546104613
MEA,"Middle East, North Africa, Afghanistan & Pakistan",Other,Unknown,2000,2000,1.85379035325277,1.85379035325277,Low (<2%),6.36565999509911,4011.77398465932
MEX,Mexico,North America,Upper Middle,2000,2000,9.49156149435403,9.49156149435403,High (5-10%),5.02928399378261,9581.96970202823
MIC,Middle income,Other,Unknown,2000,2000,4.16540442290283,4.16540442290283,Moderate (2-5%),5.6013730873745,2284.57379722884
MKD,North Macedonia,Other,Unknown,2000,2000,6.60742291038536,6.60742291038536,High (5-10%),4.54913578288874,3283.37934095351
MLI,Mali,Other,Unknown,2000,2000,-0.677661659046769,-0.677661659046769,Low (<2%),-0.736019992224286,682.497420451512
MLT,Malta,Other,Unknown,2000,2000,2.36959287531806,2.36959287531806,Moderate (2-5%),19.6812693530689,17178.3693621174
MMR,Myanmar,Other,Unknown,2000,2000,-0.109165514668565,-0.109165514668565,Low (<2%),13.7459305561226,298.590464506047
MNA,"Middle East, North Africa, Afghanistan & Pakistan (excluding high income)",Other,Unknown,2000,2000,2.74100213892152,2.74100213892152,Moderate (2-5%),5.74679689709521,2325.17423873793
MNG,Mongolia,Other,Unknown,2000,2000,11.5955387593327,11.5955387593327,Very High (>10%),1.14606213709108,1598.31282040605
MRT,Mauritania,Other,Unknown,2000,2000,3.25406745833358,3.25406745833358,Moderate (2-5%),-3.91802587923293,1307.91078676112
MUS,Mauritius,Other,Unknown,2000,2000,4.19928825622807,4.19928825622807,Moderate (2-5%),8.20279174865273,5724.49584395791
MWI,Malawi,Other,Low,2000,2000,29.5814884631684,29.5814884631684,Very High (>10%),1.57607762616895,418.592985038462
MYS,Malaysia,Asia,Upper Middle,2000,2000,1.53474023697699,1.53474023697699,Low (<2%),8.85886816969386,6455.61419792583
NAC,North America,Other,Unknown,2000,2000,3.04814861420953,3.04814861420953,Moderate (2-5%),4.16197049524996,47578.0098430294
NER,Niger,Other,Unknown,2000,2000,2.90014973599108,2.90014973599108,Moderate (2-5%),-1.20847774100575,392.898616941042
NGA,Nigeria,Africa,Low,2000,2000,6.9332921556516,6.9332921556516,High (5-10%),5.01593475936546,1421.67987952016
NIC,Nicaragua,Other,Unknown,2000,2000,7.06991352252517,7.06991352252517,High (5-10%),4.10159025073438,1458.37490084556
NLD,Netherlands,Europe,High,2000,2000,2.36052233801958,2.36052233801958,Moderate (2-5%),4.21970034558892,40665.3000211594
NOR,Norway,Europe,High,2000,2000,3.08550609131279,3.08550609131279,Moderate (2-5%),3.443416131481,67611.3411021859
NPL,Nepal,Asia,Lower Middle,2000,2000,2.47882020709136,2.47882020709136,Moderate (2-5%),6.19999998192236,547.221082273632
NZL,New Zealand,Oceania,High,2000,2000,2.6152344624632,2.6152344624632,Moderate (2-5%),2.86879087314065,30839.2953866092
OED,OECD members,Other,Unknown,2000,2000,3.06380344899535,3.06380344899535,Moderate (2-5%),4.14194781215413,30690.4774888104
OSS,Other small states,Other,Unknown,2000,2000,4.08007358605409,4.08007358605409,Moderate (2-5%),7.30635005321069,8345.85013891228
PAK,Pakistan,Asia,Lower Middle,2000,2000,4.36666451291681,4.36666451291681,Moderate (2-5%),4.2600880111325,1049.54229686852
PAN,Panama,Other,Unknown,2000,2000,1.49896111605778,1.49896111605778,Low (<2%),4.20900547865375,6856.14919005847
PER,Peru,South America,Upper Middle,2000,2000,3.75733833344474,3.75733833344474,Moderate (2-5%),2.69437139806912,3286.27308475523
PHL,Philippines,Asia,Lower Middle,2000,2000,3.9771250324928,3.9771250324928,Moderate (2-5%),4.38250500083399,1793.34761146436
PNG,Papua New Guinea,Other,Unknown,2000,2000,15.5958933107535,15.5958933107535,Very High (>10%),-2.49484199260023,1989.57882204274
POL,Poland,Europe,Unknown,2000,2000,9.90017538843065,9.90017538843065,High (5-10%),4.65633252988236,7401.57697647848
PRE,Pre-demographic dividend,Other,Unknown,2000,2000,4.16540442290283,4.16540442290283,Moderate (2-5%),5.47346007643203,1080.12609789335
PRT,Portugal,Europe,High,2000,2000,2.85303039287156,2.85303039287156,Moderate (2-5%),3.81617714108242,18822.0933092937
PRY,Paraguay,South America,Upper Middle,2000,2000,8.98215976750022,8.98215976750022,High (5-10%),-2.31414056819045,4074.48953320404
PSE,West Bank and Gaza,Other,Unknown,2000,2000,2.79819892435758,2.79819892435758,Moderate (2-5%),-8.5555726838292,2436.01207739636
PSS,Pacific island small states,Other,Unknown,2000,2000,2.34810327420263,2.34810327420263,Moderate (2-5%),-1.46386418136707,3208.21888491744
PST,Post-demographic dividend,Other,Unknown,2000,2000,2.5798761121861,2.5798761121861,Moderate (2-5%),4.08593231425579,34342.7799306961
QAT,Qatar,Middle East,High,2000,2000,1.65033522434232,1.65033522434232,Low (<2%),8.02812548837973,54948.2228055384
ROU,Romania,Other,Unknown,2000,2000,45.6665940440238,45.6665940440238,Very High (>10%),2.4612634592269,4569.31124324524
RUS,Russian Federation,Europe,Upper Middle,2000,2000,20.7987606558704,20.7987606558704,Very High (>10%),10.0000668136515,5323.66650390625
RWA,Rwanda,Other,Low,2000,2000,3.89952980284712,3.89952980284712,Moderate (2-5%),8.37089593573039,331.096659537835
SAS,South Asia,Other,Unknown,2000,2000,3.24412805877163,3.24412805877163,Moderate (2-5%),4.08685651061379,758.133172433103
SAU,Saudi Arabia,Asia,High,2000,2000,-1.12499838517645,-1.12499838517645,Low (<2%),4.71813422138024,22247.8566987439
SDN,Sudan,Other,Unknown,2000,2000,7.12125897172291,7.12125897172291,High (5-10%),6.34586743997545,1111.11865234375
SEN,Senegal,Other,Unknown,2000,2000,0.731981981981597,0.731981981981597,Low (<2%),3.88721095816793,1048.37474052363
SGP,Singapore,Asia,High,2000,2000,1.36162392448456,1.36162392448456,Low (<2%),9.03831632555163,34890.0811365168
SLB,Solomon Islands,Other,Unknown,2000,2000,7.88956186986721,7.88956186986721,High (5-10%),-14.2769995149354,1747.71795607153
SLV,El Salvador,Other,Unknown,2000,2000,2.27128756828723,2.27128756828723,Moderate (2-5%),1.12790697674419,2964.89346881406
SRB,Serbia,Other,Unknown,2000,2000,71.1206287946541,71.1206287946541,Very High (>10%),6.0550897288645,3542.35365914848
SSA,Sub-Saharan Africa (excluding high income),Other,Unknown,2000,2000,4.19928825622807,4.19928825622807,Moderate (2-5%),3.4358337996657,1197.15229059854
SSF,Sub-Saharan Africa,Other,Unknown,2000,2000,4.50078856262102,4.50078856262102,Moderate (2-5%),3.43679300853846,1198.41035230362
SST,Small states,Other,Unknown,2000,2000,2.80256405575846,2.80256405575846,Moderate (2-5%),5.96515098709465,8233.73342913905
STP,Sao Tome and Principe,Other,Unknown,2000,2000,12.2089456308977,12.2089456308977,Very High (>10%),0.448368261692949,959.938180991352
SUR,Suriname,Other,Unknown,2000,2000,59.401686545079,59.401686545079,Very High (>10%),2.09999886750489,6128.31602380553
SVK,Slovak Republic,Other,Unknown,2000,2000,12.0357805974299,12.0357805974299,Very High (>10%),0.78922447792516,8997.21199594319
SVN,Slovenia,Other,Unknown,2000,2000,8.91174418658757,8.91174418658757,High (5-10%),3.49791942086068,16146.1216848394
SWE,Sweden,Europe,High,2000,2000,0.899143734041715,0.899143734041715,Low (<2%),4.63112136551369,41561.7747635857
SWZ,Eswatini,Other,Unknown,2000,2000,12.2085358545844,12.2085358545844,Very High (>10%),1.76017328388222,2273.04683761056
SYC,Seychelles,Other,Unknown,2000,2000,6.26876876876878,6.26876876876878,High (5-10%),4.25319834931828,11703.7535246117
SYR,Syrian Arab Republic,Other,Unknown,2000,2000,-3.84615384615379,-3.84615384615379,Low (<2%),0.675642589410501,1248.38345857564
TCD,Chad,Other,Unknown,2000,2000,3.82260088086306,3.82260088086306,Moderate (2-5%),-0.879681024156014,530.600331266396
TEA,East Asia & Pacific (IDA & IBRD countries),Other,Unknown,2000,2000,2.15851810619419,2.15851810619419,Moderate (2-5%),7.71852126042445,2157.85535603795
TEC,Europe & Central Asia (IDA & IBRD countries),Other,Unknown,2000,2000,13.1808905865731,13.1808905865731,Very High (>10%),7.37530383700147,4437.3279983663
TGO,Togo,Other,Unknown,2000,2000,1.86260595463067,1.86260595463067,Low (<2%),-0.783479610048047,730.148392769906
THA,Thailand,Asia,Upper Middle,2000,2000,1.59196917460972,1.59196917460972,Low (<2%),4.45524704335014,3514.71662970608
TLA,Latin America & the Caribbean (IDA & IBRD countries),Other,Unknown,2000,2000,4.76382472733251,4.76382472733251,Moderate (2-5%),3.59812186214749,6609.75491780903
TMN,"Middle East, North Africa, Afghanistan & Pakistan (IDA & IBRD)",Other,Unknown,2000,2000,2.68380535348546,2.68380535348546,Moderate (2-5%),5.85778719812157,2324.47374187732
TON,Tonga,Other,Unknown,2000,2000,6.32763551411153,6.32763551411153,High (5-10%),3.75409745006452,3866.68591314331
TSA,South Asia (IDA & IBRD),Other,Unknown,2000,2000,3.24412805877163,3.24412805877163,Moderate (2-5%),4.08685651061379,758.133172433103
TSS,Sub-Saharan Africa (IDA & IBRD countries),Other,Unknown,2000,2000,4.50078856262102,4.50078856262102,Moderate (2-5%),3.4367930085385,1198.41035230362
TTO,Trinidad and Tobago,Other,Unknown,2000,2000,3.55541319666877,3.55541319666877,Moderate (2-5%),6.90135959072803,10023.0206669207
TUN,Tunisia,Africa,Upper Middle,2000,2000,2.96230794738605,2.96230794738605,Moderate (2-5%),4.7099729138049,2864.54703666618
TUR,Turkiye,Europe,Upper Middle,2000,2000,54.9153705812683,54.9153705812683,Very High (>10%),6.98528697817062,6326.25746472488
TZA,Tanzania,Other,Low,2000,2000,5.92396109637479,5.92396109637479,High (5-10%),4.52078463603256,555.348083496094
UGA,Uganda,Other,Low,2000,2000,3.39202158512998,3.39202158512998,Moderate (2-5%),3.141907338187,509.19755319016
UKR,Ukraine,Other,Unknown,2000,2000,28.2030972388552,28.2030972388552,Very High (>10%),5.90000000024899,1409.22265625
UMC,Upper middle income,Other,Unknown,2000,2000,4.06396201382596,4.06396201382596,Moderate (2-5%),5.98938554447042,3274.76537662932
URY,Uruguay,South America,High,2000,2000,4.76382472733251,4.76382472733251,Moderate (2-5%),-1.92993063549235,11096.3309569487
USA,United States,North America,High,2000,2000,3.37685727149929,3.37685727149929,Moderate (2-5%),4.07758575997799,48616.2546282435
VCT,St. Vincent and the Grenadines,Other,Unknown,2000,2000,0.167679637488279,0.167679637488279,Low (<2%),1.63903190394467,5067.96739467376
VNM,Viet Nam,Asia,Lower Middle,2000,2000,-1.71033727851111,-1.71033727851111,Low (<2%),6.78731640463151,1212.19657794381
VUT,Vanuatu,Other,Unknown,2000,2000,2.53768844221106,2.53768844221106,Moderate (2-5%),5.92480905652918,3197.45596137228
WLD,World,Other,Unknown,2000,2000,3.43351563418764,3.43351563418764,Moderate (2-5%),4.56720186018067,7879.61788990331
WSM,Samoa,Other,Unknown,2000,2000,0.966782350024729,0.966782350024729,Low (<2%),5.09304469244418,2945.37217923198
YEM,"Yemen, Rep.",Other,Unknown,2000,2000,4.58999999999981,4.58999999999981,Moderate (2-5%),6.1819155928913,2114.67265566851
ZAF,South Africa,Africa,Upper Middle,2000,2000,5.33895913599828,5.33895913599828,High (5-10%),4.20000000067826,4700.87555500704
ZMB,Zambia,Other,Unknown,2000,2000,26.0304117888121,26.0304117888121,Very High (>10%),3.89732294341896,804.48463418783
ABW,Aruba,Other,Unknown,2001,2000,2.88360430316263,2.88360430316263,Moderate (2-5%),4.1820016304779,29007.7386958774
AFE,Africa Eastern and Southern,Other,Unknown,2001,2000,5.84035398311557,5.84035398311557,High (5-10%),3.50334667089258,1216.22788108397
AFW,Africa Western and Central,Other,Unknown,2001,2000,4.36152914007256,4.36152914007256,Moderate (2-5%),5.24852519557031,1217.48637912529
AGO,Angola,Africa,Lower Middle,2001,2000,152.561022469299,152.561022469299,Very High (>10%),4.20599855694861,2189.17352158048
ALB,Albania,Other,Unknown,2001,2000,3.10758827031435,3.10758827031435,Moderate (2-5%),8.8637306604876,2188.91854451375
ARB,Arab World,Other,Unknown,2001,2000,1.77220437351017,1.77220437351017,Low (<2%),2.14387898764836,4907.21186577842
ARM,Armenia,Other,Unknown,2001,2000,3.1459046468502,3.1459046468502,Moderate (2-5%),9.59999999927597,1351.12072694555
ATG,Antigua and Barbuda,Other,Unknown,2001,2000,1.40279663573988,1.40279663573988,Low (<2%),-4.54810977120295,15003.4389169034
AUS,Australia,Oceania,High,2001,2000,4.40712998561533,4.40712998561533,Moderate (2-5%),2.03145880248898,46314.6235297968
AUT,Austria,Europe,High,2001,2000,2.65000077279529,2.65000077279529,Moderate (2-5%),1.31698749571339,38929.753800545
AZE,Azerbaijan,Other,Unknown,2001,2000,1.5471959015228,1.5471959015228,Low (<2%),9.89999986533643,1640.93664540398
BDI,Burundi,Other,Unknown,2001,2000,9.29618771341889,9.29618771341889,High (5-10%),2.05580710835243,262.913885774384
BEL,Belgium,Europe,High,2001,2000,2.46925823086083,2.46925823086083,Moderate (2-5%),1.09960362419645,36148.2880924306
BEN,Benin,Other,Unknown,2001,2000,3.98429547767893,3.98429547767893,Moderate (2-5%),5.33313570603937,879.854463773645
BFA,Burkina Faso,Other,Unknown,2001,2000,5.00743290822373,5.00743290822373,High (5-10%),6.61340574539679,442.914122870048
BGD,Bangladesh,Asia,Lower Middle,2001,2000,2.0071737421384,2.0071737421384,Moderate (2-5%),5.07728777526728,641.288922876274
BGR,Bulgaria,Other,Unknown,2001,2000,7.36093927231841,7.36093927231841,High (5-10%),3.82370222571771,3937.90285118373
BHR,Bahrain,Middle East,High,2001,2000,-1.20757180156659,-1.20757180156659,Low (<2%),2.49094875338352,25106.2869742612
BHS,"Bahamas, The",Other,Unknown,2001,2000,2.04498977505121,2.04498977505121,Moderate (2-5%),2.62600982683425,32870.0918307285
BLR,Belarus,Other,Unknown,2001,2000,61.1349331618477,61.1349331618477,Very High (>10%),4.72530605111095,2753.0336970697
BLZ,Belize,Other,Unknown,2001,2000,3.65141786561502,3.65141786561502,Moderate (2-5%),4.99356206143864,5764.99055491104
BOL,Bolivia,South America,Upper Middle,2001,2000,1.58965377879568,1.58965377879568,Low (<2%),1.68379914527159,2013.84581094568
BRA,Brazil,South America,Upper Middle,2001,2000,6.84035902487523,6.84035902487523,High (5-10%),1.38989640095637,6823.03396999891
BRB,Barbados,Other,Unknown,2001,2000,2.57783490431288,2.57783490431288,Moderate (2-5%),-2.36546415544167,21615.8003391727
BRN,Brunei Darussalam,Other,Unknown,2001,2000,0.59589041095899,0.59589041095899,Low (<2%),1.4660608198711,37269.3099216587
BTN,Bhutan,Other,Unknown,2001,2000,3.41478946111594,3.41478946111594,Moderate (2-5%),7.32837435673082,1321.09878230279
BWA,Botswana,Other,Unknown,2001,2000,6.55903767014862,6.55903767014862,High (5-10%),0.250573949689084,4971.96371794188
CAF,Central African Republic,Other,Unknown,2001,2000,3.83486060237362,3.83486060237362,Moderate (2-5%),4.46473902640867,446.658634192083
CAN,Canada,North America,High,2001,2000,2.52512013979906,2.52512013979906,Moderate (2-5%),1.87509813099847,38200.4945025395
CEB,Central Europe and the Baltics,Other,Unknown,2001,2000,5.74827981651373,5.74827981651373,High (5-10%),3.0053964950888,7730.97137256735
CHE,Switzerland,Europe,High,2001,2000,0.989020329832545,0.989020329832545,Low (<2%),1.59219781357001,75646.1781144131
CHL,Chile,South America,High,2001,2000,3.56910053001467,3.56910053001467,Moderate (2-5%),3.15403492459967,8632.0148244056
CHN,China,Asia,Upper Middle,2001,2000,0.719125609120114,0.719125609120114,Low (<2%),8.32404695347056,2405.99411858042
CIV,Cote d'Ivoire,Africa,Lower Middle,2001,2000,4.36152914007256,4.36152914007256,Moderate (2-5%),-2.15401249077306,1636.57318705218
CMR,Cameroon,Africa,Lower Middle,2001,2000,4.41977245881146,4.41977245881146,Moderate (2-5%),4.32426119221549,1169.92670464984
COD,"Congo, Dem. Rep.",Other,Unknown,2001,2000,359.936614264586,180.13687701067877,Very High (>10%),-2.10017302429294,322.033920026494
COG,"Congo, Rep.",Other,Unknown,2001,2000,0.0559899218140583,0.0559899218140583,Low (<2%),3.80260189913561,2056.16505922617
COL,Colombia,South America,Upper Middle,2001,2000,7.96556090304834,7.96556090304834,High (5-10%),1.67789830787579,4020.50789754842
COM,Comoros,Other,Unknown,2001,2000,5.55459394816812,5.55459394816812,High (5-10%),5.41959971808741,1188.50139049127
CPV,Cabo Verde,Other,Unknown,2001,2000,3.34996472317894,3.34996472317894,Moderate (2-5%),2.23165454528898,2051.21733888102
CRI,Costa Rica,Other,Unknown,2001,2000,11.2556157091172,11.2556157091172,Very High (>10%),3.49117013515725,7854.23397563819
CSS,Caribbean small states,Other,Unknown,2001,2000,2.60262402317311,2.60262402317311,Moderate (2-5%),2.08502356162616,10690.3702191644
CUW,Curacao,Other,Unknown,2001,2000,1.79282868525896,1.79282868525896,Low (<2%),-0.695753704098053,22171.0655460422
CYP,Cyprus,Other,Unknown,2001,2000,1.97304191729917,1.97304191729917,Low (<2%),3.95256258200938,23019.240234375
CZE,Czechia,Other,Unknown,2001,2000,4.66267556988258,4.66267556988258,Moderate (2-5%),2.9172195289956,12958.4667607533
DEU,Germany,Europe,High,2001,2000,1.98385731334471,1.98385731334471,Low (<2%),1.63614170690956,35618.5143698493
DJI,Djibouti,Other,Unknown,2001,2000,1.74665224985434,1.74665224985434,Low (<2%),,
DMA,Dominica,Other,Unknown,2001,2000,1.3038940346596,1.3038940346596,Low (<2%),-0.0638434428881567,6897.65674086518
DNK,Denmark,Europe,High,2001,2000,2.33787000255263,2.33787000255263,Moderate (2-5%),0.95003224600012,49557.1509962227
DOM,Dominican Republic,Other,Unknown,2001,2000,8.88306848812961,8.88306848812961,High (5-10%),2.46937023763239,4158.98430282429
DZA,Algeria,Africa,Upper Middle,2001,2000,4.22598834854673,4.22598834854673,Moderate (2-5%),2.99999999863043,3610.00605631983
EAP,East Asia & Pacific (excluding high income),Other,Unknown,2001,2000,4.27267024465105,4.27267024465105,Moderate (2-5%),6.9886487140419,2259.91957276105
EAR,Early-demographic dividend,Other,Unknown,2001,2000,3.7508205747202,3.7508205747202,Moderate (2-5%),1.21366729754186,2146.84095089536
EAS,East Asia & Pacific,Other,Unknown,2001,2000,3.57755452095074,3.57755452095074,Moderate (2-5%),3.26466618829393,5196.78754674668
ECA,Europe & Central Asia (excluding high income),Other,Unknown,2001,2000,8.35413777161344,8.35413777161344,High (5-10%),0.0867845934586313,3234.66049997751
ECS,Europe & Central Asia,Other,Unknown,2001,2000,4.26287228873702,4.26287228873702,Moderate (2-5%),2.23142716888731,18876.2222676969
ECU,Ecuador,South America,Upper Middle,2001,2000,37.6767454518094,37.6767454518094,Very High (>10%),4.20627185748789,4049.0001889951
EGY,"Egypt, Arab Rep.",Africa,Lower Middle,2001,2000,2.26975720475956,2.26975720475956,Moderate (2-5%),3.53525197391507,2492.03441188861
EMU,Euro area,Other,Unknown,2001,2000,2.92949244324104,2.92949244324104,Moderate (2-5%),2.19003494343926,30766.5726970873
ESP,Spain,Europe,High,2001,2000,3.58983413338117,3.58983413338117,Moderate (2-5%),3.91908880808811,24878.3784543991
EST,Estonia,Other,Unknown,2001,2000,5.74827981651373,5.74827981651373,High (5-10%),5.88074589534277,10662.9455020331
ETH,Ethiopia,Africa,Low,2001,2000,-8.23784453391137,-8.23784453391137,Low (<2%),8.30130632267965,260.04231608135
EUU,European Union,Other,Unknown,2001,2000,3.37396832213867,3.37396832213867,Moderate (2-5%),2.1611431481209,26899.8894391635
FIN,Finland,Europe,High,2001,2000,2.57844080098903,2.57844080098903,Moderate (2-5%),2.64026205699308,38784.1308115726
FJI,Fiji,Other,Unknown,2001,2000,4.27267024465105,4.27267024465105,Moderate (2-5%),2.00000027123612,3998.79730008036
FRA,France,Europe,High,2001,2000,1.63478079549599,1.63478079549599,Low (<2%),1.89946701186636,33640.6738002565
FSM,"Micronesia, Fed. Sts.",Other,Unknown,2001,2000,0.502497351294027,0.502497351294027,Low (<2%),1.82016351571185,2777.02466489199
GAB,Gabon,Other,Unknown,2001,2000,2.13762052701465,2.13762052701465,Moderate (2-5%),2.13523342197423,7556.76995314898
GBR,United Kingdom,Europe,High,2001,2000,1.53234960272418,1.53234960272418,Low (<2%),2.39102229602824,40082.1359356822
GEO,Georgia,Other,Unknown,2001,2000,4.64604442058634,4.64604442058634,Moderate (2-5%),4.80729867243699,1661.83019106421
GHA,Ghana,Africa,Unknown,2001,2000,41.509496287803,41.509496287803,Very High (>10%),4.00000012807919,1035.22666053257
GMB,"Gambia, The",Other,Unknown,2001,2000,4.49259609239754,4.49259609239754,Moderate (2-5%),5.80000024323377,679.539755947951
GNB,Guinea-Bissau,Other,Unknown,2001,2000,3.34812265527108,3.34812265527108,Moderate (2-5%),4.7859716500482,585.837980688333
GNQ,Equatorial Guinea,Other,Unknown,2001,2000,8.82538925854966,8.82538925854966,High (5-10%),63.3798754250602,5882.85050306586
GRC,Greece,Europe,High,2001,2000,3.37396832213867,3.37396832213867,Moderate (2-5%),4.65041459442163,18742.4235780691
GRD,Grenada,Other,Unknown,2001,2000,3.14099305202543,3.14099305202543,Moderate (2-5%),-2.02390004072058,6509.51660313374
GTM,Guatemala,Other,Unknown,2001,2000,7.28587366610138,7.28587366610138,High (5-10%),2.33257486608854,3166.20502444306
GUY,Guyana,Other,Unknown,2001,2000,2.62741314203333,2.62741314203333,Moderate (2-5%),2.2795216592191,3847.09461851367
HIC,High income,Other,Unknown,2001,2000,2.62741314203333,2.62741314203333,Moderate (2-5%),1.57447034113088,30574.4108550638
HKG,"Hong Kong SAR, China",Other,Unknown,2001,2000,-1.65816326530609,-1.65816326530609,Low (<2%),0.560867137855524,26885.4053275596
HND,Honduras,Other,Unknown,2001,2000,9.67415556864781,9.67415556864781,High (5-10%),2.72319327321379,1789.18816032117
HPC,Heavily indebted poor countries (HIPC),Other,Unknown,2001,2000,4.60374621964682,4.60374621964682,Moderate (2-5%),3.66886843342178,685.807417274643
HRV,Croatia,Other,Unknown,2001,2000,3.77670246665889,3.77670246665889,Moderate (2-5%),3.11089328552634,9515.92714476421
HTI,Haiti,Other,Unknown,2001,2000,13.31672224251,13.31672224251,Very High (>10%),-0.342747883252144,1314.11419693969
HUN,Hungary,Other,Unknown,2001,2000,9.11680911680911,9.11680911680911,High (5-10%),4.06202617226026,9365.95393193015
IBD,IBRD only,Other,Unknown,2001,2000,5.39883985897829,5.39883985897829,High (5-10%),3.65234065611351,2816.85409923483
IBT,IDA & IBRD total,Other,Unknown,2001,2000,5.00743290822373,5.00743290822373,High (5-10%),3.69028242428584,2391.86557804998
IDA,IDA total,Other,Unknown,2001,2000,4.41977245881146,4.41977245881146,Moderate (2-5%),4.10358606262203,917.222006498417
IDB,IDA blend,Other,Unknown,2001,2000,4.31709969236181,4.31709969236181,Moderate (2-5%),3.97205000094026,1319.28373984693
IDN,Indonesia,Asia,Lower Middle,2001,2000,11.5001160550887,11.5001160550887,Very High (>10%),3.64346644721492,1868.59172307292
IDX,IDA only,Other,Unknown,2001,2000,4.7148963468961,4.7148963468961,Moderate (2-5%),4.24080621347814,701.950532842353
IND,India,Asia,Lower Middle,2001,2000,3.77929312235637,3.77929312235637,Moderate (2-5%),4.82396626397303,778.507377522499
IRL,Ireland,Europe,High,2001,2000,4.85280279607477,4.85280279607477,Moderate (2-5%),5.30582133514299,44151.1536032557
IRN,"Iran, Islamic Rep.",Asia,Lower Middle,2001,2000,11.2742471332117,11.2742471332117,Very High (>10%),2.39217271207868,3917.29935489016
IRQ,Iraq,Middle East,Unknown,2001,2000,16.3740814963262,16.3740814963262,Very High (>10%),1.76660876568174,4116.09405320279
ISL,Iceland,Other,Unknown,2001,2000,6.40508550386868,6.40508550386868,High (5-10%),3.84093935332692,44545.9822738464
ISR,Israel,Europe,High,2001,2000,1.12302839116721,1.12302839116721,Low (<2%),0.270471415054473,28804.0396341969
ITA,Italy,Europe,High,2001,2000,2.78516542713554,2.78516542713554,Moderate (2-5%),2.00643329837733,33243.599343976
JAM,Jamaica,Other,Unknown,2001,2000,6.8019093078759,6.8019093078759,High (5-10%),1.34492956615135,5234.02744397806
JOR,Jordan,Other,Unknown,2001,2000,1.77220437351017,1.77220437351017,Low (<2%),5.26995757513606,3841.98511846743
JPN,Japan,Asia,High,2001,2000,-0.740055504162738,-0.740055504162738,Low (<2%),0.284608556379041,31793.1269485489
KAZ,Kazakhstan,Other,Unknown,2001,2000,8.35413777161344,8.35413777161344,High (5-10%),13.4999999984358,4822.52862802669
KEN,Kenya,Africa,Low,2001,2000,5.73859814341467,5.73859814341467,High (5-10%),3.77990649795343,1202.29348759987
KGZ,Kyrgyz Republic,Other,Unknown,2001,2000,6.9196798942304,6.9196798942304,High (5-10%),5.32162141190466,749.423779561565
KHM,Cambodia,Other,Unknown,2001,2000,-0.600648300123686,-0.600648300123686,Low (<2%),7.38971065070517,632.833573980849
KNA,St. Kitts and Nevis,Other,Unknown,2001,2000,2.30344748349255,2.30344748349255,Moderate (2-5%),5.25344983010886,14610.9099610508
KOR,"Korea, Rep.",Asia,High,2001,2000,4.06657587897792,4.06657587897792,Moderate (2-5%),4.72593560322356,18460.4288193829
KWT,Kuwait,Middle East,High,2001,2000,1.29999999999999,1.29999999999999,Low (<2%),0.213332576499354,30573.4284224199
LAC,Latin America & Caribbean (excluding high income),Other,Unknown,2001,2000,6.58482368511314,6.58482368511314,High (5-10%),0.238359583765259,6362.4321554373
LAO,Lao PDR,Other,Unknown,2001,2000,7.81180794783471,7.81180794783471,High (5-10%),5.75141287983195,954.123505414634
LBY,Libya,Other,Unknown,2001,2000,-8.81393752145546,-8.81393752145546,Low (<2%),-1.76283887062603,10467.8776146012
LCA,St. Lucia,Other,Unknown,2001,2000,5.30722081028547,5.30722081028547,High (5-10%),-3.40806396189404,8795.54582090658
LCN,Latin America & Caribbean,Other,Unknown,2001,2000,4.05508061344645,4.05508061344645,Moderate (2-5%),0.531799559144957,6684.04487881254
LDC,Least developed countries: UN classification,Other,Unknown,2001,2000,4.7148963468961,4.7148963468961,Moderate (2-5%),4.89969883950137,654.239496984006
LIC,Low income,Other,Unknown,2001,2000,4.49259609239754,4.49259609239754,Moderate (2-5%),4.69985953635334,614.079824853581
LKA,Sri Lanka,Asia,Lower Middle,2001,2000,14.15845579912,14.15845579912,Very High (>10%),-1.54540813366026,1896.48251385291
LMC,Lower middle income,Other,Unknown,2001,2000,4.41977245881146,4.41977245881146,Moderate (2-5%),4.39763084187854,1030.54420640333
LMY,Low & middle income,Other,Unknown,2001,2000,5.00743290822373,5.00743290822373,High (5-10%),3.67085057446828,2196.36804936148
LSO,Lesotho,Other,Unknown,2001,2000,-9.61615353858472,-9.61615353858472,Low (<2%),3.56158183392093,752.243212493971
LTE,Late-demographic dividend,Other,Unknown,2001,2000,4.64604442058634,4.64604442058634,Moderate (2-5%),5.19901909234986,3620.40152506982
LTU,Lithuania,Other,Unknown,2001,2000,1.36712030817819,1.36712030817819,Low (<2%),6.48412665187908,6854.52512826671
LUX,Luxembourg,Other,Unknown,2001,2000,2.66382110579101,2.66382110579101,Moderate (2-5%),3.07427520210337,94249.1625853478
LVA,Latvia,Other,Unknown,2001,2000,2.48704003555464,2.48704003555464,Moderate (2-5%),6.46057826727287,6833.4354323157
MAC,"Macao SAR, China",Other,Unknown,2001,2000,-1.98465008641646,-1.98465008641646,Low (<2%),2.88824010651439,32441.6760183581
MAR,Morocco,Africa,Lower Middle,2001,2000,0.619801875297975,0.619801875297975,Low (<2%),7.72182519577728,2078.96606445313
MDA,Moldova,Other,Unknown,2001,2000,9.76466285757623,9.76466285757623,High (5-10%),6.10000039929173,1432.2768928234
MDG,Madagascar,Other,Unknown,2001,2000,7.91694484529586,7.91694484529586,High (5-10%),5.98023576982733,478.40561494987
MDV,Maldives,Other,Unknown,2001,2000,0.67257737006247,0.67257737006247,Low (<2%),-3.94363452271253,6647.6503820039
MEA,"Middle East, North Africa, Afghanistan & Pakistan",Other,Unknown,2001,2000,1.75942831168225,1.75942831168225,Low (<2%),1.99532436082019,3997.88013509715
MEX,Mexico,North America,Upper Middle,2001,2000,6.36773806235037,6.36773806235037,High (5-10%),-0.450845253215945,9398.35074347946
MIC,Middle income,Other,Unknown,2001,2000,5.17317662983333,5.17317662983333,High (5-10%),3.65002366574814,2333.7499198409
MKD,North Macedonia,Other,Unknown,2001,2000,5.19888525744048,5.19888525744048,High (5-10%),-3.06725662451662,3169.32514368931
MLI,Mali,Other,Unknown,2001,2000,5.18701191944068,5.18701191944068,High (5-10%),15.806031742271,766.960343250964
MLT,Malta,Other,Unknown,2001,2000,2.92949244324104,2.92949244324104,Moderate (2-5%),-0.757203651807174,16920.7229743513
MMR,Myanmar,Other,Unknown,2001,2000,21.101305376923,21.101305376923,Very High (>10%),11.3439970699605,328.973872708996
MNA,"Middle East, North Africa, Afghanistan & Pakistan (excluding high income)",Other,Unknown,2001,2000,2.26975720475956,2.26975720475956,Moderate (2-5%),2.89300839480538,2340.6562424534
MNG,Mongolia,Other,Unknown,2001,2000,6.27736020484006,6.27736020484006,High (5-10%),2.95271054338117,1625.46152259484
MRT,Mauritania,Other,Unknown,2001,2000,4.7148963468961,4.7148963468961,Moderate (2-5%),-0.799493815789347,1265.81694335882
MUS,Mauritius,Other,Unknown,2001,2000,5.38934426229508,5.38934426229508,High (5-10%),3.3475407273143,5869.56961565396
MWI,Malawi,Other,Low,2001,2000,22.7,22.7,Very High (>10%),-4.97496361892476,388.260039763569
MYS,Malaysia,Asia,Upper Middle,2001,2000,1.41678473206098,1.41678473206098,Low (<2%),0.517675319192861,6334.92795651698
NAC,North America,Other,Unknown,2001,2000,2.67564562932656,2.67564562932656,Moderate (2-5%),1.03022260077989,47590.3058980687
NER,Niger,Other,Unknown,2001,2000,4.00551428352678,4.00551428352678,Moderate (2-5%),7.26813490213235,406.923493665264
NGA,Nigeria,Africa,Low,2001,2000,18.8736462093863,18.8736462093863,Very High (>10%),5.91768464924425,1465.45720342369
NIC,Nicaragua,Other,Unknown,2001,2000,5.98604186279518,5.98604186279518,High (5-10%),2.96084349057273,1482.31517247279
NLD,Netherlands,Europe,High,2001,2000,4.15584127195612,4.15584127195612,Moderate (2-5%),2.32358454925847,41297.284710124
NOR,Norway,Europe,High,2001,2000,3.00419703998233,3.00419703998233,Moderate (2-5%),2.1634350595868,68725.4043162798
NPL,Nepal,Asia,Lower Middle,2001,2000,2.6883037354563,2.6883037354563,Moderate (2-5%),4.79989214255407,564.28622920391
NZL,New Zealand,Oceania,High,2001,2000,2.62581630392903,2.62581630392903,Moderate (2-5%),3.41557461751114,31705.2483531253
OED,OECD members,Other,Unknown,2001,2000,3.1890826810605,3.1890826810605,Moderate (2-5%),1.39419283266746,30890.1307171384
OMN,Oman,Middle East,High,2001,2000,-0.816666666666656,-0.816666666666656,Low (<2%),4.61316649389876,20546.0554077598
OSS,Other small states,Other,Unknown,2001,2000,4.40206686170551,4.40206686170551,Moderate (2-5%),3.18924252117392,8462.07721821462
PAK,Pakistan,Asia,Lower Middle,2001,2000,3.14826144590618,3.14826144590618,Moderate (2-5%),3.65135017083765,1057.86767778646
PAN,Panama,Other,Unknown,2001,2000,0.307062436028722,0.307062436028722,Low (<2%),0.949908149985234,6787.86267897348
PER,Peru,South America,Upper Middle,2001,2000,1.97709878502053,1.97709878502053,Low (<2%),0.617892325624297,3261.6642505136
PHL,Philippines,Asia,Lower Middle,2001,2000,5.34550195567142,5.34550195567142,High (5-10%),3.04923134463486,1807.70892524758
PNG,Papua New Guinea,Other,Unknown,2001,2000,9.29817332783968,9.29817332783968,High (5-10%),-0.121288605564772,1920.78003889393
POL,Poland,Europe,Unknown,2001,2000,5.4083354556615,5.4083354556615,High (5-10%),1.23374464400356,7494.96089503246
PRE,Pre-demographic dividend,Other,Unknown,2001,2000,5.07745045522496,5.07745045522496,High (5-10%),4.35453238448396,1095.69274497162
PRT,Portugal,Europe,High,2001,2000,4.36990330551792,4.36990330551792,Moderate (2-5%),1.94367213427915,19053.089945659
PRY,Paraguay,South America,Upper Middle,2001,2000,7.26806028584825,7.26806028584825,High (5-10%),-0.834054716746095,3972.88427866686
PSE,West Bank and Gaza,Other,Unknown,2001,2000,1.22278475878898,1.22278475878898,Low (<2%),-9.31108114182962,2153.45735383203
PSS,Pacific island small states,Other,Unknown,2001,2000,4.05547744166415,4.05547744166415,Moderate (2-5%),0.851056119322408,3193.57852227137
PST,Post-demographic dividend,Other,Unknown,2001,2000,2.65691093929315,2.65691093929315,Moderate (2-5%),1.50646517887505,34691.794045547
QAT,Qatar,Middle East,High,2001,2000,1.47133434804683,1.47133434804683,Low (<2%),3.89814748805541,54316.5419511925
ROU,Romania,Other,Unknown,2001,2000,34.4770123493527,34.4770123493527,Very High (>10%),5.21813625673708,4875.30310600635
RUS,Russian Federation,Europe,Upper Middle,2001,2000,21.4770072117159,21.4770072117159,Very High (>10%),5.10005122572568,5618.95556640625
RWA,Rwanda,Other,Low,2001,2000,3.34285506749409,3.34285506749409,Moderate (2-5%),8.48456034086699,356.017640545099
SAS,South Asia,Other,Unknown,2001,2000,3.05154659828612,3.05154659828612,Moderate (2-5%),4.57324198800495,778.357238654588
SAU,Saudi Arabia,Asia,High,2001,2000,-1.12094804896791,-1.12094804896791,Low (<2%),0.344593196175438,21193.0922894351
SDN,Sudan,Other,Unknown,2001,2000,1.93529572095333,1.93529572095333,Low (<2%),6.50036053396883,1150.17626953125
SEN,Senegal,Other,Unknown,2001,2000,2.97450083919566,2.97450083919566,Moderate (2-5%),4.31085146618369,1067.36886550595
SGP,Singapore,Asia,High,2001,2000,0.997197956155943,0.997197956155943,Low (<2%),-1.07086275100448,33597.8690808226
SLB,Solomon Islands,Other,Unknown,2001,2000,6.92583732057426,6.92583732057426,High (5-10%),-7.95660550454917,1577.65519966257
SLV,El Salvador,Other,Unknown,2001,2000,3.7508205747202,3.7508205747202,Moderate (2-5%),0.879613659882722,2978.59734844668
SRB,Serbia,Other,Unknown,2001,2000,95.0052258100006,95.0052258100006,Very High (>10%),6.77852279368084,3788.98233947399
SSA,Sub-Saharan Africa (excluding high income),Other,Unknown,2001,2000,5.07745045522496,5.07745045522496,High (5-10%),4.22119839047403,1214.76656059983
SSF,Sub-Saharan Africa,Other,Unknown,2001,2000,5.14746800222618,5.14746800222618,High (5-10%),4.2135192182343,1215.95723291217
SST,Small states,Other,Unknown,2001,2000,3.49617199103334,3.49617199103334,Moderate (2-5%),2.71123227665191,8334.94332625642
STP,Sao Tome and Principe,Other,Unknown,2001,2000,9.22203707560889,9.22203707560889,High (5-10%),3.06448295788719,973.424252100436
SUR,Suriname,Other,Unknown,2001,2000,38.5862878872611,38.5862878872611,Very High (>10%),4.20000042083539,6255.55274185687
SVK,Slovak Republic,Other,Unknown,2001,2000,7.32962019115532,7.32962019115532,High (5-10%),2.92516077248489,9277.35808851002
SVN,Slovenia,Other,Unknown,2001,2000,8.37966587492208,8.37966587492208,High (5-10%),2.82868479430465,16576.7158840406
SWE,Sweden,Europe,High,2001,2000,2.40595834145436,2.40595834145436,Moderate (2-5%),1.36080642694121,42014.4022302506
SWZ,Eswatini,Other,Unknown,2001,2000,5.94210982281648,5.94210982281648,High (5-10%),1.41221393287066,2283.98316815361
SYC,Seychelles,Other,Unknown,2001,2000,5.96962204168156,5.96962204168156,High (5-10%),-2.27116288552982,11427.9413083015
SYR,Syrian Arab Republic,Other,Unknown,2001,2000,2.99999999999995,2.99999999999995,Moderate (2-5%),3.79340343988601,1264.321407912
TCD,Chad,Other,Unknown,2001,2000,12.4312865279941,12.4312865279941,Very High (>10%),11.6581346550771,572.806706826392
TEA,East Asia & Pacific (IDA & IBRD countries),Other,Unknown,2001,2000,4.27267024465105,4.27267024465105,Moderate (2-5%),6.98845090936314,2286.87458531728
TEC,Europe & Central Asia (IDA & IBRD countries),Other,Unknown,2001,2000,7.85753852196592,7.85753852196592,High (5-10%),2.65918222948618,4558.68495710412
TGO,Togo,Other,Unknown,2001,2000,3.91959133653146,3.91959133653146,Moderate (2-5%),0.823438752111855,718.084179469825
THA,Thailand,Asia,Upper Middle,2001,2000,1.62690887314091,1.62690887314091,Low (<2%),3.44424900968372,3599.02524877358
TJK,Tajikistan,Other,Unknown,2001,2000,38.59188944886,38.59188944886,Very High (>10%),9.58083617842951,461.681195760256
TLA,Latin America & the Caribbean (IDA & IBRD countries),Other,Unknown,2001,2000,5.30722081028547,5.30722081028547,High (5-10%),0.314501871853068,6536.56971674071
TMN,"Middle East, North Africa, Afghanistan & Pakistan (IDA & IBRD)",Other,Unknown,2001,2000,2.63487860237975,2.63487860237975,Moderate (2-5%),2.9743449585953,2341.85548813008
TON,Tonga,Other,Unknown,2001,2000,8.29028318850332,8.29028318850332,High (5-10%),1.49248125545273,3901.1807203994
TSA,South Asia (IDA & IBRD),Other,Unknown,2001,2000,3.05154659828612,3.05154659828612,Moderate (2-5%),4.57324198800495,778.357238654588
TSS,Sub-Saharan Africa (IDA & IBRD countries),Other,Unknown,2001,2000,5.14746800222618,5.14746800222618,High (5-10%),4.21351921823427,1215.95723291217
TTO,Trinidad and Tobago,Other,Unknown,2001,2000,5.536653263223,5.536653263223,High (5-10%),4.16852398185424,10395.2041042218
TUN,Tunisia,Africa,Upper Middle,2001,2000,1.98333333333337,1.98333333333337,Low (<2%),3.79627166202512,2941.73893592906
TUR,Turkiye,Europe,Upper Middle,2001,2000,54.4001887619074,54.4001887619074,Very High (>10%),-5.45940838563062,5906.92348536699
TZA,Tanzania,Other,Low,2001,2000,5.14746800222618,5.14746800222618,High (5-10%),6.07080828734129,573.400146484375
UGA,Uganda,Other,Low,2001,2000,1.86512524084773,1.86512524084773,Low (<2%),5.18366112490236,519.456547890884
UKR,Ukraine,Other,Unknown,2001,2000,11.9588085390459,11.9588085390459,Very High (>10%),8.80000000367222,1547.2783203125
UMC,Upper middle income,Other,Unknown,2001,2000,5.34550195567142,5.34550195567142,High (5-10%),3.47176313358794,3354.47746334374
URY,Uruguay,South America,High,2001,2000,4.3593406521727,4.3593406521727,Moderate (2-5%),-3.84412995940374,10643.5574019273
USA,United States,North America,High,2001,2000,2.82617111885407,2.82617111885407,Moderate (2-5%),0.955538337599847,48597.4246124122
VCT,St. Vincent and the Grenadines,Other,Unknown,2001,2000,0.9008584858665,0.9008584858665,Low (<2%),1.74823102028898,5158.56617678847
VNM,Viet Nam,Asia,Lower Middle,2001,2000,-0.43154451172818,-0.43154451172818,Low (<2%),6.19289331233377,1273.8052690094
VUT,Vanuatu,Other,Unknown,2001,2000,3.57755452095074,3.57755452095074,Moderate (2-5%),-3.39758248938266,3012.01602489196
WLD,World,Other,Unknown,2001,2000,3.83657262052543,3.83657262052543,Moderate (2-5%),2.02994447591411,7932.44247045676
WSM,Samoa,Other,Unknown,2001,2000,3.83828463867725,3.83828463867725,Moderate (2-5%),7.39012906172989,3137.46403765812
YEM,"Yemen, Rep.",Other,Unknown,2001,2000,11.9115912929855,11.9115912929855,Very High (>10%),3.80364587188127,2129.77268762778
ZAF,South Africa,Africa,Upper Middle,2001,2000,5.70189483049608,5.70189483049608,High (5-10%),2.70000000019104,4786.482450463
ZMB,Zambia,Other,Unknown,2001,2000,21.3937821792546,21.3937821792546,Very High (>10%),5.31686827418419,822.020935308251
ABW,Aruba,Other,Unknown,2002,2000,3.31524678585423,3.31524678585423,Moderate (2-5%),-0.944953481157384,28535.4639480222
AFE,Africa Eastern and Southern,Other,Unknown,2002,2000,8.76375520313543,8.76375520313543,High (5-10%),3.91684750402439,1231.33260616804
AFW,Africa Western and Central,Other,Unknown,2002,2000,3.18869330220589,3.18869330220589,Moderate (2-5%),9.94309624930423,1301.45284845521
AGO,Angola,Africa,Lower Middle,2002,2000,108.897436089429,108.897436089429,Very High (>10%),13.6656887610553,2404.97792071735
ALB,Albania,Other,Unknown,2002,2000,7.77052583431551,7.77052583431551,High (5-10%),4.62839587394552,2297.10853513924
ARB,Arab World,Other,Unknown,2002,2000,1.83299389002049,1.83299389002049,Low (<2%),1.29346374901667,4853.12978171597
ARM,Armenia,Other,Unknown,2002,2000,1.06004929341667,1.06004929341667,Low (<2%),13.1999999979356,1535.20452885187
ATG,Antigua and Barbuda,Other,Unknown,2002,2000,2.40765801293491,2.40765801293491,Moderate (2-5%),1.02723486062159,14968.0703013883
AUS,Australia,Oceania,High,2002,2000,2.98157117047457,2.98157117047457,Moderate (2-5%),3.94980535772942,47599.4079289312
AUT,Austria,Europe,High,2002,2000,1.81035787764129,1.81035787764129,Low (<2%),1.48436877605324,39313.7225107545
AZE,Azerbaijan,Other,Unknown,2002,2000,2.7711647199827,2.7711647199827,Moderate (2-5%),9.43891626906561,1782.47319183639
BDI,Burundi,Other,Unknown,2002,2000,-1.3656800532806,-1.3656800532806,Low (<2%),4.44651941224797,266.968141648342
BEL,Belgium,Europe,High,2002,2000,1.64521436175361,1.64521436175361,Low (<2%),1.70689430349601,36600.862592332
BEN,Benin,Other,Unknown,2002,2000,2.48916235491541,2.48916235491541,Moderate (2-5%),4.64303087074482,893.137100961634
BFA,Burkina Faso,Other,Unknown,2002,2000,2.17569480664608,2.17569480664608,Moderate (2-5%),4.35296382988099,448.128856317091
BGD,Bangladesh,Asia,Lower Middle,2002,2000,3.33256493271913,3.33256493271913,Moderate (2-5%),3.83312393993225,655.672139362272
BGR,Bulgaria,Other,Unknown,2002,2000,5.81014365721826,5.81014365721826,High (5-10%),5.87193134676191,4260.62251956893
BHR,Bahrain,Middle East,High,2002,2000,-0.495540138751154,-0.495540138751154,Low (<2%),3.34855067103268,24149.0156013799
BHS,"Bahamas, The",Other,Unknown,2002,2000,2.17357792508093,2.17357792508093,Moderate (2-5%),2.70495624731029,33374.602685914
BLR,Belarus,Other,Unknown,2002,2000,42.5375481348794,42.5375481348794,Very High (>10%),5.04526758311702,2910.39937484153
BLZ,Belize,Other,Unknown,2002,2000,4.24026660688645,4.24026660688645,Moderate (2-5%),5.39907320663811,5895.15235037898
BOL,Bolivia,South America,Upper Middle,2002,2000,0.92825885161107,0.92825885161107,Low (<2%),2.48556576601922,2029.66993705968
BRA,Brazil,South America,Upper Middle,2002,2000,8.45016437708331,8.45016437708331,High (5-10%),3.05346185909312,6944.62337495755
BRB,Barbados,Other,Unknown,2002,2000,0.12524945805602,0.12524945805602,Low (<2%),0.787401645449506,21643.8964907973
BRN,Brunei Darussalam,Other,Unknown,2002,2000,-2.31497242459321,-2.31497242459321,Low (<2%),3.9614389000248,37976.2627573601
BTN,Bhutan,Other,Unknown,2002,2000,2.45535714285714,2.45535714285714,Moderate (2-5%),10.4437797168913,1427.25693317315
BWA,Botswana,Other,Unknown,2002,2000,8.03279662527486,8.03279662527486,High (5-10%),6.06953087648317,5175.47655317231
CAF,Central African Republic,Other,Unknown,2002,2000,2.33181703516235,2.33181703516235,Moderate (2-5%),3.61654219150596,452.808702217035
CAN,Canada,North America,High,2002,2000,2.25839440940855,2.25839440940855,Moderate (2-5%),2.99925533832644,38921.7064054514
CEB,Central Europe and the Baltics,Other,Unknown,2002,2000,3.12714222984609,3.12714222984609,Moderate (2-5%),3.54235272119556,8057.23910139445
CHE,Switzerland,Europe,High,2002,2000,0.642711506543278,0.642711506543278,Low (<2%),0.380410134195273,75361.6941607385
CHL,Chile,South America,High,2002,2000,2.48939816650705,2.48939816650705,Moderate (2-5%),3.20279913520113,8810.69052712257
CHN,China,Asia,Upper Middle,2002,2000,-0.731970902350244,-0.731970902350244,Low (<2%),9.23604870383861,2610.66275070444
CIV,Cote d'Ivoire,Africa,Lower Middle,2002,2000,3.07726485157427,3.07726485157427,Moderate (2-5%),-2.73052647441901,1551.27925902838
CMR,Cameroon,Africa,Lower Middle,2002,2000,2.83442260128067,2.83442260128067,Moderate (2-5%),4.47702683369155,1189.96707897027
COD,"Congo, Dem. Rep.",Other,Unknown,2002,2000,31.5225826025495,31.5225826025495,Very High (>10%),2.94776518253177,321.547848189305
COG,"Congo, Rep.",Other,Unknown,2002,2000,4.37875971780873,4.37875971780873,Moderate (2-5%),4.58187006108889,2100.16876714574
COL,Colombia,South America,Upper Middle,2002,2000,6.35150728778872,6.35150728778872,High (5-10%),2.50398046659659,4058.28493578738
COM,Comoros,Other,Unknown,2002,2000,3.53304214308078,3.53304214308078,Moderate (2-5%),4.59768263263243,1217.11534330128
CPV,Cabo Verde,Other,Unknown,2002,2000,1.88453410076765,1.88453410076765,Low (<2%),5.25089116960211,2127.70872296502
CRI,Costa Rica,Other,Unknown,2002,2000,9.16752048509119,9.16752048509119,High (5-10%),3.41687615891895,7989.55926106105
CSS,Caribbean small states,Other,Unknown,2002,2000,2.10733447564151,2.10733447564151,Moderate (2-5%),3.97263487854183,11027.3598401094
CUW,Curacao,Other,Unknown,2002,2000,0.391389432485324,0.391389432485324,Low (<2%),0.397065216763636,22231.8793091625
CYP,Cyprus,Other,Unknown,2002,2000,2.80115505180745,2.80115505180745,Moderate (2-5%),3.72297491128981,23604.177734375
CZE,Czechia,Other,Unknown,2002,2000,1.90298097019027,1.90298097019027,Low (<2%),1.51345949139996,13179.9878092741
DEU,Germany,Europe,High,2002,2000,1.42080615551526,1.42080615551526,Low (<2%),-0.228255715793637,35477.5151544301
DJI,Djibouti,Other,Unknown,2002,2000,0.63761955366632,0.63761955366632,Low (<2%),,
DMA,Dominica,Other,Unknown,2002,2000,0.170055330197681,0.170055330197681,Low (<2%),-3.08742052359268,6676.97271467957
DNK,Denmark,Europe,High,2002,2000,2.42443661219695,2.42443661219695,Moderate (2-5%),0.456530018779986,49624.5965359582
DOM,Dominican Republic,Other,Unknown,2002,2000,5.22336769759447,5.22336769759447,High (5-10%),4.48650367045651,4280.80182397408
DZA,Algeria,Africa,Upper Middle,2002,2000,1.41830192345051,1.41830192345051,Low (<2%),5.40000000000001,3754.66081538446
EAP,East Asia & Pacific (excluding high income),Other,Unknown,2002,2000,2.72277227722765,2.72277227722765,Moderate (2-5%),8.1495625514987,2422.46003381382
EAR,Early-demographic dividend,Other,Unknown,2002,2000,4.24026660688645,4.24026660688645,Moderate (2-5%),1.75465322460306,2146.24084688962
EAS,East Asia & Pacific,Other,Unknown,2002,2000,1.88572000240366,1.88572000240366,Low (<2%),4.44311397537385,5382.25360075602
ECA,Europe & Central Asia (excluding high income),Other,Unknown,2002,2000,5.58783730000794,5.58783730000794,High (5-10%),6.38607865831898,3426.15822729396
ECS,Europe & Central Asia,Other,Unknown,2002,2000,2.78615988589507,2.78615988589507,Moderate (2-5%),1.57910519144795,19137.987953529
ECU,Ecuador,South America,Upper Middle,2002,2000,12.4835980082095,12.4835980082095,Very High (>10%),4.92809549611376,4174.89793579965
EGY,"Egypt, Arab Rep.",Africa,Lower Middle,2002,2000,2.73723855000334,2.73723855000334,Moderate (2-5%),2.39020402675627,2498.4812119434
EMU,Euro area,Other,Unknown,2002,2000,2.46532319171165,2.46532319171165,Moderate (2-5%),0.961839553423374,30929.8173201796
ESP,Spain,Europe,High,2002,2000,3.06565685902211,3.06565685902211,Moderate (2-5%),2.75545611564098,25205.3154769045
EST,Estonia,Other,Unknown,2002,2000,3.57191270164027,3.57191270164027,Moderate (2-5%),6.93300082616575,11474.6622721923
ETH,Ethiopia,Africa,Low,2002,2000,0.675089102170801,0.675089102170801,Low (<2%),1.51472570667433,256.066635883709
EUU,European Union,Other,Unknown,2002,2000,2.42443661219695,2.42443661219695,Moderate (2-5%),1.09769181928139,27131.1240490784
FIN,Finland,Europe,High,2002,2000,1.5712201278938,1.5712201278938,Low (<2%),1.68732644358099,39343.0698997627
FJI,Fiji,Other,Unknown,2002,2000,0.762032085561206,0.762032085561206,Low (<2%),3.19999861722759,4086.1043298133
FRA,France,Europe,High,2002,2000,1.92341228727064,1.92341228727064,Low (<2%),1.06775027069419,33753.5782979758
FSM,"Micronesia, Fed. Sts.",Other,Unknown,2002,2000,-0.111442426432945,-0.111442426432945,Low (<2%),0.4432199530481,2787.27413276067
GAB,Gabon,Other,Unknown,2002,2000,0.0366828893971394,0.0366828893971394,Low (<2%),-0.249033168543434,7338.75620613605
GBR,United Kingdom,Europe,High,2002,2000,1.52040245947455,1.52040245947455,Low (<2%),1.70902736258567,40594.932929345
GEO,Georgia,Other,Unknown,2002,2000,5.58783730000794,5.58783730000794,High (5-10%),5.47402488700408,1768.5970116888
GHA,Ghana,Africa,Unknown,2002,2000,9.36093239560313,9.36093239560313,High (5-10%),4.49999955900331,1052.46591644399
GMB,"Gambia, The",Other,Unknown,2002,2000,8.60912474386327,8.60912474386327,High (5-10%),-3.25000014970206,640.03893213613
GNB,Guinea-Bissau,Other,Unknown,2002,2000,3.30012175283752,3.30012175283752,Moderate (2-5%),3.65393603642713,594.040535151552
GNQ,Equatorial Guinea,Other,Unknown,2002,2000,7.5924784983324,7.5924784983324,High (5-10%),19.4628340359251,6604.0054631081
GRC,Greece,Europe,High,2002,2000,3.62935871878874,3.62935871878874,Moderate (2-5%),4.68313727063017,19548.3677447396
GRD,Grenada,Other,Unknown,2002,2000,1.06721547992874,1.06721547992874,Low (<2%),3.43732352954147,6707.36873532777
GTM,Guatemala,Other,Unknown,2002,2000,8.13263054281054,8.13263054281054,High (5-10%),3.83928708556792,3213.26990763198
GUY,Guyana,Other,Unknown,2002,2000,5.34101521377408,5.34101521377408,High (5-10%),1.13262696199476,3894.87107415198
HIC,High income,Other,Unknown,2002,2000,2.11628413580454,2.11628413580454,Moderate (2-5%),1.64870786725287,30920.0871053297
HKG,"Hong Kong SAR, China",Other,Unknown,2002,2000,-2.98313878080415,-2.98313878080415,Low (<2%),1.6567016736435,27210.0502364654
HND,Honduras,Other,Unknown,2002,2000,7.6905097203429,7.6905097203429,High (5-10%),3.75433786119939,1807.97305547292
HPC,Heavily indebted poor countries (HIPC),Other,Unknown,2002,2000,3.8957052575849,3.8957052575849,Moderate (2-5%),3.91152167292262,692.386060275808
HRV,Croatia,Other,Unknown,2002,2000,1.67178437393384,1.67178437393384,Low (<2%),5.80141595577015,10062.0602516769
HTI,Haiti,Other,Unknown,2002,2000,7.03287406224601,7.03287406224601,High (5-10%),1.05182013450109,1304.5293810385
HUN,Hungary,Other,Unknown,2002,2000,5.26544821583985,5.26544821583985,High (5-10%),4.73006530805553,9836.94065083321
IBD,IBRD only,Other,Unknown,2002,2000,4.1500586166472,4.1500586166472,Moderate (2-5%),4.51342025362746,2910.66880220101
IBT,IDA & IBRD total,Other,Unknown,2002,2000,3.8957052575849,3.8957052575849,Moderate (2-5%),4.60038023716238,2466.37534927867
IDA,IDA total,Other,Unknown,2002,2000,3.82293995768478,3.82293995768478,Moderate (2-5%),5.54353841534332,944.764140365419
IDB,IDA blend,Other,Unknown,2002,2000,2.95584372642747,2.95584372642747,Moderate (2-5%),6.38124671767559,1368.72431947825
IDN,Indonesia,Asia,Lower Middle,2002,2000,11.9001200338414,11.9001200338414,Very High (>10%),4.49947539085764,1926.37435868149
IDX,IDA only,Other,Unknown,2002,2000,4.60574757807992,4.60574757807992,Moderate (2-5%),4.67188322019085,717.326546711149
IND,India,Asia,Lower Middle,2002,2000,4.29715203929562,4.29715203929562,Moderate (2-5%),3.80397532120038,793.615912901002
IRL,Ireland,Europe,High,2002,2000,4.62820512820515,4.62820512820515,Moderate (2-5%),5.89936506079005,45974.4881988842
IRN,"Iran, Islamic Rep.",Asia,Lower Middle,2002,2000,14.3359337378404,14.3359337378404,Very High (>10%),8.07882927975243,4198.95356080727
IRQ,Iraq,Middle East,Unknown,2002,2000,19.316694601979,19.316694601979,Very High (>10%),-8.20370481187175,3660.92527507177
ISL,Iceland,Other,Unknown,2002,2000,5.1970223021663,5.1970223021663,High (5-10%),0.542286728290463,44389.5560604909
ISR,Israel,Europe,High,2002,2000,5.80234589468429,5.80234589468429,High (5-10%),-0.152880392675172,28186.5548167752
ITA,Italy,Europe,High,2002,2000,2.46532319171165,2.46532319171165,Moderate (2-5%),0.26992966378873,33267.4474482048
JAM,Jamaica,Other,Unknown,2002,2000,7.07635009310985,7.07635009310985,High (5-10%),1.99729094191295,5305.87658697244
JOR,Jordan,Other,Unknown,2002,2000,1.83299389002049,1.83299389002049,Low (<2%),5.78380792679309,3979.40388653953
JPN,Japan,Asia,High,2002,2000,-0.923494026942321,-0.923494026942321,Low (<2%),0.0849888050363319,31746.2430105713
KAZ,Kazakhstan,Other,Unknown,2002,2000,5.83692452105643,5.83692452105643,High (5-10%),9.79999999960842,5267.6990320263
KEN,Kenya,Africa,Low,2002,2000,1.96130821739162,1.96130821739162,Low (<2%),0.546859530175595,1171.4262517349
KGZ,Kyrgyz Republic,Other,Unknown,2002,2000,2.13420986310243,2.13420986310243,Moderate (2-5%),-0.0173246130360667,742.44300111832
KHM,Cambodia,Other,Unknown,2002,2000,0.211466568022607,0.211466568022607,Low (<2%),6.26507280509637,662.188341283454
KNA,St. Kitts and Nevis,Other,Unknown,2002,2000,2.04109102620208,2.04109102620208,Moderate (2-5%),1.36771507253633,14727.3908829316
KOR,"Korea, Rep.",Asia,High,2002,2000,2.76226210296599,2.76226210296599,Moderate (2-5%),7.74399895319569,19775.3800655139
KWT,Kuwait,Middle East,High,2002,2000,0.888450148074907,0.888450148074907,Low (<2%),3.01428315192251,30702.2162068121
LAC,Latin America & Caribbean (excluding high income),Other,Unknown,2002,2000,5.12704751455371,5.12704751455371,High (5-10%),0.063236481052968,6280.19153327588
LAO,Lao PDR,Other,Unknown,2002,2000,10.6313446323333,10.6313446323333,Very High (>10%),5.91874368370564,994.492241963795
LBR,Liberia,Other,Unknown,2002,2000,14.1596470116325,14.1596470116325,Very High (>10%),3.76301761700071,762.716393927064
LBY,Libya,Other,Unknown,2002,2000,-9.79764705882356,-9.79764705882356,Low (<2%),-0.958897332849631,10170.3095776338
LCA,St. Lucia,Other,Unknown,2002,2000,-0.255536626916508,-0.255536626916508,Low (<2%),0.416450493043214,8755.45939353129
LCN,Latin America & Caribbean,Other,Unknown,2002,2000,3.95011663721593,3.95011663721593,Moderate (2-5%),0.218218821588195,6609.4435978908
LDC,Least developed countries: UN classification,Other,Unknown,2002,2000,4.46426400734842,4.46426400734842,Moderate (2-5%),5.42131301685002,672.754876647406
LIC,Low income,Other,Unknown,2002,2000,4.16647225497473,4.16647225497473,Moderate (2-5%),5.36975493414869,628.341950518703
LKA,Sri Lanka,Asia,Lower Middle,2002,2000,9.55103167007251,9.55103167007251,High (5-10%),3.96467568513113,1951.22522418199
LMC,Lower middle income,Other,Unknown,2002,2000,3.75017465778466,3.75017465778466,Moderate (2-5%),3.89322800169158,1049.89413115325
LMY,Low & middle income,Other,Unknown,2002,2000,4.20946950296717,4.20946950296717,Moderate (2-5%),4.68460183519959,2264.73090350902
LSO,Lesotho,Other,Unknown,2002,2000,33.812578338126,33.812578338126,Very High (>10%),0.723836067167127,760.033443180306
LTE,Late-demographic dividend,Other,Unknown,2002,2000,2.80115505180745,2.80115505180745,Moderate (2-5%),6.04936102271625,3813.47993525517
LTU,Lithuania,Other,Unknown,2002,2000,0.281506610345575,0.281506610345575,Low (<2%),6.71983945103626,7374.0979710116
LUX,Luxembourg,Other,Unknown,2002,2000,2.07408613571643,2.07408613571643,Moderate (2-5%),3.22528846998354,96275.0321314871
LVA,Latvia,Other,Unknown,2002,2000,1.93887573855886,1.93887573855886,Low (<2%),7.66548778586991,7443.22944659059
MAC,"Macao SAR, China",Other,Unknown,2002,2000,-2.63751699816198,-2.63751699816198,Low (<2%),8.90480904902596,34967.8914561813
MAR,Morocco,Africa,Lower Middle,2002,2000,2.79561966936936,2.79561966936936,Moderate (2-5%),3.73019737485745,2127.50708007813
MDA,Moldova,Other,Unknown,2002,2000,5.30124390261601,5.30124390261601,High (5-10%),7.79999965773833,1547.57421231612
MDG,Madagascar,Other,Unknown,2002,2000,16.4985255315846,16.4985255315846,Very High (>10%),-12.4079711055149,406.70122213637
MDV,Maldives,Other,Unknown,2002,2000,4.1786723990479,4.1786723990479,Moderate (2-5%),7.26838656139654,7012.25568873173
MEA,"Middle East, North Africa, Afghanistan & Pakistan",Other,Unknown,2002,2000,2.01074218531299,2.01074218531299,Moderate (2-5%),2.13446189825575,3990.90379834447
MEX,Mexico,North America,Upper Middle,2002,2000,5.03072733151295,5.03072733151295,High (5-10%),-0.236588001922641,9242.27886122367
MIC,Middle income,Other,Unknown,2002,2000,4.20946950296717,4.20946950296717,Moderate (2-5%),4.67059403378289,2409.04026387917
MKD,North Macedonia,Other,Unknown,2002,2000,2.31459794083216,2.31459794083216,Moderate (2-5%),1.49366547202928,3240.11064526089
MLI,Mali,Other,Unknown,2002,2000,5.03282275711194,5.03282275711194,High (5-10%),3.03627540738884,766.073669039402
MLT,Malta,Other,Unknown,2002,2000,2.18849048060549,2.18849048060549,Moderate (2-5%),2.74113503379645,17255.4217709726
MMR,Myanmar,Other,Unknown,2002,2000,57.0745112621703,57.0745112621703,Very High (>10%),12.0255134340315,364.855800192477
MNA,"Middle East, North Africa, Afghanistan & Pakistan (excluding high income)",Other,Unknown,2002,2000,2.73723855000334,2.73723855000334,Moderate (2-5%),3.27148145193934,2365.65618222895
MNG,Mongolia,Other,Unknown,2002,2000,0.91707468718427,0.91707468718427,Low (<2%),4.73297846590111,1680.65335337555
MRT,Mauritania,Other,Unknown,2002,2000,3.8957052575849,3.8957052575849,Moderate (2-5%),1.38148396199058,1255.23785465583
MUS,Mauritius,Other,Unknown,2002,2000,6.41933372221149,6.41933372221149,High (5-10%),1.61491865862438,5923.09482066607
MWI,Malawi,Other,Low,2002,2000,14.7446346101603,14.7446346101603,Very High (>10%),1.70000003078317,385.308980237095
MYS,Malaysia,Asia,Upper Middle,2002,2000,1.80787246281536,1.80787246281536,Low (<2%),5.39098830692797,6516.90671560155
NAC,North America,Other,Unknown,2002,2000,1.92221301795728,1.92221301795728,Low (<2%),1.8012475018389,47992.7531590537
NER,Niger,Other,Unknown,2002,2000,2.62886597938136,2.62886597938136,Moderate (2-5%),4.91847057594622,412.123793192578
NGA,Nigeria,Africa,Low,2002,2000,12.8765792031099,12.8765792031099,Very High (>10%),15.3291557409618,1644.39518877708
NIC,Nicaragua,Other,Unknown,2002,2000,3.75017465778466,3.75017465778466,Moderate (2-5%),0.753938876079573,1475.48635411179
NLD,Netherlands,Europe,High,2002,2000,3.28753104712766,3.28753104712766,Moderate (2-5%),0.24582951723049,41135.4020353856
NOR,Norway,Europe,High,2002,2000,1.28672528415184,1.28672528415184,Low (<2%),1.45747886087304,69352.0430510008
NPL,Nepal,Asia,Lower Middle,2002,2000,3.02939948714892,3.02939948714892,Moderate (2-5%),0.120143177369414,556.438454538796
NZL,New Zealand,Oceania,High,2002,2000,2.67709257711605,2.67709257711605,Moderate (2-5%),4.71514593471419,32628.4322594563
OED,OECD members,Other,Unknown,2002,2000,2.47736067910935,2.47736067910935,Moderate (2-5%),1.54573413284015,31136.4281024789
OMN,Oman,Middle East,High,2002,2000,-0.279578822571373,-0.279578822571373,Low (<2%),-0.784165786429256,20150.1131971413
OSS,Other small states,Other,Unknown,2002,2000,3.16709859744411,3.16709859744411,Moderate (2-5%),3.49441162965915,8607.0452021325
PAK,Pakistan,Asia,Lower Middle,2002,2000,3.29034472613153,3.29034472613153,Moderate (2-5%),2.59481668445784,1059.04171024589
PAN,Panama,Other,Unknown,2002,2000,1.00583090379039,1.00583090379039,Low (<2%),2.50884372716125,6825.17747437166
PER,Peru,South America,Upper Middle,2002,2000,0.193135003853722,0.193135003853722,Low (<2%),5.45352893818767,3398.74991419297
PHL,Philippines,Asia,Lower Middle,2002,2000,2.72277227722765,2.72277227722765,Moderate (2-5%),3.71625500158383,1837.25429286854
PLW,Palau,Other,Unknown,2002,2000,-1.30123617436562,-1.30123617436562,Low (<2%),4.71497567037891,13503.9227174315
PNG,Papua New Guinea,Other,Unknown,2002,2000,11.7994470972606,11.7994470972606,Very High (>10%),-0.158900533082658,1854.41831737462
POL,Poland,Europe,Unknown,2002,2000,1.90528215048054,1.90528215048054,Low (<2%),1.90119437968586,7640.99307757777
PRE,Pre-demographic dividend,Other,Unknown,2002,2000,4.37875971780873,4.37875971780873,Moderate (2-5%),6.00617138403928,1127.35411491859
PRT,Portugal,Europe,High,2002,2000,3.60034658290915,3.60034658290915,Moderate (2-5%),0.770924781247714,19095.1102477398
PRY,Paraguay,South America,Upper Middle,2002,2000,10.5102420856612,10.5102420856612,Very High (>10%),-0.0214043949985694,3916.4402230868
PSE,West Bank and Gaza,Other,Unknown,2002,2000,5.70951585976626,5.70951585976626,High (5-10%),-12.4883821798129,1836.98042481351
PSS,Pacific island small states,Other,Unknown,2002,2000,1.96356754199195,1.96356754199195,Low (<2%),1.92426910278931,3214.36683920705
PST,Post-demographic dividend,Other,Unknown,2002,2000,1.99874921149353,1.99874921149353,Low (<2%),1.53655294052868,35047.3561038522
QAT,Qatar,Middle East,High,2002,2000,0.239999999999952,0.239999999999952,Low (<2%),7.18252331136711,55493.6049997751
ROU,Romania,Other,Unknown,2002,2000,22.5398862605386,22.5398862605386,Very High (>10%),5.70299165043771,5248.54994632668
RUS,Russian Federation,Europe,Upper Middle,2002,2000,15.7887307914463,15.7887307914463,Very High (>10%),4.69999190914258,5910.171875
RWA,Rwanda,Other,Low,2002,2000,1.99258542453993,1.99258542453993,Low (<2%),13.1920736288433,397.558649363458
SAS,South Asia,Other,Unknown,2002,2000,3.75561866588351,3.75561866588351,Moderate (2-5%),3.77199800158957,793.587791994034
SAU,Saudi Arabia,Asia,High,2002,2000,0.247186492339686,0.247186492339686,Low (<2%),-0.688390130317757,20025.4319998275
SDN,Sudan,Other,Unknown,2002,2000,22.2247241495905,22.2247241495905,Very High (>10%),6.0064715363132,1185.21533203125
SEN,Senegal,Other,Unknown,2002,2000,2.33730187454299,2.33730187454299,Moderate (2-5%),0.0686965747419066,1042.25509944289
SGP,Singapore,Asia,High,2002,2000,-0.391676866585049,-0.391676866585049,Low (<2%),3.92336076702013,34598.8267483781
SLB,Solomon Islands,Other,Unknown,2002,2000,10.9296341872692,10.9296341872692,Very High (>10%),-2.7999838935951,1504.84671895171
SLV,El Salvador,Other,Unknown,2002,2000,1.86552503610077,1.86552503610077,Low (<2%),1.57291844759789,3016.06307728602
SRB,Serbia,Other,Unknown,2002,2000,19.4908321579689,19.4908321579689,Very High (>10%),6.54104600309256,4038.65251197442
SSA,Sub-Saharan Africa (excluding high income),Other,Unknown,2002,2000,5.03282275711194,5.03282275711194,High (5-10%),6.39924111968367,1258.20421528528
SSF,Sub-Saharan Africa,Other,Unknown,2002,2000,4.70579123746033,4.70579123746033,Moderate (2-5%),6.39348834856037,1259.36882961546
SST,Small states,Other,Unknown,2002,2000,2.40765801293491,2.40765801293491,Moderate (2-5%),3.57024132752943,8509.09600338007
STP,Sao Tome and Principe,Other,Unknown,2002,2000,10.128724672229,10.128724672229,Very High (>10%),3.360188168222,982.32906557627
SUR,Suriname,Other,Unknown,2002,2000,15.5273989185702,15.5273989185702,Very High (>10%),2.80000068850687,6301.31731043167
SVK,Slovak Republic,Other,Unknown,2002,2000,3.12714222984609,3.12714222984609,Moderate (2-5%),4.41725348271514,9690.68468262889
SVN,Slovenia,Other,Unknown,2002,2000,7.48077770703761,7.48077770703761,High (5-10%),3.28258371393918,17099.658209132
SWE,Sweden,Europe,High,2002,2000,2.15848213589266,2.15848213589266,Moderate (2-5%),2.27772867861897,42831.7584103774
SWZ,Eswatini,Other,Unknown,2002,2000,12.0197154699232,12.0197154699232,Very High (>10%),4.0886479398829,2358.56935643468
SYC,Seychelles,Other,Unknown,2002,2000,0.174999999999924,0.174999999999924,Low (<2%),1.21283290259314,11218.2606464315
SYR,Syrian Arab Republic,Other,Unknown,2002,2000,-0.130505282417402,-0.130505282417402,Low (<2%),7.85855098148016,1331.12579353123
TCD,Chad,Other,Unknown,2002,2000,5.19181895195446,5.19181895195446,High (5-10%),8.4912098197177,600.171451974963
TEA,East Asia & Pacific (IDA & IBRD countries),Other,Unknown,2002,2000,2.3431699096098,2.3431699096098,Moderate (2-5%),8.14910214520081,2451.23083387714
TEC,Europe & Central Asia (IDA & IBRD countries),Other,Unknown,2002,2000,5.6989904786131,5.6989904786131,High (5-10%),4.99079319794743,4789.40719343969
TGO,Togo,Other,Unknown,2002,2000,3.05981857535884,3.05981857535884,Moderate (2-5%),3.82662257675142,727.322768684689
THA,Thailand,Asia,Upper Middle,2002,2000,0.697308976625449,0.697308976625449,Low (<2%),6.14903605210036,3783.75422073266
TJK,Tajikistan,Other,Unknown,2002,2000,12.2499847845885,12.2499847845885,Very High (>10%),10.8000037591665,501.80856647117
TLA,Latin America & the Caribbean (IDA & IBRD countries),Other,Unknown,2002,2000,4.24026660688645,4.24026660688645,Moderate (2-5%),0.171881489199649,6458.56096728307
TMN,"Middle East, North Africa, Afghanistan & Pakistan (IDA & IBRD)",Other,Unknown,2002,2000,2.72913569925394,2.72913569925394,Moderate (2-5%),3.36398493325214,2369.04863370009
TON,Tonga,Other,Unknown,2002,2000,10.3590607918507,10.3590607918507,Very High (>10%),4.4292235994526,4050.98962313421
TSA,South Asia (IDA & IBRD),Other,Unknown,2002,2000,3.75561866588351,3.75561866588351,Moderate (2-5%),3.77199800158957,793.587791994034
TSS,Sub-Saharan Africa (IDA & IBRD countries),Other,Unknown,2002,2000,4.70579123746033,4.70579123746033,Moderate (2-5%),6.39348834856033,1259.36882961546
TTO,Trinidad and Tobago,Other,Unknown,2002,2000,4.1500586166472,4.1500586166472,Moderate (2-5%),7.93670968715332,11165.960015838
TUN,Tunisia,Africa,Upper Middle,2002,2000,2.72103284850455,2.72103284850455,Moderate (2-5%),1.32255714828946,2950.20410959054
TUR,Turkiye,Europe,Upper Middle,2002,2000,44.964120947985,44.964120947985,Very High (>10%),6.43550883793114,6211.70542960394
TZA,Tanzania,Other,Low,2002,2000,5.31783366118203,5.31783366118203,High (5-10%),7.09319498355502,598.421569824219
UGA,Uganda,Other,Low,2002,2000,-0.287508511765196,-0.287508511765196,Low (<2%),8.73268576440127,547.405338919875
UKR,Ukraine,Other,Unknown,2002,2000,0.75742084639286,0.75742084639286,Low (<2%),5.33964720719075,1644.28125
UMC,Upper middle income,Other,Unknown,2002,2000,5.03072733151295,5.03072733151295,High (5-10%),4.85760888264437,3484.47233648938
URY,Uruguay,South America,High,2002,2000,13.9724725913515,13.9724725913515,Very High (>10%),-7.73200721540044,9806.7713064359
USA,United States,North America,High,2002,2000,1.58603162650601,1.58603162650601,Low (<2%),1.70044733078285,48967.3661217576
VCT,St. Vincent and the Grenadines,Other,Unknown,2002,2000,1.85550399046655,1.85550399046655,Low (<2%),5.34212707436718,5441.52648867536
VNM,Viet Nam,Asia,Lower Middle,2002,2000,3.83082838168468,3.83082838168468,Moderate (2-5%),6.32082099160833,1340.51670460271
VUT,Vanuatu,Other,Unknown,2002,2000,1.96356754199195,1.96356754199195,Low (<2%),-5.19831875936025,2784.99720920365
WLD,World,Other,Unknown,2002,2000,2.90799688587762,2.90799688587762,Moderate (2-5%),2.31891535273219,8010.64724039979
WSM,Samoa,Other,Unknown,2002,2000,8.0503144654087,8.0503144654087,High (5-10%),5.65195919890348,3291.3424477268
YEM,"Yemen, Rep.",Other,Unknown,2002,2000,12.2385339389711,12.2385339389711,Very High (>10%),3.9352315052778,2148.88860494788
ZAF,South Africa,Africa,Upper Middle,2002,2000,9.494713780996,9.494713780996,High (5-10%),3.70037440406668,4916.81498068625
ZMB,Zambia,Other,Unknown,2002,2000,22.2333446430947,22.2333446430947,Very High (>10%),4.50601428032604,833.021177549004
ABW,Aruba,Other,Unknown,2003,2000,3.65636507938418,3.65636507938418,Moderate (2-5%),1.11050459944282,28525.8077063839
AFE,Africa Eastern and Southern,Other,Unknown,2003,2000,7.44970014007366,7.44970014007366,High (5-10%),3.00926854844221,1235.59805226329
AFW,Africa Western and Central,Other,Unknown,2003,2000,1.76090410099629,1.76090410099629,Low (<2%),5.62639021570637,1336.53509360063
AGO,Angola,Africa,Lower Middle,2003,2000,98.2241436573304,98.2241436573304,Very High (>10%),3.48731240097521,2403.40415157242
ALB,Albania,Other,Unknown,2003,2000,0.484002611818503,0.484002611818503,Low (<2%),5.33326426009945,2428.68934653563
ARB,Arab World,Other,Unknown,2003,2000,2.71259247474352,2.71259247474352,Moderate (2-5%),4.19199685279152,4939.55134024018
ARM,Armenia,Other,Unknown,2003,2000,4.7215533660534,4.7215533660534,Moderate (2-5%),14.0000000015501,1759.64684829386
ATG,Antigua and Barbuda,Other,Unknown,2003,2000,1.99353055152454,1.99353055152454,Low (<2%),6.07663666406602,15703.9347145491
AUS,Australia,Oceania,High,2003,2000,2.73259754838937,2.73259754838937,Moderate (2-5%),3.0912800997751,48509.6632180363
AUT,Austria,Europe,High,2003,2000,1.35555370896445,1.35555370896445,Low (<2%),1.14156504542775,39569.2885567329
AZE,Azerbaijan,Other,Unknown,2003,2000,2.23386492967049,2.23386492967049,Moderate (2-5%),10.2082994004776,1949.60608417331
BDI,Burundi,Other,Unknown,2003,2000,10.6474645658306,10.6474645658306,Very High (>10%),-1.22372796023444,255.500823385612
BEL,Belgium,Europe,High,2003,2000,1.58896399970372,1.58896399970372,Low (<2%),1.03795518162204,36826.2699296094
BEN,Benin,Other,Unknown,2003,2000,1.48724246145442,1.48724246145442,Low (<2%),3.44357677591658,896.146763201736
BFA,Burkina Faso,Other,Unknown,2003,2000,2.03456574053815,2.03456574053815,Moderate (2-5%),7.80249388870359,468.263047790124
BGD,Bangladesh,Asia,Lower Middle,2003,2000,5.66870773441476,5.66870773441476,High (5-10%),4.73956739963045,676.826252046427
BGR,Bulgaria,Other,Unknown,2003,2000,2.34864169582758,2.34864169582758,Moderate (2-5%),5.23715282493174,4519.415326977
BHR,Bahrain,Middle East,High,2003,2000,1.59362549800787,1.59362549800787,Low (<2%),6.29644129075703,23857.6403579769
BHS,"Bahamas, The",Other,Unknown,2003,2000,3.02504526252236,3.02504526252236,Moderate (2-5%),-1.26491667612372,32559.311554898
BLR,Belarus,Other,Unknown,2003,2000,28.3978399133474,28.3978399133474,Very High (>10%),7.04319246586394,3137.26261430575
BLZ,Belize,Other,Unknown,2003,2000,2.31808274663101,2.31808274663101,Moderate (2-5%),9.66522679614125,6274.47428279313
BOL,Bolivia,South America,Upper Middle,2003,2000,3.33727499671534,3.33727499671534,Moderate (2-5%),2.7113398065361,2050.07133419082
BRA,Brazil,South America,Upper Middle,2003,2000,14.7149197228147,14.7149197228147,Very High (>10%),1.14082899824888,6941.4404574508
BRB,Barbados,Other,Unknown,2003,2000,1.61943319838054,1.61943319838054,Low (<2%),2.175481019956,21979.2923230027
BRN,Brunei Darussalam,Other,Unknown,2003,2000,0.299999999999967,0.299999999999967,Low (<2%),3.58342909978997,38595.1688513702
BTN,Bhutan,Other,Unknown,2003,2000,2.57230861693339,2.57230861693339,Moderate (2-5%),7.78656040877364,1506.4152751782
BWA,Botswana,Other,Unknown,2003,2000,9.18990265632739,9.18990265632739,High (5-10%),4.62589474959299,5320.440295139
CAF,Central African Republic,Other,Unknown,2003,2000,4.13470905150996,4.13470905150996,Moderate (2-5%),-5.39748521855877,418.240532289858
CAN,Canada,North America,High,2003,2000,2.75856321360112,2.75856321360112,Moderate (2-5%),1.8063851195103,39270.0629084669
CEB,Central Europe and the Baltics,Other,Unknown,2003,2000,2.34864169582758,2.34864169582758,Moderate (2-5%),3.9968763320081,8405.64953510181
CHE,Switzerland,Europe,High,2003,2000,0.63827293088719,0.63827293088719,Low (<2%),-0.284222357857615,74592.0284690955
CHL,Chile,South America,High,2003,2000,2.8101787574361,2.8101787574361,Moderate (2-5%),4.72324526861041,9130.7842621819
CHN,China,Asia,Upper Middle,2003,2000,1.12760348729637,1.12760348729637,Low (<2%),10.1138119025242,2856.85053293219
CIV,Cote d'Ivoire,Africa,Lower Middle,2003,2000,3.29680746974208,3.29680746974208,Moderate (2-5%),-4.72586658630681,1441.58801755037
CMR,Cameroon,Africa,Lower Middle,2003,2000,0.623163557374316,0.623163557374316,Low (<2%),5.45315368881347,1221.09446141454
COD,"Congo, Dem. Rep.",Other,Unknown,2003,2000,12.8739657187405,12.8739657187405,Very High (>10%),5.57782231227127,329.709536541877
COG,"Congo, Rep.",Other,Unknown,2003,2000,-0.631844987363156,-0.631844987363156,Low (<2%),0.813264076303781,2058.88683675038
COL,Colombia,South America,Upper Middle,2003,2000,7.1297886294186,7.1297886294186,High (5-10%),3.91827190322513,4154.17528523618
COM,Comoros,Other,Unknown,2003,2000,3.799081366719,3.799081366719,Moderate (2-5%),1.93442812313498,1216.98069479509
CPV,Cabo Verde,Other,Unknown,2003,2000,1.18817038620528,1.18817038620528,Low (<2%),4.17625932578332,2186.89500422765
CRI,Costa Rica,Other,Unknown,2003,2000,9.44758091616984,9.44758091616984,High (5-10%),4.31718000096654,8207.45747826141
CSS,Caribbean small states,Other,Unknown,2003,2000,2.19518237141616,2.19518237141616,Moderate (2-5%),6.08516854277062,11605.4238812576
CUW,Curacao,Other,Unknown,2003,2000,1.63371391441571,1.63371391441571,Low (<2%),0.288186681651752,21840.8913168396
CYP,Cyprus,Other,Unknown,2003,2000,4.13906538686852,4.13906538686852,Moderate (2-5%),2.62329962315329,23930.7734375
CZE,Czechia,Other,Unknown,2003,2000,0.118739205526815,0.118739205526815,Low (<2%),3.300836832613,13618.9349633164
DEU,Germany,Europe,High,2003,2000,1.03422218628562,1.03422218628562,Low (<2%),-0.529801394291297,35270.0227284267
DJI,Djibouti,Other,Unknown,2003,2000,1.98196734627545,1.98196734627545,Low (<2%),,
DMA,Dominica,Other,Unknown,2003,2000,1.45336800437251,1.45336800437251,Low (<2%),5.80495468629533,7047.66189595946
DNK,Denmark,Europe,High,2003,2000,2.07507820646506,2.07507820646506,Moderate (2-5%),0.441091006625101,49708.0909084109
DOM,Dominican Republic,Other,Unknown,2003,2000,27.4497127394395,27.4497127394395,Very High (>10%),-1.34935744782766,4162.66686117661
DZA,Algeria,Africa,Upper Middle,2003,2000,4.268953958395,4.268953958395,Moderate (2-5%),6.50000000062043,3945.89816094007
EAP,East Asia & Pacific (excluding high income),Other,Unknown,2003,2000,3.7036979752848,3.7036979752848,Moderate (2-5%),9.02065430556848,2618.71809817655
EAR,Early-demographic dividend,Other,Unknown,2003,2000,5.45293224327203,5.45293224327203,High (5-10%),4.94950591739538,2214.01476503093
EAS,East Asia & Pacific,Other,Unknown,2003,2000,2.28915662650607,2.28915662650607,Moderate (2-5%),4.92170965026801,5602.52459533088
ECA,Europe & Central Asia (excluding high income),Other,Unknown,2003,2000,4.95061559256828,4.95061559256828,Moderate (2-5%),6.60632485976573,3636.01340486753
ECS,Europe & Central Asia,Other,Unknown,2003,2000,2.34864169582758,2.34864169582758,Moderate (2-5%),1.82009404804488,19434.9539216248
ECU,Ecuador,South America,Upper Middle,2003,2000,7.92936487461556,7.92936487461556,High (5-10%),2.88450036512064,4220.21298466638
EGY,"Egypt, Arab Rep.",Africa,Lower Middle,2003,2000,4.50777636319304,4.50777636319304,Moderate (2-5%),3.19345473756772,2524.80477195753
EMU,Euro area,Other,Unknown,2003,2000,2.09847219146919,2.09847219146919,Moderate (2-5%),0.767586747443971,31005.4460255685
ESP,Spain,Europe,High,2003,2000,3.03888839396661,3.03888839396661,Moderate (2-5%),2.9392895953076,25481.1653690112
EST,Estonia,Other,Unknown,2003,2000,1.33499116549955,1.33499116549955,Low (<2%),7.59630181032645,12424.0441535693
ETH,Ethiopia,Africa,Low,2003,2000,13.6740452028272,13.6740452028272,Very High (>10%),-2.16135972256865,243.076666020009
EUU,European Union,Other,Unknown,2003,2000,2.09199838997655,2.09199838997655,Moderate (2-5%),0.936973000922009,27284.7373654402
FIN,Finland,Europe,High,2003,2000,0.877440386254729,0.877440386254729,Low (<2%),2.01179992738312,40038.9839702277
FJI,Fiji,Other,Unknown,2003,2000,4.17274777763034,4.17274777763034,Moderate (2-5%),0.999998995078172,4087.72446536081
FRA,France,Europe,High,2003,2000,2.09847219146919,2.09847219146919,Moderate (2-5%),0.967827182558352,33840.6175720101
FSM,"Micronesia, Fed. Sts.",Other,Unknown,2003,2000,0.126643348208903,0.126643348208903,Low (<2%),1.76275629920303,2840.52449068865
GAB,Gabon,Other,Unknown,2003,2000,2.23535313551536,2.23535313551536,Moderate (2-5%),2.2473300115045,7301.67154442842
GBR,United Kingdom,Europe,High,2003,2000,1.37650038542013,1.37650038542013,Low (<2%),3.21851612669614,41706.8303930126
GEO,Georgia,Other,Unknown,2003,2000,0.837734531536568,0.837734531536568,Low (<2%),11.0570310020104,1977.46143338741
GHA,Ghana,Africa,Unknown,2003,2000,29.7729797160384,29.7729797160384,Very High (>10%),5.200000133101,1077.69990866645
GMB,"Gambia, The",Other,Unknown,2003,2000,17.0328665431988,17.0328665431988,Very High (>10%),6.86999962173842,665.834222326194
GNB,Guinea-Bissau,Other,Unknown,2003,2000,-3.50258551103421,-3.50258551103421,Low (<2%),-0.285931052286514,579.092506821836
GNQ,Equatorial Guinea,Other,Unknown,2003,2000,7.32354399351809,7.32354399351809,High (5-10%),13.9552503163825,7082.65489186921
GRC,Greece,Europe,High,2003,2000,3.53065027765552,3.53065027765552,Moderate (2-5%),5.79682274294369,20632.2557041942
GRD,Grenada,Other,Unknown,2003,2000,2.15492809908679,2.15492809908679,Moderate (2-5%),9.46397343076491,7309.78547094579
GTM,Guatemala,Other,Unknown,2003,2000,5.60347675434469,5.60347675434469,High (5-10%),2.56037766801896,3222.15622111509
GUY,Guyana,Other,Unknown,2003,2000,5.98097814066473,5.98097814066473,High (5-10%),-0.632225388266377,3873.04123684261
HIC,High income,Other,Unknown,2003,2000,2.06537075200125,2.06537075200125,Moderate (2-5%),2.27744541607615,31459.5817301314
HKG,"Hong Kong SAR, China",Other,Unknown,2003,2000,-2.67379679144394,-2.67379679144394,Low (<2%),3.05635886663597,28097.0971397308
HND,Honduras,Other,Unknown,2003,2000,7.67416639397743,7.67416639397743,High (5-10%),4.54703805165397,1842.29750018813
HPC,Heavily indebted poor countries (HIPC),Other,Unknown,2003,2000,5.30238773219936,5.30238773219936,High (5-10%),4.02482247486702,699.537450245131
HRV,Croatia,Other,Unknown,2003,2000,1.76733780760629,1.76733780760629,Low (<2%),5.56842901730823,10619.3351874985
HTI,Haiti,Other,Unknown,2003,2000,28.6995777887374,28.6995777887374,Very High (>10%),3.48077973188326,1326.47161042212
HUN,Hungary,Other,Unknown,2003,2000,4.66101694915254,4.66101694915254,Moderate (2-5%),3.93877761242727,10253.723920764
IBD,IBRD only,Other,Unknown,2003,2000,4.09500376698844,4.09500376698844,Moderate (2-5%),5.89113199130702,3048.08979022397
IBT,IDA & IBRD total,Other,Unknown,2003,2000,4.52733824219011,4.52733824219011,Moderate (2-5%),5.8006835934344,2572.95758342267
IDA,IDA total,Other,Unknown,2003,2000,5.30297697364859,5.30297697364859,High (5-10%),4.82926508246241,966.711421750773
IDB,IDA blend,Other,Unknown,2003,2000,2.91413470059479,2.91413470059479,Moderate (2-5%),4.52441763529291,1395.74781049748
IDN,Indonesia,Asia,Lower Middle,2003,2000,6.75731256333564,6.75731256333564,High (5-10%),4.78036912167654,1991.91820506473
IDX,IDA only,Other,Unknown,2003,2000,5.70700931874738,5.70700931874738,High (5-10%),5.15164613105814,736.445386593645
IND,India,Asia,Lower Middle,2003,2000,3.80585899528853,3.80585899528853,Moderate (2-5%),7.86038147545045,841.278894562408
IRL,Ireland,Europe,High,2003,2000,3.49221909079765,3.49221909079765,Moderate (2-5%),3.01383869396012,46594.8620267616
IRN,"Iran, Islamic Rep.",Asia,Lower Middle,2003,2000,16.4680116244792,16.4680116244792,Very High (>10%),8.6392983972006,4511.43134034458
IRQ,Iraq,Middle East,Unknown,2003,2000,33.6162105992383,33.6162105992383,Very High (>10%),-36.6567804383165,2250.06990123369
ISL,Iceland,Other,Unknown,2003,2000,2.05566329753744,2.05566329753744,Moderate (2-5%),2.28136971847135,45088.9226082383
ISR,Israel,Europe,High,2003,2000,0.70763061681807,0.70763061681807,Low (<2%),1.43455918035305,28079.3253966943
ITA,Italy,Europe,High,2003,2000,2.6725555277285,2.6725555277285,Moderate (2-5%),0.0665538088732092,33110.1698494812
JAM,Jamaica,Other,Unknown,2003,2000,10.0869565217391,10.0869565217391,Very High (>10%),3.66631759041991,5467.17406988236
JOR,Jordan,Other,Unknown,2003,2000,1.62999999999998,1.62999999999998,Low (<2%),4.16166755544363,4054.22612609768
JPN,Japan,Asia,High,2003,2000,-0.256541816316025,-0.256541816316025,Low (<2%),1.38010935830795,32115.5810785373
KAZ,Kazakhstan,Other,Unknown,2003,2000,6.4382181011894,6.4382181011894,High (5-10%),9.30000000033759,5724.43199248054
KEN,Kenya,Africa,Low,2003,2000,9.81569062979654,9.81569062979654,High (5-10%),2.93247554570904,1169.14433674051
KGZ,Kyrgyz Republic,Other,Unknown,2003,2000,2.97461295184355,2.97461295184355,Moderate (2-5%),7.03029319731168,786.350474964134
KHM,Cambodia,Other,Unknown,2003,2000,0.94174611779921,0.94174611779921,Low (<2%),10.2836813071691,719.333494240509
KNA,St. Kitts and Nevis,Other,Unknown,2003,2000,2.23543664374553,2.23543664374553,Moderate (2-5%),-3.93339486032939,14100.3067967234
KOR,"Korea, Rep.",Asia,High,2003,2000,3.51487451459939,3.51487451459939,Moderate (2-5%),3.07472661826947,20278.0406421178
KWT,Kuwait,Middle East,High,2003,2000,0.961350293542112,0.961350293542112,Low (<2%),17.3260204175143,35169.6335737863
LAC,Latin America & Caribbean (excluding high income),Other,Unknown,2003,2000,5.45293224327203,5.45293224327203,High (5-10%),2.10899402237202,6328.85389898797
LAO,Lao PDR,Other,Unknown,2003,2000,15.4893529233525,15.4893529233525,Very High (>10%),6.06700230344272,1038.71192767783
LBR,Liberia,Other,Unknown,2003,2000,10.3302881236823,10.3302881236823,Very High (>10%),-30.145132727942,528.567395543421
LBY,Libya,Other,Unknown,2003,2000,-2.19115191986647,-2.19115191986647,Low (<2%),13.0160372478013,11267.0627623548
LCA,St. Lucia,Other,Unknown,2003,2000,1.03425372426221,1.03425372426221,Low (<2%),4.26461148738223,9054.06778374517
LCN,Latin America & Caribbean,Other,Unknown,2003,2000,3.73373566167644,3.73373566167644,Moderate (2-5%),2.21067339617767,6668.85196382399
LDC,Least developed countries: UN classification,Other,Unknown,2003,2000,6.48943208673338,6.48943208673338,High (5-10%),5.15507357801441,690.027993459742
LIC,Low income,Other,Unknown,2003,2000,6.96956611340352,6.96956611340352,High (5-10%),4.3794101267205,636.681570479962
LKA,Sri Lanka,Asia,Lower Middle,2003,2000,6.31463787051174,6.31463787051174,High (5-10%),5.9402690780223,2052.03044701403
LMC,Lower middle income,Other,Unknown,2003,2000,5.30238773219936,5.30238773219936,High (5-10%),5.42892222853892,1086.00605228519
LMY,Low & middle income,Other,Unknown,2003,2000,5.12899499422419,5.12899499422419,High (5-10%),5.80567258902332,2360.95764512632
LSO,Lesotho,Other,Unknown,2003,2000,6.62916357146762,6.62916357146762,High (5-10%),4.55977716384528,798.540500554454
LTE,Late-demographic dividend,Other,Unknown,2003,2000,3.23464817293925,3.23464817293925,Moderate (2-5%),6.87823190586745,4049.32719801138
LTU,Lithuania,Other,Unknown,2003,2000,-1.13430854990247,-1.13430854990247,Low (<2%),10.5518959629574,8218.69336289848
LUX,Luxembourg,Other,Unknown,2003,2000,2.04984030563516,2.04984030563516,Moderate (2-5%),2.6192502126754,97603.4028137275
LVA,Latvia,Other,Unknown,2003,2000,2.94264752948478,2.94264752948478,Moderate (2-5%),8.42913257059108,8149.00183600084
MAC,"Macao SAR, China",Other,Unknown,2003,2000,-1.56245203671305,-1.56245203671305,Low (<2%),11.6433551416587,38581.6976189322
MAR,Morocco,Africa,Lower Middle,2003,2000,1.16773367477592,1.16773367477592,Low (<2%),6.17110214953244,2229.576171875
MDA,Moldova,Other,Unknown,2003,2000,11.7460792058232,11.7460792058232,Very High (>10%),6.59999995777716,1654.36629303195
MDG,Madagascar,Other,Unknown,2003,2000,-1.70400479616298,-1.70400479616298,Low (<2%),9.78489212474175,433.601040301214
MDV,Maldives,Other,Unknown,2003,2000,-1.26065113450354,-1.26065113450354,Low (<2%),13.7500496410836,7845.29307409315
MEA,"Middle East, North Africa, Afghanistan & Pakistan",Other,Unknown,2003,2000,2.12326619508507,2.12326619508507,Moderate (2-5%),4.62432352744825,4079.82924310156
MEX,Mexico,North America,Upper Middle,2003,2000,4.54690012118718,4.54690012118718,Moderate (2-5%),1.18554486709559,9221.99666685464
MIC,Middle income,Other,Unknown,2003,2000,4.54690012118718,4.54690012118718,Moderate (2-5%),5.83502698059388,2515.39133887836
MKD,North Macedonia,Other,Unknown,2003,2000,0.855562122724219,0.855562122724219,Low (<2%),2.22260165732409,3307.92040834712
MLI,Mali,Other,Unknown,2003,2000,-1.34672619047621,-1.34672619047621,Low (<2%),9.79712256086644,814.808466518784
MLT,Malta,Other,Unknown,2003,2000,1.30383777442602,1.30383777442602,Low (<2%),3.69331066307235,17775.4180936551
MMR,Myanmar,Other,Unknown,2003,2000,36.5897175323924,36.5897175323924,Very High (>10%),13.8439968903798,411.498764121919
MNA,"Middle East, North Africa, Afghanistan & Pakistan (excluding high income)",Other,Unknown,2003,2000,4.268953958395,4.268953958395,Moderate (2-5%),2.67464239432699,2376.11302385758
MNG,Mongolia,Other,Unknown,2003,2000,5.12899499422419,5.12899499422419,High (5-10%),7.00463457384886,1775.64906676137
MRT,Mauritania,Other,Unknown,2003,2000,5.15190150769578,5.15190150769578,High (5-10%),6.92826955106302,1311.83928290699
MUS,Mauritius,Other,Unknown,2003,2000,3.92105357558188,3.92105357558188,Moderate (2-5%),5.9254454894774,6228.82545560651
MWI,Malawi,Other,Low,2003,2000,9.57679786919214,9.57679786919214,High (5-10%),5.70563940467414,397.224846758815
MYS,Malaysia,Asia,Upper Middle,2003,2000,1.08967632577286,1.08967632577286,Low (<2%),5.7884992858875,6732.92049458099
NAC,North America,Other,Unknown,2003,2000,2.51432909348113,2.51432909348113,Moderate (2-5%),2.71703858412589,48872.9887267576
NAM,Namibia,Other,Unknown,2003,2000,7.1361531145863,7.1361531145863,High (5-10%),4.23979429582137,3232.30589658857
NER,Niger,Other,Unknown,2003,2000,-1.61440769175596,-1.61440769175596,Low (<2%),2.1706103837418,406.333757497876
NGA,Nigeria,Africa,Low,2003,2000,14.0317836131437,14.0317836131437,Very High (>10%),7.34719496793299,1717.21451111739
NIC,Nicaragua,Other,Unknown,2003,2000,5.30238773219936,5.30238773219936,High (5-10%),2.52073289551447,1494.95618752566
NLD,Netherlands,Europe,High,2003,2000,2.09199838997655,2.09199838997655,Moderate (2-5%),0.0978549395212411,40981.839972092
NOR,Norway,Europe,High,2003,2000,2.48782553461781,2.48782553461781,Moderate (2-5%),1.09635781210122,69702.361157641
NPL,Nepal,Asia,Lower Middle,2003,2000,5.70700931874738,5.70700931874738,High (5-10%),3.94503776051116,570.28967363428
NZL,New Zealand,Oceania,High,2003,2000,1.75357444759557,1.75357444759557,Low (<2%),4.72587484712128,33502.6490755696
OED,OECD members,Other,Unknown,2003,2000,2.18428358241517,2.18428358241517,Moderate (2-5%),2.02555450027376,31536.7882697534
OMN,Oman,Middle East,High,2003,2000,0.231328682267143,0.231328682267143,Low (<2%),-2.19466567976842,19485.6441506077
OSS,Other small states,Other,Unknown,2003,2000,2.57230861693339,2.57230861693339,Moderate (2-5%),4.26878748461303,8857.86466448506
PAK,Pakistan,Asia,Lower Middle,2003,2000,2.91413470059479,2.91413470059479,Moderate (2-5%),5.40131087314342,1090.27523993746
PAN,Panama,Other,Unknown,2003,2000,0.391666666666709,0.391666666666709,Low (<2%),5.09686030493801,7037.08165700349
PER,Peru,South America,Upper Middle,2003,2000,2.25937753363072,2.25937753363072,Moderate (2-5%),4.16502313666112,3502.79165687646
PHL,Philippines,Asia,Lower Middle,2003,2000,2.28915662650607,2.28915662650607,Moderate (2-5%),5.08691113513073,1892.82161995051
PLW,Palau,Other,Unknown,2003,2000,0.922874093605824,0.922874093605824,Low (<2%),-2.12775905744436,13111.7142001123
PNG,Papua New Guinea,Other,Unknown,2003,2000,14.7090779663557,14.7090779663557,Very High (>10%),2.16410250222083,1832.67870314447
POL,Poland,Europe,Unknown,2003,2000,0.682701375787632,0.682701375787632,Low (<2%),3.52337117234833,7915.55424389704
PRE,Pre-demographic dividend,Other,Unknown,2003,2000,5.2277338613968,5.2277338613968,High (5-10%),-0.568919674134492,1087.81145769948
PRT,Portugal,Europe,High,2003,2000,3.21899090682895,3.21899090682895,Moderate (2-5%),-0.930521045062918,18846.5411893632
PRY,Paraguay,South America,Upper Middle,2003,2000,14.2367970499143,14.2367970499143,Very High (>10%),4.32074548551591,4035.71833919883
PSE,West Bank and Gaza,Other,Unknown,2003,2000,4.40303221730888,4.40303221730888,Moderate (2-5%),14.0156476793996,2041.60484619659
PSS,Pacific island small states,Other,Unknown,2003,2000,3.01624129930394,3.01624129930394,Moderate (2-5%),1.91734839547497,3236.8833823393
PST,Post-demographic dividend,Other,Unknown,2003,2000,2.02168542857985,2.02168542857985,Moderate (2-5%),2.00971709302573,35572.4811697497
QAT,Qatar,Middle East,High,2003,2000,2.26456504389469,2.26456504389469,Moderate (2-5%),3.7199194981967,54970.419888684
ROU,Romania,Other,Unknown,2003,2000,15.2734889936255,15.2734889936255,Very High (>10%),2.34114732919521,5410.30835796252
RUS,Russian Federation,Europe,Upper Middle,2003,2000,13.6632930228666,13.6632930228666,Very High (>10%),7.29995234528189,6370.45361328125
RWA,Rwanda,Other,Low,2003,2000,7.44970014007366,7.44970014007366,High (5-10%),2.2023875095978,397.480382602602
SAS,South Asia,Other,Unknown,2003,2000,4.73728336485164,4.73728336485164,Moderate (2-5%),7.46572456516969,838.605352866225
SAU,Saudi Arabia,Asia,High,2003,2000,0.612195358172966,0.612195358172966,Low (<2%),8.76873381743964,20765.9387688082
SDN,Sudan,Other,Unknown,2003,2000,6.48943208673338,6.48943208673338,High (5-10%),6.28880816146516,1226.42077636719
SEN,Senegal,Other,Unknown,2003,2000,-0.0519970242714495,-0.0519970242714495,Low (<2%),5.59395094456143,1074.38578467686
SGP,Singapore,Asia,High,2003,2000,0.507905300237551,0.507905300237551,Low (<2%),4.54825542643229,36709.7965038255
SLB,Solomon Islands,Other,Unknown,2003,2000,8.26946349334406,8.26946349334406,High (5-10%),6.52346760921694,1573.84348435767
SLV,El Salvador,Other,Unknown,2003,2000,2.1203909173333,2.1203909173333,Moderate (2-5%),1.56539303147618,3057.16467629097
SRB,Serbia,Other,Unknown,2003,2000,9.87617889729578,9.87617889729578,High (5-10%),4.55968997935088,4233.77644906089
SSA,Sub-Saharan Africa (excluding high income),Other,Unknown,2003,2000,6.08442811371068,6.08442811371068,High (5-10%),4.1312972548824,1275.3040078456
SSF,Sub-Saharan Africa,Other,Unknown,2003,2000,5.67942414068799,5.67942414068799,High (5-10%),4.12072590578165,1276.36045213934
SST,Small states,Other,Unknown,2003,2000,2.27675969518827,2.27675969518827,Moderate (2-5%),4.74180180443319,8809.07593512754
STP,Sao Tome and Principe,Other,Unknown,2003,2000,9.79241974934509,9.79241974934509,High (5-10%),8.29151946119818,1036.86196260207
SUR,Suriname,Other,Unknown,2003,2000,23.0022321778219,23.0022321778219,Very High (>10%),6.29999943314137,6567.84309876847
SVK,Slovak Republic,Other,Unknown,2003,2000,8.55414305406653,8.55414305406653,High (5-10%),4.85669851591319,10168.02256533
SVN,Slovenia,Other,Unknown,2003,2000,5.54416421752897,5.54416421752897,High (5-10%),3.19503117236037,17635.3608581831
SWE,Sweden,Europe,High,2003,2000,1.92565534892383,1.92565534892383,Low (<2%),1.88102769675844,43475.3655433221
SWZ,Eswatini,Other,Unknown,2003,2000,7.28999999999999,7.28999999999999,High (5-10%),4.53865525672528,2448.83792077995
SYC,Seychelles,Other,Unknown,2003,2000,3.30255386407089,3.30255386407089,Moderate (2-5%),-5.88712848764477,10677.9692081272
SYR,Syrian Arab Republic,Other,Unknown,2003,2000,5.79682944905841,5.79682944905841,High (5-10%),0.590781711933914,1307.48124980131
TCD,Chad,Other,Unknown,2003,2000,-1.75256941248655,-1.75256941248655,Low (<2%),14.7216670123589,661.55691667897
TEA,East Asia & Pacific (IDA & IBRD countries),Other,Unknown,2003,2000,3.23464817293925,3.23464817293925,Moderate (2-5%),9.0198981787084,2649.71946543958
TEC,Europe & Central Asia (IDA & IBRD countries),Other,Unknown,2003,2000,4.7215533660534,4.7215533660534,Moderate (2-5%),6.18506307871878,5084.48553032781
TGO,Togo,Other,Unknown,2003,2000,-0.930000884072214,-0.930000884072214,Low (<2%),6.72017142336034,757.076842057466
THA,Thailand,Asia,Upper Middle,2003,2000,1.80434994635718,1.80434994635718,Low (<2%),7.18924330340971,4018.15538187068
TJK,Tajikistan,Other,Unknown,2003,2000,16.3034912049491,16.3034912049491,Very High (>10%),10.9999990780572,546.391479808684
TLA,Latin America & the Caribbean (IDA & IBRD countries),Other,Unknown,2003,2000,4.54690012118718,4.54690012118718,Moderate (2-5%),2.27451039953415,6518.71090729152
TLS,Timor-Leste,Other,Unknown,2003,2000,7.16515891441839,7.16515891441839,High (5-10%),-2.18226413236545,964.32256461813
TMN,"Middle East, North Africa, Afghanistan & Pakistan (IDA & IBRD)",Other,Unknown,2003,2000,3.5915443294949,3.5915443294949,Moderate (2-5%),2.61828464466458,2378.2687729575
TON,Tonga,Other,Unknown,2003,2000,11.6386219580734,11.6386219580734,Very High (>10%),0.0518054450729011,4030.19690552619
TSA,South Asia (IDA & IBRD),Other,Unknown,2003,2000,4.73728336485164,4.73728336485164,Moderate (2-5%),7.46572456516969,838.605352866225
TSS,Sub-Saharan Africa (IDA & IBRD countries),Other,Unknown,2003,2000,5.67942414068799,5.67942414068799,High (5-10%),4.1207259057817,1276.36045213934
TTO,Trinidad and Tobago,Other,Unknown,2003,2000,3.8111062439687,3.8111062439687,Moderate (2-5%),14.4409895389734,12714.5004334846
TUN,Tunisia,Africa,Upper Middle,2003,2000,2.71259247474352,2.71259247474352,Moderate (2-5%),4.70239953285241,3058.22895827842
TUR,Turkiye,Europe,Upper Middle,2003,2000,21.6024384490573,21.6024384490573,Very High (>10%),5.79909321038525,6496.07277294612
TZA,Tanzania,Other,Low,2003,2000,5.30356621509782,5.30356621509782,High (5-10%),6.67278983053497,621.720703125
UGA,Uganda,Other,Low,2003,2000,8.68047651566884,8.68047651566884,High (5-10%),6.47325867166543,564.720539196569
UKR,Ukraine,Other,Unknown,2003,2000,5.17967781908315,5.17967781908315,High (5-10%),9.51660986436364,1814.25854492188
UMC,Upper middle income,Other,Unknown,2003,2000,4.22085086801267,4.22085086801267,Moderate (2-5%),5.93182709987083,3657.69991641844
URY,Uruguay,South America,High,2003,2000,19.3797301743995,19.3797301743995,Very High (>10%),0.805283915893824,9878.75684344081
USA,United States,North America,High,2003,2000,2.27009497336115,2.27009497336115,Moderate (2-5%),2.79560596378604,49905.5233080788
VCT,St. Vincent and the Grenadines,Other,Unknown,2003,2000,0.205981708824254,0.205981708824254,Low (<2%),6.69133665352797,5816.20788359407
VNM,Viet Nam,Asia,Lower Middle,2003,2000,3.23464817293925,3.23464817293925,Moderate (2-5%),6.89906349055258,1418.74337471509
VUT,Vanuatu,Other,Unknown,2003,2000,3.01624129930394,3.01624129930394,Moderate (2-5%),4.28833511695457,2833.77914920751
WLD,World,Other,Unknown,2003,2000,3.02504526252236,3.02504526252236,Moderate (2-5%),3.07416318395302,8151.0370050525
WSM,Samoa,Other,Unknown,2003,2000,0.115830115830107,0.115830115830107,Low (<2%),5.21262892634149,3444.99857743289
XKX,Kosovo,Other,Unknown,2003,2000,-1.08481262327414,-1.08481262327414,Low (<2%),,
YEM,"Yemen, Rep.",Other,Unknown,2003,2000,10.8323607023242,10.8323607023242,Very High (>10%),3.74739818489111,2164.86083019467
ZAF,South Africa,Africa,Upper Middle,2003,2000,5.67942414068799,5.67942414068799,High (5-10%),2.94907546754213,5011.62223150169
ZMB,Zambia,Other,Unknown,2003,2000,21.4015783901995,21.4015783901995,Very High (>10%),6.94497398221223,863.650190656785
ABW,Aruba,Other,Unknown,2004,2000,2.52912946932762,2.52912946932762,Moderate (2-5%),7.29372807096192,29959.7748189582
AFE,Africa Eastern and Southern,Other,Unknown,2004,2000,5.02342068616285,5.02342068616285,High (5-10%),5.63468233018918,1271.19569954919
AFW,Africa Western and Central,Other,Unknown,2004,2000,0.694336305945758,0.694336305945758,Low (<2%),8.07139668920397,1404.15452106467
AGO,Angola,Africa,Lower Middle,2004,2000,43.5421067519687,43.5421067519687,Very High (>10%),11.4198633904585,2583.32411461508
ALB,Albania,Other,Unknown,2004,2000,2.28001916938099,2.28001916938099,Moderate (2-5%),5.26626173860785,2567.29763687121
ARB,Arab World,Other,Unknown,2004,2000,3.63228004956625,3.63228004956625,Moderate (2-5%),9.08740851233671,5264.51546177734
ARM,Armenia,Other,Unknown,2004,2000,6.96126135875795,6.96126135875795,High (5-10%),10.4999999988202,1955.22262459229
ATG,Antigua and Barbuda,Other,Unknown,2004,2000,2.03007757853236,2.03007757853236,Moderate (2-5%),5.76710338270556,16433.4130541483
AUS,Australia,Oceania,High,2004,2000,2.34325687131265,2.34325687131265,Moderate (2-5%),4.21894147547516,50018.5904483861
AUT,Austria,Europe,High,2004,2000,2.0612061803287,2.0612061803287,Moderate (2-5%),2.56525534067859,40333.3307183894
AZE,Azerbaijan,Other,Unknown,2004,2000,6.70893042797786,6.70893042797786,High (5-10%),9.25380179728907,2111.4533834475
BDI,Burundi,Other,Unknown,2004,2000,8.17642937482053,8.17642937482053,High (5-10%),4.83365776809453,258.050009115333
BEL,Belgium,Europe,High,2004,2000,2.09728311239316,2.09728311239316,Moderate (2-5%),3.57120671942319,37976.6972967442
BEN,Benin,Other,Unknown,2004,2000,0.8738908308685,0.8738908308685,Low (<2%),4.42968455385082,907.624431209378
BFA,Burkina Faso,Other,Unknown,2004,2000,-0.400228702115452,-0.400228702115452,Low (<2%),4.47845213670386,474.086412333459
BGD,Bangladesh,Asia,Lower Middle,2004,2000,7.5875363850469,7.5875363850469,High (5-10%),5.23953291029852,702.656357081873
BGR,Bulgaria,Other,Unknown,2004,2000,6.14713074246267,6.14713074246267,High (5-10%),6.5104241389717,4850.11917184577
BHR,Bahrain,Middle East,High,2004,2000,2.35294117647062,2.35294117647062,Moderate (2-5%),6.98096175867695,23688.1121059225
BHS,"Bahamas, The",Other,Unknown,2004,2000,0.981914036757662,0.981914036757662,Low (<2%),0.882373744518318,32444.0739567569
BLR,Belarus,Other,Unknown,2004,2000,18.1082424937646,18.1082424937646,Very High (>10%),11.4497432088167,3520.40452642524
BLZ,Belize,Other,Unknown,2004,2000,6.39443099742399,6.39443099742399,High (5-10%),4.78066505273344,6383.07432412662
BOL,Bolivia,South America,Upper Middle,2004,2000,4.43738080101725,4.43738080101725,Moderate (2-5%),4.1732955905708,2099.9908107392
BRA,Brazil,South America,Upper Middle,2004,2000,6.59718509985963,6.59718509985963,High (5-10%),5.75996463670954,7258.78185165912
BRB,Barbados,Other,Unknown,2004,2000,1.39442231075691,1.39442231075691,Low (<2%),1.411597864066,22162.6344048607
BRN,Brunei Darussalam,Other,Unknown,2004,2000,0.814223994682613,0.814223994682613,Low (<2%),0.104538372603315,37948.6590825194
BTN,Bhutan,Other,Unknown,2004,2000,4.10593698272958,4.10593698272958,Moderate (2-5%),5.15725736177561,1552.73915195801
BWA,Botswana,Other,Unknown,2004,2000,6.94570363654675,6.94570363654675,High (5-10%),2.70582170611173,5369.42516766112
CAF,Central African Republic,Other,Unknown,2004,2000,-2.06640601136303,-2.06640601136303,Low (<2%),5.99488422798696,433.825227770233
CAN,Canada,North America,High,2004,2000,1.85725871857256,1.85725871857256,Low (<2%),3.09236381038156,40108.7990262916
CEB,Central Europe and the Baltics,Other,Unknown,2004,2000,3.5929759424951,3.5929759424951,Moderate (2-5%),5.87405028858834,8923.8782160842
CHE,Switzerland,Europe,High,2004,2000,0.802908730955226,0.802908730955226,Low (<2%),2.58692895529093,75997.4453154761
CHL,Chile,South America,High,2004,2000,1.05473871403517,1.05473871403517,Low (<2%),6.67425416822923,9642.37478651228
CHN,China,Asia,Upper Middle,2004,2000,3.82463743108159,3.82463743108159,Moderate (2-5%),10.1404291872206,3127.91444892337
CIV,Cote d'Ivoire,Africa,Lower Middle,2004,2000,1.45798835600741,1.45798835600741,Low (<2%),3.18503822575397,1451.86547141894
CMR,Cameroon,Africa,Lower Middle,2004,2000,0.233647380067584,0.233647380067584,Low (<2%),7.04886281858374,1271.74326874167
COD,"Congo, Dem. Rep.",Other,Unknown,2004,2000,3.99438400815971,3.99438400815971,Moderate (2-5%),6.73837393320788,341.714925752766
COG,"Congo, Rep.",Other,Unknown,2004,2000,2.42976607961799,2.42976607961799,Moderate (2-5%),3.47663162118089,2058.88402946896
COL,Colombia,South America,Upper Middle,2004,2000,5.90402005546502,5.90402005546502,High (5-10%),5.33302206759905,4311.91591255233
COM,Comoros,Other,Unknown,2004,2000,4.47499289078107,4.47499289078107,Moderate (2-5%),3.10041210399676,1231.14779946851
CPV,Cabo Verde,Other,Unknown,2004,2000,-1.8908217230618,-1.8908217230618,Low (<2%),10.197072633926,2379.79636224135
CRI,Costa Rica,Other,Unknown,2004,2000,12.3148150178852,12.3148150178852,Very High (>10%),4.42459978667458,8445.52917577429
CSS,Caribbean small states,Other,Unknown,2004,2000,2.35433222144196,2.35433222144196,Moderate (2-5%),4.64890987061356,12056.9139473837
CUW,Curacao,Other,Unknown,2004,2000,1.37912138094799,1.37912138094799,Low (<2%),0.208461073109362,21512.1116035171
CYP,Cyprus,Other,Unknown,2004,2000,2.28621706801678,2.28621706801678,Moderate (2-5%),5.02627226665527,24799.63671875
CZE,Czechia,Other,Unknown,2004,2000,2.76010781671153,2.76010781671153,Moderate (2-5%),4.73633969683438,14259.63342798
DEU,Germany,Europe,High,2004,2000,1.66573696655992,1.66573696655992,Low (<2%),1.16208684507278,35687.6378708542
DJI,Djibouti,Other,Unknown,2004,2000,3.12226204699352,3.12226204699352,Moderate (2-5%),,
DMA,Dominica,Other,Unknown,2004,2000,2.39410982050298,2.39410982050298,Moderate (2-5%),4.09783662273917,7323.8530008275
DNK,Denmark,Europe,High,2004,2000,1.15435693124934,1.15435693124934,Low (<2%),2.77635180744053,50956.3045398814
DOM,Dominican Republic,Other,Unknown,2004,2000,51.4608598338065,51.4608598338065,Very High (>10%),2.58556667449577,4212.01044121773
DZA,Algeria,Africa,Upper Middle,2004,2000,3.96180030257187,3.96180030257187,Moderate (2-5%),4.49999999976698,4066.28204806495
EAP,East Asia & Pacific (excluding high income),Other,Unknown,2004,2000,4.42677525782239,4.42677525782239,Moderate (2-5%),9.15582609885088,2835.31842515797
EAR,Early-demographic dividend,Other,Unknown,2004,2000,4.43526108410782,4.43526108410782,Moderate (2-5%),6.36586548140785,2314.66677487664
EAS,East Asia & Pacific,Other,Unknown,2004,2000,3.23751394003321,3.23751394003321,Moderate (2-5%),5.8618875785827,5886.18938389565
ECA,Europe & Central Asia (excluding high income),Other,Unknown,2004,2000,6.92165787428847,6.92165787428847,High (5-10%),9.59739774214208,3966.81545088351
ECS,Europe & Central Asia,Other,Unknown,2004,2000,2.82947796214662,2.82947796214662,Moderate (2-5%),3.18158585712092,19994.9526883816
ECU,Ecuador,South America,Upper Middle,2004,2000,2.74323198926704,2.74323198926704,Moderate (2-5%),6.83239736646514,4430.23717984188
EGY,"Egypt, Arab Rep.",Africa,Lower Middle,2004,2000,11.270619332052,11.270619332052,Very High (>10%),4.09207161019908,2574.42341789647
EMU,Euro area,Other,Unknown,2004,2000,2.22567916428894,2.22567916428894,Moderate (2-5%),2.32594393008132,31559.0180212487
ESP,Spain,Europe,High,2004,2000,3.03924881090924,3.03924881090924,Moderate (2-5%),3.1145314799161,25825.3106463315
EST,Estonia,Other,Unknown,2004,2000,3.04811107523416,3.04811107523416,Moderate (2-5%),6.80070110758655,13348.5284463324
ETH,Ethiopia,Africa,Low,2004,2000,3.32737047894847,3.32737047894847,Moderate (2-5%),13.5726031401471,267.923513391712
EUU,European Union,Other,Unknown,2004,2000,2.28621706801678,2.28621706801678,Moderate (2-5%),2.59990360700064,27885.7767479776
FIN,Finland,Europe,High,2004,2000,0.187120559084474,0.187120559084474,Low (<2%),4.00537952277651,41521.962874476
FJI,Fiji,Other,Unknown,2004,2000,2.82748519391201,2.82748519391201,Moderate (2-5%),5.30000086613597,4264.59725802376
FRA,France,Europe,High,2004,2000,2.14208964640239,2.14208964640239,Moderate (2-5%),2.86825052501032,34557.1471111581
FSM,"Micronesia, Fed. Sts.",Other,Unknown,2004,2000,2.27669698247304,2.27669698247304,Moderate (2-5%),-3.19037831026102,2758.74590390098
GAB,Gabon,Other,Unknown,2004,2000,0.40820530743925,0.40820530743925,Low (<2%),0.689543058464849,7148.98713447497
GBR,United Kingdom,Europe,High,2004,2000,1.39039756680422,1.39039756680422,Low (<2%),2.32601853325993,42434.8209023638
GEO,Georgia,Other,Unknown,2004,2000,5.65632636191132,5.65632636191132,High (5-10%),5.79268292682926,2105.00472843799
GHA,Ghana,Africa,Unknown,2004,2000,18.0427388232565,18.0427388232565,Very High (>10%),5.59999999077445,1108.30475353633
GMB,"Gambia, The",Other,Unknown,2004,2000,14.2067432845569,14.2067432845569,Very High (>10%),7.05000000064635,693.563314497133
GNB,Guinea-Bissau,Other,Unknown,2004,2000,0.883302696930943,0.883302696930943,Low (<2%),1.17189152277038,572.526464627294
GNQ,Equatorial Guinea,Other,Unknown,2004,2000,4.21968787094834,4.21968787094834,Moderate (2-5%),37.9987268556423,9208.60566707162
GRC,Greece,Europe,High,2004,2000,2.8988481075817,2.8988481075817,Moderate (2-5%),5.37786634595851,21688.1050959558
GRD,Grenada,Other,Unknown,2004,2000,2.3129167822611,2.3129167822611,Moderate (2-5%),-0.647450316084857,7233.29494434962
GTM,Guatemala,Other,Unknown,2004,2000,7.57862247309729,7.57862247309729,High (5-10%),3.13791683609193,3250.20561194529
GUY,Guyana,Other,Unknown,2004,2000,4.66846622369881,4.66846622369881,Moderate (2-5%),1.56335211034042,3937.11435304522
HIC,High income,Other,Unknown,2004,2000,2.20673661423657,2.20673661423657,Moderate (2-5%),3.50847170614612,32386.3750803379
HKG,"Hong Kong SAR, China",Other,Unknown,2004,2000,-0.274725274725253,-0.274725274725253,Low (<2%),8.70006555836002,30304.2901619598
HND,Honduras,Other,Unknown,2004,2000,8.11379097093383,8.11379097093383,High (5-10%),6.23230296069102,1908.90950050464
HPC,Heavily indebted poor countries (HIPC),Other,Unknown,2004,2000,4.47499289078107,4.47499289078107,Moderate (2-5%),5.76682428125785,719.286073985495
HRV,Croatia,Other,Unknown,2004,2000,2.05539679050328,2.05539679050328,Moderate (2-5%),4.17049297825163,11059.1274155158
HTI,Haiti,Other,Unknown,2004,2000,21.0318339277222,21.0318339277222,Very High (>10%),-1.3178567596495,1286.90282128221
HUN,Hungary,Other,Unknown,2004,2000,6.74434679569469,6.74434679569469,High (5-10%),4.96312536156307,10786.4881991495
IBD,IBRD only,Other,Unknown,2004,2000,4.69938972474513,4.69938972474513,Moderate (2-5%),7.73158628732457,3247.59840290551
IBT,IDA & IBRD total,Other,Unknown,2004,2000,4.46346840736576,4.46346840736576,Moderate (2-5%),7.64643413599444,2731.20917223408
IDA,IDA total,Other,Unknown,2004,2000,4.37623907077312,4.37623907077312,Moderate (2-5%),6.72263368276644,1007.42076408979
IDB,IDA blend,Other,Unknown,2004,2000,2.82748519391201,2.82748519391201,Moderate (2-5%),7.38136879873696,1461.53585071321
IDN,Indonesia,Asia,Lower Middle,2004,2000,6.06406189133648,6.06406189133648,High (5-10%),5.03087394501685,2065.70617470842
IDX,IDA only,Other,Unknown,2004,2000,4.66846622369881,4.66846622369881,Moderate (2-5%),6.03016611583492,763.028687893496
IND,India,Asia,Lower Middle,2004,2000,3.76725173477517,3.76725173477517,Moderate (2-5%),7.92293661307978,892.596614580718
IRL,Ireland,Europe,High,2004,2000,2.17854605730523,2.17854605730523,Moderate (2-5%),6.78813990621356,48856.3238587396
IRN,"Iran, Islamic Rep.",Asia,Lower Middle,2004,2000,14.7615086970672,14.7615086970672,Very High (>10%),4.33666597851041,4607.45169088209
IRQ,Iraq,Middle East,Unknown,2004,2000,26.9619068193271,26.9619068193271,Very High (>10%),53.3855472887501,3354.26588756715
ISL,Iceland,Other,Unknown,2004,2000,3.15819324298459,3.15819324298459,Moderate (2-5%),7.62260520494142,48101.7116415743
ISR,Israel,Europe,High,2004,2000,-0.421595034547416,-0.421595034547416,Low (<2%),4.64944459908543,28870.0080868057
ITA,Italy,Europe,High,2004,2000,2.20673661423657,2.20673661423657,Moderate (2-5%),1.4740217064723,33348.9744820456
JAM,Jamaica,Other,Unknown,2004,2000,13.5545023696682,13.5545023696682,Very High (>10%),1.32372510450574,5507.20135110043
JOR,Jordan,Other,Unknown,2004,2000,3.36186821476601,3.36186821476601,Moderate (2-5%),8.56721424236906,4296.62367370886
JPN,Japan,Asia,High,2004,2000,-0.0085733882031027,-0.0085733882031027,Low (<2%),2.11294823723127,32783.1292835489
KAZ,Kazakhstan,Other,Unknown,2004,2000,6.88205438981899,6.88205438981899,High (5-10%),9.60000000136854,6233.29439373307
KEN,Kenya,Africa,Low,2004,2000,11.6240355442426,11.6240355442426,Very High (>10%),5.10429977629738,1191.25443604556
KGZ,Kyrgyz Republic,Other,Unknown,2004,2000,4.11065084723381,4.11065084723381,Moderate (2-5%),7.02681242497607,831.482103944381
KHM,Cambodia,Other,Unknown,2004,2000,4.31933677434786,4.31933677434786,Moderate (2-5%),9.45769481103929,775.847139030978
KNA,St. Kitts and Nevis,Other,Unknown,2004,2000,2.31455462238093,2.31455462238093,Moderate (2-5%),3.99634666125431,14619.795111247
KOR,"Korea, Rep.",Asia,High,2004,2000,3.59066298882578,3.59066298882578,Moderate (2-5%),5.1836368597334,21244.8136800528
KWT,Kuwait,Middle East,High,2004,2000,1.24856443679889,1.24856443679889,Low (<2%),10.2402980586354,37918.5405829238
LAC,Latin America & Caribbean (excluding high income),Other,Unknown,2004,2000,5.29621445194822,5.29621445194822,High (5-10%),5.60352299253309,6598.99754541507
LAO,Lao PDR,Other,Unknown,2004,2000,10.4622667314208,10.4622667314208,Very High (>10%),6.35769548008234,1088.76034728831
LBR,Liberia,Other,Unknown,2004,2000,7.82908704883235,7.82908704883235,High (5-10%),2.61984689477413,535.995882066218
LBY,Libya,Other,Unknown,2004,2000,-2.19756774055898,-2.19756774055898,Low (<2%),4.46163899648637,11529.1086646221
LCA,St. Lucia,Other,Unknown,2004,2000,1.46036814425245,1.46036814425245,Low (<2%),7.2674088699471,9637.37801390276
LCN,Latin America & Caribbean,Other,Unknown,2004,2000,4.38032286534608,4.38032286534608,Moderate (2-5%),5.72011461630102,6962.74810727734
LDC,Least developed countries: UN classification,Other,Unknown,2004,2000,4.53421374129692,4.53421374129692,Moderate (2-5%),6.54512671878777,717.770654491983
LIC,Low income,Other,Unknown,2004,2000,4.21376268767905,4.21376268767905,Moderate (2-5%),6.40825747314327,658.395846852181
LKA,Sri Lanka,Asia,Lower Middle,2004,2000,7.57592582995856,7.57592582995856,High (5-10%),5.44506127885352,2149.10628192765
LMC,Lower middle income,Other,Unknown,2004,2000,4.43738080101725,4.43738080101725,Moderate (2-5%),7.52176286421549,1145.84385452204
LMY,Low & middle income,Other,Unknown,2004,2000,4.47499289078107,4.47499289078107,Moderate (2-5%),7.76611315073565,2507.18197955636
LSO,Lesotho,Other,Unknown,2004,2000,5.02342068616285,5.02342068616285,High (5-10%),1.69237417358596,817.793597897186
LTE,Late-demographic dividend,Other,Unknown,2004,2000,3.85730391367399,3.85730391367399,Moderate (2-5%),8.20688513231677,4353.94772044713
LTU,Lithuania,Other,Unknown,2004,2000,1.16410252104671,1.16410252104671,Low (<2%),6.50203536075556,8851.92598922347
LUX,Luxembourg,Other,Unknown,2004,2000,2.22567916428894,2.22567916428894,Moderate (2-5%),4.23067892192488,100296.956996628
LVA,Latvia,Other,Unknown,2004,2000,6.19238547197429,6.19238547197429,High (5-10%),8.72514341727928,8957.23393555082
MAC,"Macao SAR, China",Other,Unknown,2004,2000,0.980728452039451,0.980728452039451,Low (<2%),26.6368742306114,47665.9330386643
MAR,Morocco,Africa,Lower Middle,2004,2000,1.49344403381774,1.49344403381774,Low (<2%),4.57138016516208,2301.08178710938
MDA,Moldova,Other,Unknown,2004,2000,12.5242768428228,12.5242768428228,Very High (>10%),7.39999973358189,1781.19145323724
MDG,Madagascar,Other,Unknown,2004,2000,13.9558018033211,13.9558018033211,Very High (>10%),5.25700362208742,443.278654985967
MDV,Maldives,Other,Unknown,2004,2000,-1.68541212459466,-1.68541212459466,Low (<2%),5.92489251113133,8174.41607301248
MEA,"Middle East, North Africa, Afghanistan & Pakistan",Other,Unknown,2004,2000,3.24206513087977,3.24206513087977,Moderate (2-5%),7.95208307446038,4300.88224696943
MEX,Mexico,North America,Upper Middle,2004,2000,4.68840884843143,4.68840884843143,Moderate (2-5%),3.56544102622887,9421.28976132695
MIC,Middle income,Other,Unknown,2004,2000,4.53421374129692,4.53421374129692,Moderate (2-5%),7.79367527312635,2675.18961309519
MKD,North Macedonia,Other,Unknown,2004,2000,-0.448650206551934,-0.448650206551934,Low (<2%),4.67408957960916,3473.76544811451
MLI,Mali,Other,Unknown,2004,2000,-3.09978128063957,-3.09978128063957,Low (<2%),1.47732490290102,800.501816705242
MLT,Malta,Other,Unknown,2004,2000,2.79082848067754,2.79082848067754,Moderate (2-5%),0.407354423655889,17728.3576050982
MMR,Myanmar,Other,Unknown,2004,2000,4.53421374129692,4.53421374129692,Moderate (2-5%),13.5646616163416,463.330135715332
MNA,"Middle East, North Africa, Afghanistan & Pakistan (excluding high income)",Other,Unknown,2004,2000,3.96180030257187,3.96180030257187,Moderate (2-5%),7.70253248516993,2501.78844532817
MNG,Mongolia,Other,Unknown,2004,2000,8.24115449417619,8.24115449417619,High (5-10%),10.6254059599309,1942.36263694017
MRT,Mauritania,Other,Unknown,2004,2000,10.3676233473073,10.3676233473073,Very High (>10%),4.7327579245203,1342.01926086998
MUS,Mauritius,Other,Unknown,2004,2000,4.71037060105883,4.71037060105883,Moderate (2-5%),4.33001985464323,6457.90977761094
MWI,Malawi,Other,Low,2004,2000,11.4298060822124,11.4298060822124,Very High (>10%),5.42049754993828,408.064916052765
MYS,Malaysia,Asia,Upper Middle,2004,2000,1.42127115937402,1.42127115937402,Low (<2%),6.78343772370305,7025.34558004381
NAC,North America,Other,Unknown,2004,2000,2.26724770583214,2.26724770583214,Moderate (2-5%),3.78737539156108,50256.4478409679
NAM,Namibia,Other,Unknown,2004,2000,4.13663213144748,4.13663213144748,Moderate (2-5%),12.2695481036769,3582.89503259701
NER,Niger,Other,Unknown,2004,2000,0.262543757292838,0.262543757292838,Low (<2%),0.363801578722132,393.398781453199
NGA,Nigeria,Africa,Low,2004,2000,14.9980338183251,14.9980338183251,Very High (>10%),9.25055822923169,1824.80269456838
NIC,Nicaragua,Other,Unknown,2004,2000,8.47021063584077,8.47021063584077,High (5-10%),5.31217056950739,1555.87425694816
NLD,Netherlands,Europe,High,2004,2000,1.26364739183177,1.26364739183177,Low (<2%),2.01628331561487,41663.1290344572
NOR,Norway,Europe,High,2004,2000,0.454498502220863,0.454498502220863,Low (<2%),4.33015597691212,72292.1208978835
NPL,Nepal,Asia,Lower Middle,2004,2000,2.8418113124898,2.8418113124898,Moderate (2-5%),4.68260325152944,589.46992868617
NZL,New Zealand,Oceania,High,2004,2000,2.29024902847571,2.29024902847571,Moderate (2-5%),4.09053577279863,34358.6289046143
OED,OECD members,Other,Unknown,2004,2000,2.25796409638232,2.25796409638232,Moderate (2-5%),3.25450343681813,32329.4490211008
OMN,Oman,Middle East,High,2004,2000,0.624969062631367,0.624969062631367,Low (<2%),1.99251510973346,19534.8601445269
OSS,Other small states,Other,Unknown,2004,2000,3.14022764498905,3.14022764498905,Moderate (2-5%),4.45597380662556,9162.0135054625
PAK,Pakistan,Asia,Lower Middle,2004,2000,7.44462469342739,7.44462469342739,High (5-10%),7.83125556961251,1146.99632842666
PAN,Panama,Other,Unknown,2004,2000,0.474723078204362,0.474723078204362,Low (<2%),8.17565333965649,7468.76593139801
PER,Peru,South America,Upper Middle,2004,2000,3.66247320092233,3.66247320092233,Moderate (2-5%),4.95820320611745,3640.60299869744
PHL,Philippines,Asia,Lower Middle,2004,2000,4.82921083627795,4.82921083627795,Moderate (2-5%),6.56922851180626,1978.34489133113
PLW,Palau,Other,Unknown,2004,2000,4.96407576747217,4.96407576747217,Moderate (2-5%),3.47251267849076,13456.8137686422
PNG,Papua New Guinea,Other,Unknown,2004,2000,2.15893131266946,2.15893131266946,Moderate (2-5%),2.72117574098235,1821.84741071002
POL,Poland,Europe,Unknown,2004,2000,3.38264681884699,3.38264681884699,Moderate (2-5%),5.09079546409544,8323.38773754587
PRE,Pre-demographic dividend,Other,Unknown,2004,2000,4.10703593955402,4.10703593955402,Moderate (2-5%),12.0080953608262,1183.42946823297
PRT,Portugal,Europe,High,2004,2000,2.365362040973,2.365362040973,Moderate (2-5%),1.78873552917291,19137.8370898949
PRY,Paraguay,South America,Upper Middle,2004,2000,4.32326492967491,4.32326492967491,Moderate (2-5%),4.05741836363771,4151.34584799368
PSE,West Bank and Gaza,Other,Unknown,2004,2000,3.00417498638593,3.00417498638593,Moderate (2-5%),21.9244861205987,2426.41565630382
PSS,Pacific island small states,Other,Unknown,2004,2000,4.96407576747217,4.96407576747217,Moderate (2-5%),3.9717982000513,3326.36724848114
PST,Post-demographic dividend,Other,Unknown,2004,2000,2.07924464636093,2.07924464636093,Moderate (2-5%),3.19457986158488,36518.8922234369
QAT,Qatar,Middle East,High,2004,2000,6.79933665008279,6.79933665008279,High (5-10%),19.2185032411244,63107.0086346445
ROU,Romania,Other,Unknown,2004,2000,11.8743635936399,11.8743635936399,Very High (>10%),10.4281130180976,6008.64048461485
RUS,Russian Federation,Europe,Upper Middle,2004,2000,10.8886157326216,10.8886157326216,Very High (>10%),7.19994786954857,6856.67822265625
RWA,Rwanda,Other,Low,2004,2000,12.2507102894391,12.2507102894391,Very High (>10%),7.44766737037035,415.943819000396
SAS,South Asia,Other,Unknown,2004,2000,3.93659435875237,3.93659435875237,Moderate (2-5%),7.54604881721275,887.193101541892
SAU,Saudi Arabia,Asia,High,2004,2000,0.5155078977673,0.5155078977673,Low (<2%),8.63100545880309,21545.894988606
SDN,Sudan,Other,Unknown,2004,2000,9.65754628605945,9.65754628605945,High (5-10%),5.14088851762675,1255.67114257813
SEN,Senegal,Other,Unknown,2004,2000,0.514781781023016,0.514781781023016,Low (<2%),4.64329393683312,1098.20064546027
SGP,Singapore,Asia,High,2004,2000,1.66272719863072,1.66272719863072,Low (<2%),9.93998268434957,39856.6356222613
SLB,Solomon Islands,Other,Unknown,2004,2000,6.98584202682567,6.98584202682567,High (5-10%),7.68364102152745,1664.57315979072
SLV,El Salvador,Other,Unknown,2004,2000,4.45194392395045,4.45194392395045,Moderate (2-5%),0.889404485692197,3081.23629665234
SMR,San Marino,Other,Unknown,2004,2000,1.43083868527343,1.43083868527343,Low (<2%),4.5488441461596,58393.1973140469
SRB,Serbia,Other,Unknown,2004,2000,11.0263627183464,11.0263627183464,Very High (>10%),6.68686836863701,4527.43498659451
SSA,Sub-Saharan Africa (excluding high income),Other,Unknown,2004,2000,4.17816000119791,4.17816000119791,Moderate (2-5%),6.6935904451781,1324.19883661399
SSF,Sub-Saharan Africa,Other,Unknown,2004,2000,4.13663213144748,4.13663213144748,Moderate (2-5%),6.68448764056897,1325.18723336594
SST,Small states,Other,Unknown,2004,2000,3.04811107523416,3.04811107523416,Moderate (2-5%),4.49611380473492,9118.62424504978
STP,Sao Tome and Principe,Other,Unknown,2004,2000,13.2858860871796,13.2858860871796,Very High (>10%),3.5379059435684,1047.05796134884
SUR,Suriname,Other,Unknown,2004,2000,9.98632511974878,9.98632511974878,High (5-10%),8.50000018479413,7021.98919924338
SVK,Slovak Republic,Other,Unknown,2004,2000,7.54850088183423,7.54850088183423,High (5-10%),5.38949856996771,10718.2101858841
SVN,Slovenia,Other,Unknown,2004,2000,3.5929759424951,3.5929759424951,Moderate (2-5%),4.54602214352336,18425.2601213581
SWE,Sweden,Europe,High,2004,2000,0.373659828721824,0.373659828721824,Low (<2%),4.17958419343711,45114.6701230708
SWZ,Eswatini,Other,Unknown,2004,2000,3.44533507316614,3.44533507316614,Moderate (2-5%),3.61711931922247,2522.14342097167
SYC,Seychelles,Other,Unknown,2004,2000,3.85730391367399,3.85730391367399,Moderate (2-5%),-2.8504539768538,10412.0868936027
SYR,Syrian Arab Republic,Other,Unknown,2004,2000,4.43314136719839,4.43314136719839,Moderate (2-5%),6.9025333036284,1363.6138135409
TCD,Chad,Other,Unknown,2004,2000,-5.35540028884816,-5.35540028884816,Low (<2%),33.6293718498522,845.518131165737
TEA,East Asia & Pacific (IDA & IBRD countries),Other,Unknown,2004,2000,4.53421374129692,4.53421374129692,Moderate (2-5%),9.15538288762043,2868.82269353821
TEC,Europe & Central Asia (IDA & IBRD countries),Other,Unknown,2004,2000,6.88205438981899,6.88205438981899,High (5-10%),7.87398994088686,5481.95683609424
TGO,Togo,Other,Unknown,2004,2000,0.393078681031669,0.393078681031669,Low (<2%),-0.978665332738743,731.610797958447
THA,Thailand,Asia,Upper Middle,2004,2000,2.75914926231082,2.75914926231082,Moderate (2-5%),6.28934214285795,4232.77157261934
TJK,Tajikistan,Other,Unknown,2004,2000,7.14196508692253,7.14196508692253,High (5-10%),10.2999989410117,590.957111385699
TLA,Latin America & the Caribbean (IDA & IBRD countries),Other,Unknown,2004,2000,4.45194392395045,4.45194392395045,Moderate (2-5%),5.64708523651846,6799.2914773993
TLS,Timor-Leste,Other,Unknown,2004,2000,3.23751394003321,3.23751394003321,Moderate (2-5%),0.400003981151968,955.470548287377
TMN,"Middle East, North Africa, Afghanistan & Pakistan (IDA & IBRD)",Other,Unknown,2004,2000,4.19747083488513,4.19747083488513,Moderate (2-5%),7.6240087305675,2502.27907345539
TON,Tonga,Other,Unknown,2004,2000,10.9734053679554,10.9734053679554,Very High (>10%),-1.96794740326561,3928.06030724493
TSA,South Asia (IDA & IBRD),Other,Unknown,2004,2000,3.93659435875237,3.93659435875237,Moderate (2-5%),7.54604881721275,887.193101541892
TSS,Sub-Saharan Africa (IDA & IBRD countries),Other,Unknown,2004,2000,4.13663213144748,4.13663213144748,Moderate (2-5%),6.68448764056895,1325.18723336594
TTO,Trinidad and Tobago,Other,Unknown,2004,2000,3.72154938995965,3.72154938995965,Moderate (2-5%),7.95005151069972,13657.2534995604
TUN,Tunisia,Africa,Upper Middle,2004,2000,3.63228004956625,3.63228004956625,Moderate (2-5%),6.23579072222647,3218.72320748457
TUR,Turkiye,Europe,Upper Middle,2004,2000,8.59826168115262,8.59826168115262,High (5-10%),9.92540551918624,7061.62219794984
TZA,Tanzania,Other,Low,2004,2000,4.73580143949058,4.73580143949058,Moderate (2-5%),7.50381465859829,650.516540527344
UGA,Uganda,Other,Low,2004,2000,3.72128743978228,3.72128743978228,Moderate (2-5%),6.80723334361883,585.339489080616
UKR,Ukraine,Other,Unknown,2004,2000,9.04806786050888,9.04806786050888,High (5-10%),11.7953525281136,2042.44494628906
UMC,Upper middle income,Other,Unknown,2004,2000,4.76979071866839,4.76979071866839,Moderate (2-5%),7.85818127906606,3909.41046315501
URY,Uruguay,South America,High,2004,2000,9.15760507540997,9.15760507540997,High (5-10%),5.00416035564457,10366.9067382871
USA,United States,North America,High,2004,2000,2.67723669309172,2.67723669309172,Moderate (2-5%),3.84777169267127,51348.3473386025
VCT,St. Vincent and the Grenadines,Other,Unknown,2004,2000,2.96003946719286,2.96003946719286,Moderate (2-5%),4.11469880444737,6071.94945269221
VNM,Viet Nam,Asia,Lower Middle,2004,2000,7.75494748709606,7.75494748709606,High (5-10%),7.53641060890386,1510.94449049599
VUT,Vanuatu,Other,Unknown,2004,2000,1.41891891891893,1.41891891891893,Low (<2%),3.98739280216959,2875.65032353901
WLD,World,Other,Unknown,2004,2000,3.51799903099596,3.51799903099596,Moderate (2-5%),4.49537859755031,8408.56458732623
WSM,Samoa,Other,Unknown,2004,2000,16.3131507905901,16.3131507905901,Very High (>10%),3.0872602379675,3535.73813824914
XKX,Kosovo,Other,Unknown,2004,2000,-1.06472696605525,-1.06472696605525,Low (<2%),,
YEM,"Yemen, Rep.",Other,Unknown,2004,2000,12.5150951495207,12.5150951495207,Very High (>10%),3.972696401183,2185.78999159086
ZAF,South Africa,Africa,Upper Middle,2004,2000,-0.692039437857687,-0.692039437857687,Low (<2%),4.55455990721774,5187.35683424034
ZMB,Zambia,Other,Unknown,2004,2000,17.9677891087286,17.9677891087286,Very High (>10%),7.03239511515218,895.475258534826
ABW,Aruba,Other,Unknown,2005,2000,3.39778677828805,3.39778677828805,Moderate (2-5%),-0.383137672063768,29081.7066997897
AFE,Africa Eastern and Southern,Other,Unknown,2005,2000,8.55803802239778,8.55803802239778,High (5-10%),6.17372940633642,1314.2677841971
AFG,Afghanistan,Other,Unknown,2005,2000,12.6862687216715,12.6862687216715,Very High (>10%),11.2297148272859,363.640141436773
AFW,Africa Western and Central,Other,Unknown,2005,2000,5.63163351357613,5.63163351357613,High (5-10%),5.79749541210572,1443.9895720102
AGO,Angola,Africa,Lower Middle,2005,2000,22.953513851394,22.953513851394,Very High (>10%),14.1547775343954,2843.39663579921
ALB,Albania,Other,Unknown,2005,2000,2.36658195679795,2.36658195679795,Moderate (2-5%),5.13082193056189,2712.86983830331
ARB,Arab World,Other,Unknown,2005,2000,3.49368534619531,3.49368534619531,Moderate (2-5%),5.57907161645375,5427.84243278416
ARM,Armenia,Other,Unknown,2005,2000,0.638928002410097,0.638928002410097,Low (<2%),13.8999999991133,2240.09273209788
ATG,Antigua and Barbuda,Other,Unknown,2005,2000,2.09875196709308,2.09875196709308,Moderate (2-5%),6.47368941781741,17301.2134317518
AUS,Australia,Oceania,High,2005,2000,2.69182949622197,2.69182949622197,Moderate (2-5%),3.15548121323168,50972.640519744
AUT,Austria,Europe,High,2005,2000,2.29913785639286,2.29913785639286,Moderate (2-5%),2.32036514266782,40989.0131778975
AZE,Azerbaijan,Other,Unknown,2005,2000,9.6795073191705,9.6795073191705,High (5-10%),27.9615381082131,2674.3688564996
BDI,Burundi,Other,Unknown,2005,2000,13.2520699188224,13.2520699188224,Very High (>10%),0.900000000901912,250.878933475935
BEL,Belgium,Europe,High,2005,2000,2.78143263670029,2.78143263670029,Moderate (2-5%),2.32173792911834,38645.2605193362
BEN,Benin,Other,Unknown,2005,2000,5.36452085832342,5.36452085832342,High (5-10%),1.71316456361184,893.91536869992
BFA,Burkina Faso,Other,Unknown,2005,2000,6.41504018369684,6.41504018369684,High (5-10%),8.66187322841225,499.192797571217
BGD,Bangladesh,Asia,Lower Middle,2005,2000,7.04661816222039,7.04661816222039,High (5-10%),6.53594493875502,739.203718353409
BGR,Bulgaria,Other,Unknown,2005,2000,5.0388380711191,5.0388380711191,High (5-10%),7.05634916258309,5231.60538607098
BHR,Bahrain,Middle East,High,2005,2000,2.58620689655173,2.58620689655173,Moderate (2-5%),6.76899737789502,23439.6704353038
BHS,"Bahamas, The",Other,Unknown,2005,2000,1.59160618079802,1.59160618079802,Low (<2%),3.39608420536011,33144.7878790275
BLR,Belarus,Other,Unknown,2005,2000,10.3388794457932,10.3388794457932,Very High (>10%),9.40000151584914,3877.71738911289
BLZ,Belize,Other,Unknown,2005,2000,-1.1043104441191,-1.1043104441191,Low (<2%),2.2191905367057,6337.12389222378
BOL,Bolivia,South America,Upper Middle,2005,2000,5.39323106890663,5.39323106890663,High (5-10%),4.42143313550196,2156.18670353603
BRA,Brazil,South America,Upper Middle,2005,2000,6.86953720898964,6.86953720898964,High (5-10%),3.20213206130431,7409.56913232718
BRB,Barbados,Other,Unknown,2005,2000,6.08218729535043,6.08218729535043,High (5-10%),3.95545709487497,22918.5438028595
BRN,Brunei Darussalam,Other,Unknown,2005,2000,1.24443711883965,1.24443711883965,Low (<2%),-0.0039253166074644,37312.2778797122
BTN,Bhutan,Other,Unknown,2005,2000,5.3126310463775,5.3126310463775,High (5-10%),6.93507146766659,1632.02169500573
BWA,Botswana,Other,Unknown,2005,2000,8.6102252854644,8.6102252854644,High (5-10%),4.55664565323181,5514.21742664705
CAF,Central African Republic,Other,Unknown,2005,2000,2.88352073359022,2.88352073359022,Moderate (2-5%),0.908210514871953,427.968043155237
CAN,Canada,North America,High,2005,2000,2.21355203439767,2.21355203439767,Moderate (2-5%),3.21045441502793,41006.264144024
CEB,Central Europe and the Baltics,Other,Unknown,2005,2000,3.31717824448043,3.31717824448043,Moderate (2-5%),4.90989973946046,9387.61745605104
CHE,Switzerland,Europe,High,2005,2000,1.17195420333703,1.17195420333703,Low (<2%),2.95208487460334,77741.3436104704
CHL,Chile,South America,High,2005,2000,3.05257621387849,3.05257621387849,Moderate (2-5%),5.83704571917758,10104.4208391373
CHN,China,Asia,Upper Middle,2005,2000,1.77641407667571,1.77641407667571,Low (<2%),11.4535130030645,3465.72767067642
CIV,Cote d'Ivoire,Africa,Lower Middle,2005,2000,3.88583039886482,3.88583039886482,Moderate (2-5%),0.996065564854788,1431.73320203111
CMR,Cameroon,Africa,Lower Middle,2005,2000,2.01353950175986,2.01353950175986,Moderate (2-5%),2.22827020924117,1264.74345218659
COD,"Congo, Dem. Rep.",Other,Unknown,2005,2000,21.3168167229341,21.3168167229341,Very High (>10%),6.1351511550716,351.708486411683
COG,"Congo, Rep.",Other,Unknown,2005,2000,3.09449011456182,3.09449011456182,Moderate (2-5%),7.75575897806648,2140.03686200251
COL,Colombia,South America,Upper Middle,2005,2000,5.05101962689696,5.05101962689696,High (5-10%),4.82876110773741,4457.27537460443
COM,Comoros,Other,Unknown,2005,2000,3.0133239505812,3.0133239505812,Moderate (2-5%),5.66520240193151,1274.61470948066
CPV,Cabo Verde,Other,Unknown,2005,2000,0.41889161285517,0.41889161285517,Low (<2%),6.91245795720201,2514.16779255327
CRI,Costa Rica,Other,Unknown,2005,2000,13.7982949108987,13.7982949108987,Very High (>10%),3.97666631433462,8655.33967667373
CSS,Caribbean small states,Other,Unknown,2005,2000,3.6046180511121,3.6046180511121,Moderate (2-5%),4.39368382787195,12683.3255233013
CUW,Curacao,Other,Unknown,2005,2000,4.11711711711708,4.11711711711708,Moderate (2-5%),0.676425345201665,21112.3219220136
CYP,Cyprus,Other,Unknown,2005,2000,2.56016132330235,2.56016132330235,Moderate (2-5%),4.85298762175586,25631.35546875
CZE,Czechia,Other,Unknown,2005,2000,1.85709789109228,1.85709789109228,Low (<2%),6.37502886086791,15147.7214417611
DEU,Germany,Europe,High,2005,2000,1.54691114751328,1.54691114751328,Low (<2%),0.885485292551564,36024.0947047021
DJI,Djibouti,Other,Unknown,2005,2000,3.10496640148299,3.10496640148299,Moderate (2-5%),,
DMA,Dominica,Other,Unknown,2005,2000,1.68190079877553,1.68190079877553,Low (<2%),0.915286472779144,7381.74728529453
DNK,Denmark,Europe,High,2005,2000,1.81781458291254,1.81781458291254,Low (<2%),2.35960882992528,52015.1841169021
DOM,Dominican Republic,Other,Unknown,2005,2000,4.19020260472056,4.19020260472056,Moderate (2-5%),9.43178931977285,4549.24957008857
DZA,Algeria,Africa,Upper Middle,2005,2000,1.38244656662118,1.38244656662118,Low (<2%),5.39999999969525,4223.60252133943
EAP,East Asia & Pacific (excluding high income),Other,Unknown,2005,2000,5.52861156446485,5.52861156446485,High (5-10%),10.0457997513716,3095.20781374557
EAR,Early-demographic dividend,Other,Unknown,2005,2000,4.8217005071285,4.8217005071285,Moderate (2-5%),5.97001818863059,2411.95897260986
EAS,East Asia & Pacific,Other,Unknown,2005,2000,3.03702332617012,3.03702332617012,Moderate (2-5%),5.95866760278074,6190.68887546982
ECA,Europe & Central Asia (excluding high income),Other,Unknown,2005,2000,7.87957982963887,7.87957982963887,High (5-10%),8.52828763224443,4286.86707967653
ECS,Europe & Central Asia,Other,Unknown,2005,2000,2.60932308197748,2.60932308197748,Moderate (2-5%),2.73707462832897,20483.7052778191
ECU,Ecuador,South America,Upper Middle,2005,2000,2.1682770118372,2.1682770118372,Moderate (2-5%),5.39862243994342,4589.32849203452
EGY,"Egypt, Arab Rep.",Africa,Lower Middle,2005,2000,4.86939696871988,4.86939696871988,Moderate (2-5%),4.4717444710621,2635.70305226634
EMU,Euro area,Other,Unknown,2005,2000,2.56016132330235,2.56016132330235,Moderate (2-5%),1.79011534612007,31964.0968987768
ESP,Spain,Europe,High,2005,2000,3.36881409750383,3.36881409750383,Moderate (2-5%),3.5512255846125,26294.447384391
EST,Estonia,Other,Unknown,2005,2000,4.07971423199849,4.07971423199849,Moderate (2-5%),9.52305386462066,14703.6179707772
ETH,Ethiopia,Africa,Low,2005,2000,9.96997123512892,9.96997123512892,High (5-10%),11.8187659491625,290.833381425059
EUU,European Union,Other,Unknown,2005,2000,2.48769665164081,2.48769665164081,Moderate (2-5%),1.98358585869511,28334.7697308438
FIN,Finland,Europe,High,2005,2000,0.623874450025224,0.623874450025224,Low (<2%),2.77730918518017,42529.3506920884
FJI,Fiji,Other,Unknown,2005,2000,2.36576453830434,2.36576453830434,Moderate (2-5%),0.699999592969263,4255.45096025011
FRA,France,Europe,High,2005,2000,1.74586936380487,1.74586936380487,Low (<2%),1.88856584109286,34946.0372494703
FSM,"Micronesia, Fed. Sts.",Other,Unknown,2005,2000,4.25769978210942,4.25769978210942,Moderate (2-5%),2.7434627349036,2847.48229525537
GAB,Gabon,Other,Unknown,2005,2000,3.70833333333304,3.70833333333304,Moderate (2-5%),2.67620333310926,7130.22505771754
GBR,United Kingdom,Europe,High,2005,2000,2.0891364902507,2.0891364902507,Moderate (2-5%),2.7906547174688,43320.5628684438
GEO,Georgia,Other,Unknown,2005,2000,8.24709043114158,8.24709043114158,High (5-10%),9.59113832853026,2321.60084285163
GHA,Ghana,Africa,Unknown,2005,2000,15.4389920155908,15.4389920155908,Very High (>10%),5.90000381855104,1143.31178934301
GIN,Guinea,Other,Unknown,2005,2000,31.3733025877534,31.3733025877534,Very High (>10%),2.99727256275818,651.359606871604
GMB,"Gambia, The",Other,Unknown,2005,2000,4.83862177543157,4.83862177543157,Moderate (2-5%),-2.35172936176019,658.676285443081
GNB,Guinea-Bissau,Other,Unknown,2005,2000,3.32919922802856,3.32919922802856,Moderate (2-5%),6.55977111846077,595.94255560187
GNQ,Equatorial Guinea,Other,Unknown,2005,2000,5.63163351357613,5.63163351357613,High (5-10%),16.7487006053541,10212.4545051498
GRC,Greece,Europe,High,2005,2000,3.54507273335078,3.54507273335078,Moderate (2-5%),1.18350635493289,21880.5265835801
GRD,Grenada,Other,Unknown,2005,2000,3.475806937554,3.475806937554,Moderate (2-5%),13.2761883306272,8162.91232124727
GTM,Guatemala,Other,Unknown,2005,2000,9.1086498571922,9.1086498571922,High (5-10%),3.27602692588886,3284.81128421658
GUY,Guyana,Other,Unknown,2005,2000,6.92554303890158,6.92554303890158,High (5-10%),-1.95095759501714,3867.93308158647
HIC,High income,Other,Unknown,2005,2000,2.65848484065262,2.65848484065262,Moderate (2-5%),3.0112867819375,33181.5625765607
HKG,"Hong Kong SAR, China",Other,Unknown,2005,2000,0.826446280991827,0.826446280991827,Low (<2%),7.38815395153696,32401.3558626573
HND,Honduras,Other,Unknown,2005,2000,8.80906074819817,8.80906074819817,High (5-10%),6.05059922215973,1975.85647913236
HPC,Heavily indebted poor countries (HIPC),Other,Unknown,2005,2000,8.16954604881263,8.16954604881263,High (5-10%),5.53118064970333,737.815494830608
HRV,Croatia,Other,Unknown,2005,2000,3.31717824448043,3.31717824448043,Moderate (2-5%),4.32819454299167,11522.944604729
HTI,Haiti,Other,Unknown,2005,2000,13.973008326384,13.973008326384,Very High (>10%),3.07217337664731,1304.33303731231
HUN,Hungary,Other,Unknown,2005,2000,3.56151711378352,3.56151711378352,Moderate (2-5%),4.30028318461673,11272.7345428122
IBD,IBRD only,Other,Unknown,2005,2000,4.90328350926892,4.90328350926892,Moderate (2-5%),7.25070696076966,3445.54326791071
IBT,IDA & IBRD total,Other,Unknown,2005,2000,6.08218729535043,6.08218729535043,High (5-10%),7.16135249237688,2886.65266109948
IDA,IDA total,Other,Unknown,2005,2000,6.83633265892877,6.83633265892877,High (5-10%),6.18279726300197,1044.65404144036
IDB,IDA blend,Other,Unknown,2005,2000,3.475806937554,3.475806937554,Moderate (2-5%),5.97335107962856,1510.78551454883
IDN,Indonesia,Asia,Lower Middle,2005,2000,10.4532001873347,10.4532001873347,Very High (>10%),5.69257130383384,2155.4478015921
IDX,IDA only,Other,Unknown,2005,2000,7.20288349647587,7.20288349647587,High (5-10%),6.40577451885788,793.392553485602
IND,India,Asia,Lower Middle,2005,2000,4.24634362031924,4.24634362031924,Moderate (2-5%),7.92343062131789,947.732565644272
IRL,Ireland,Europe,High,2005,2000,2.45654692931639,2.45654692931639,Moderate (2-5%),5.73978202625278,50547.2123729763
IRN,"Iran, Islamic Rep.",Asia,Lower Middle,2005,2000,13.433118008508,13.433118008508,Very High (>10%),3.18980408728824,4650.35841490708
IRQ,Iraq,Middle East,Unknown,2005,2000,36.9594809201871,36.9594809201871,Very High (>10%),1.67522863586828,3310.86344473993
ISL,Iceland,Other,Unknown,2005,2000,3.98704782806593,3.98704782806593,Moderate (2-5%),7.02934061160924,50674.4411406649
ISR,Israel,Europe,High,2005,2000,1.34070328119492,1.34070328119492,Low (<2%),4.35256427740218,29600.1467243332
ITA,Italy,Europe,High,2005,2000,1.9852929852798,1.9852929852798,Low (<2%),0.762410677306491,33407.6754716472
JAM,Jamaica,Other,Unknown,2005,2000,15.0528658875905,15.0528658875905,Very High (>10%),0.893797935409893,5525.73577833713
JOR,Jordan,Other,Unknown,2005,2000,3.49368534619531,3.49368534619531,Moderate (2-5%),8.1465948107994,4532.96248258538
JPN,Japan,Asia,High,2005,2000,-0.282946068764391,-0.282946068764391,Low (<2%),1.8482813374834,33385.9179590327
KAZ,Kazakhstan,Other,Unknown,2005,2000,7.57999929125766,7.57999929125766,High (5-10%),9.69999999922682,6787.4115548789
KEN,Kenya,Africa,Low,2005,2000,10.3127783574683,10.3127783574683,Very High (>10%),5.90666607980057,1223.44738472019
KGZ,Kyrgyz Republic,Other,Unknown,2005,2000,4.3386739184431,4.3386739184431,Moderate (2-5%),-0.175515404044219,820.709519437592
KHM,Cambodia,Other,Unknown,2005,2000,6.61525912001587,6.61525912001587,High (5-10%),13.3033338358455,866.340290123209
KNA,St. Kitts and Nevis,Other,Unknown,2005,2000,3.37781903988238,3.37781903988238,Moderate (2-5%),9.73282070298016,16000.5658929826
KOR,"Korea, Rep.",Asia,High,2005,2000,2.75379162735039,2.75379162735039,Moderate (2-5%),4.35823667337156,22123.7613066851
KWT,Kuwait,Middle East,High,2005,2000,4.14297583631023,4.14297583631023,Moderate (2-5%),10.6090449840228,40451.2551656974
LAC,Latin America & Caribbean (excluding high income),Other,Unknown,2005,2000,4.87098416796732,4.87098416796732,Moderate (2-5%),4.16007347500616,6788.80078819268
LAO,Lao PDR,Other,Unknown,2005,2000,7.16541759946639,7.16541759946639,High (5-10%),7.10756836811267,1148.68153852071
LBR,Liberia,Other,Unknown,2005,2000,10.8343588481414,10.8343588481414,Very High (>10%),5.28121245309295,539.665378841936
LBY,Libya,Other,Unknown,2005,2000,2.65020576131657,2.65020576131657,Moderate (2-5%),11.8707565226151,12628.896152656
LCA,St. Lucia,Other,Unknown,2005,2000,3.89827370759476,3.89827370759476,Moderate (2-5%),-0.410304726290235,9527.58469430542
LCN,Latin America & Caribbean,Other,Unknown,2005,2000,4.44057565687913,4.44057565687913,Moderate (2-5%),4.0926769732141,7160.6891743433
LDC,Least developed countries: UN classification,Other,Unknown,2005,2000,7.5640806170987,7.5640806170987,High (5-10%),7.40493742253388,752.662444138539
LIC,Low income,Other,Unknown,2005,2000,8.47728859116324,8.47728859116324,High (5-10%),6.6628735413985,682.309740241321
LKA,Sri Lanka,Asia,Lower Middle,2005,2000,11.6396860971118,11.6396860971118,Very High (>10%),6.24174804376447,2268.6880085282
LMC,Lower middle income,Other,Unknown,2005,2000,5.37887596361502,5.37887596361502,High (5-10%),6.89542155812637,1202.55943524109
LMY,Low & middle income,Other,Unknown,2005,2000,6.42129648219885,6.42129648219885,High (5-10%),7.3947053352083,2653.8201446199
LSO,Lesotho,Other,Unknown,2005,2000,3.43788423057443,3.43788423057443,Moderate (2-5%),3.46612222755311,853.960500629797
LTE,Late-demographic dividend,Other,Unknown,2005,2000,4.14297583631023,4.14297583631023,Moderate (2-5%),7.79435016326815,4664.00553113974
LTU,Lithuania,Other,Unknown,2005,2000,2.65848484065262,2.65848484065262,Moderate (2-5%),7.7314467577492,9692.86853763267
LUX,Luxembourg,Other,Unknown,2005,2000,2.48769665164081,2.48769665164081,Moderate (2-5%),2.48250499371829,101226.109631791
LVA,Latvia,Other,Unknown,2005,2000,6.74845027893124,6.74845027893124,High (5-10%),11.6153178557457,10106.2626157732
MAC,"Macao SAR, China",Other,Unknown,2005,2000,4.39589284335674,4.39589284335674,Moderate (2-5%),8.07794929953978,49470.940295748
MAR,Morocco,Africa,Lower Middle,2005,2000,0.982641660015951,0.982641660015951,Low (<2%),3.19224973015831,2342.15478515625
MDA,Moldova,Other,Unknown,2005,2000,11.9591837222127,11.9591837222127,Very High (>10%),7.5000001493726,1919.44550763748
MDG,Madagascar,Other,Unknown,2005,2000,18.3638246468932,18.3638246468932,Very High (>10%),4.75584509499119,450.955230911228
MDV,Maldives,Other,Unknown,2005,2000,1.30027500930997,1.30027500930997,Low (<2%),-11.1773097061784,7141.88377049891
MEA,"Middle East, North Africa, Afghanistan & Pakistan",Other,Unknown,2005,2000,3.49368534619531,3.49368534619531,Moderate (2-5%),5.29036057989754,4421.56714645457
MEX,Mexico,North America,Upper Middle,2005,2000,3.98805714597437,3.98805714597437,Moderate (2-5%),2.11324711473297,9491.51730268004
MIC,Middle income,Other,Unknown,2005,2000,5.04279485978429,5.04279485978429,High (5-10%),7.40936933241174,2835.73705982702
MKD,North Macedonia,Other,Unknown,2005,2000,0.525515950714247,0.525515950714247,Low (<2%),4.72408864201974,3657.56307699216
MLI,Mali,Other,Unknown,2005,2000,6.39788293897883,6.39788293897883,High (5-10%),2.53837834888921,794.373328212082
MLT,Malta,Other,Unknown,2005,2000,3.00796652450313,3.00796652450313,Moderate (2-5%),2.88123652429068,18123.2601873346
MMR,Myanmar,Other,Unknown,2005,2000,9.36861814196704,9.36861814196704,High (5-10%),13.5689500216456,522.099544784661
MNA,"Middle East, North Africa, Afghanistan & Pakistan (excluding high income)",Other,Unknown,2005,2000,4.4883238379396,4.4883238379396,Moderate (2-5%),4.95621150077687,2566.78208916082
MNG,Mongolia,Other,Unknown,2005,2000,12.7165674066053,12.7165674066053,Very High (>10%),7.25366543796015,2060.26168223171
MOZ,Mozambique,Other,Low,2005,2000,6.42755278070087,6.42755278070087,High (5-10%),6.31202378023193,391.699758163976
MRT,Mauritania,Other,Unknown,2005,2000,12.1256487185541,12.1256487185541,Very High (>10%),8.56628724906668,1422.08355395812
MUS,Mauritius,Other,Unknown,2005,2000,4.93717004981795,4.93717004981795,Moderate (2-5%),1.77754302034465,6533.89994300683
MWI,Malawi,Other,Low,2005,2000,15.4103446604296,15.4103446604296,Very High (>10%),3.26872602317066,410.267979592536
MYS,Malaysia,Asia,Upper Middle,2005,2000,2.97507092684449,2.97507092684449,Moderate (2-5%),5.33213916141486,7234.02442689141
NAC,North America,Other,Unknown,2005,2000,2.80314943994659,2.80314943994659,Moderate (2-5%),3.46128321445556,51517.6950673225
NAM,Namibia,Other,Unknown,2005,2000,2.28194607024307,2.28194607024307,Moderate (2-5%),2.52926265819022,3627.75059772278
NER,Niger,Other,Unknown,2005,2000,7.7974978178644,7.7974978178644,High (5-10%),7.33186884258517,407.190931059924
NGA,Nigeria,Africa,Low,2005,2000,17.8634933661605,17.8634933661605,Very High (>10%),6.43851652535925,1889.25175325842
NIC,Nicaragua,Other,Unknown,2005,2000,9.59909986064425,9.59909986064425,High (5-10%),4.28239833770654,1601.48770707458
NLD,Netherlands,Europe,High,2005,2000,1.6881301786962,1.6881301786962,Low (<2%),2.03401576512488,42411.3480862811
NOR,Norway,Europe,High,2005,2000,1.53213367609249,1.53213367609249,Low (<2%),2.96973597025936,73933.7446235264
NPL,Nepal,Asia,Lower Middle,2005,2000,6.83633265892877,6.83633265892877,High (5-10%),3.47918104829496,603.190108570995
NZL,New Zealand,Oceania,High,2005,2000,3.03702332617012,3.03702332617012,Moderate (2-5%),3.35295444152619,35112.0769481474
OED,OECD members,Other,Unknown,2005,2000,2.4721217904786,2.4721217904786,Moderate (2-5%),2.8546887844396,33018.6989832915
OMN,Oman,Middle East,High,2005,2000,1.90983553531865,1.90983553531865,Low (<2%),2.77944360306151,19629.0451546015
OSS,Other small states,Other,Unknown,2005,2000,3.01064523754217,3.01064523754217,Moderate (2-5%),4.60497481511443,9484.43695184372
PAK,Pakistan,Asia,Lower Middle,2005,2000,9.06332737030417,9.06332737030417,High (5-10%),7.2765744364722,1201.23359367214
PAN,Panama,Other,Unknown,2005,2000,2.85588324760957,2.85588324760957,Moderate (2-5%),8.27618334503531,7935.87135060821
PER,Peru,South America,Upper Middle,2005,2000,1.61630193862544,1.61630193862544,Low (<2%),6.28506032509601,3835.13219279722
PHL,Philippines,Asia,Lower Middle,2005,2000,6.51685393258433,6.51685393258433,High (5-10%),4.94250511877678,2037.8776605946
PLW,Palau,Other,Unknown,2005,2000,3.9514623522091,3.9514623522091,Moderate (2-5%),2.88482026504025,13845.7172322875
PNG,Papua New Guinea,Other,Unknown,2005,2000,1.78080439925826,1.78080439925826,Low (<2%),6.34479592309654,1875.82273480514
POL,Poland,Europe,Unknown,2005,2000,2.18379872390251,2.18379872390251,Moderate (2-5%),3.26082274679216,8598.57681241557
PRE,Pre-demographic dividend,Other,Unknown,2005,2000,7.7974978178644,7.7974978178644,High (5-10%),5.96991931741751,1217.74344099826
PRT,Portugal,Europe,High,2005,2000,2.27716394887838,2.27716394887838,Moderate (2-5%),0.781847569123585,19251.71450683
PRY,Paraguay,South America,Upper Middle,2005,2000,6.80738203116377,6.80738203116377,High (5-10%),2.13349066459601,4193.2808652562
PSE,West Bank and Gaza,Other,Unknown,2005,2000,4.10725070715931,4.10725070715931,Moderate (2-5%),11.2906511829271,2632.24627423958
PSS,Pacific island small states,Other,Unknown,2005,2000,3.9514623522091,3.9514623522091,Moderate (2-5%),2.47160106548574,3370.06060523234
PST,Post-demographic dividend,Other,Unknown,2005,2000,2.37531958977882,2.37531958977882,Moderate (2-5%),2.80227642192794,37354.0516891453
QAT,Qatar,Middle East,High,2005,2000,8.81439532334683,8.81439532334683,High (5-10%),7.49272803754515,63555.6239820478
ROU,Romania,Other,Unknown,2005,2000,9.01491283343835,9.01491283343835,High (5-10%),4.6681480508487,6328.09022324183
RUS,Russian Federation,Europe,Upper Middle,2005,2000,12.6853039507349,12.6853039507349,Very High (>10%),6.39996544799469,7323.38525390625
RWA,Rwanda,Other,Low,2005,2000,9.01408918092339,9.01408918092339,High (5-10%),9.37789916585375,443.00802474736
SAS,South Asia,Other,Unknown,2005,2000,6.07448185265313,6.07448185265313,High (5-10%),7.64449221771777,940.169908937804
SAU,Saudi Arabia,Asia,High,2005,2000,0.479231671630955,0.479231671630955,Low (<2%),5.94489623934835,21838.1915349374
SDN,Sudan,Other,Unknown,2005,2000,8.50585075933117,8.50585075933117,High (5-10%),5.64351551343631,1290.24438476563
SEN,Senegal,Other,Unknown,2005,2000,1.71133325855502,1.71133325855502,Low (<2%),4.31023852639633,1119.0505307548
SGP,Singapore,Asia,High,2005,2000,0.425106276569107,0.425106276569107,Low (<2%),7.36632239250758,41798.4880834671
SLB,Solomon Islands,Other,Unknown,2005,2000,7.33066341633299,7.33066341633299,High (5-10%),7.35907917681935,1755.74082446273
SLV,El Salvador,Other,Unknown,2005,2000,4.69094870903769,4.69094870903769,Moderate (2-5%),2.68083009363194,3163.36118376833
SMR,San Marino,Other,Unknown,2005,2000,1.68548890528347,1.68548890528347,Low (<2%),2.42510699001426,59049.5507985237
SRB,Serbia,Other,Unknown,2005,2000,16.1199806482826,16.1199806482826,Very High (>10%),5.90349622935489,4809.1384076488
SSA,Sub-Saharan Africa (excluding high income),Other,Unknown,2005,2000,6.605240855492,6.605240855492,High (5-10%),6.00692540507985,1365.91668753392
SSF,Sub-Saharan Africa,Other,Unknown,2005,2000,6.42755278070087,6.42755278070087,High (5-10%),6.00952996907236,1366.97314297454
SST,Small states,Other,Unknown,2005,2000,3.37781903988238,3.37781903988238,Moderate (2-5%),4.43373124919084,9464.63468920637
STP,Sao Tome and Principe,Other,Unknown,2005,2000,17.1522049354354,17.1522049354354,Very High (>10%),6.61462475033599,1089.14778798762
SUR,Suriname,Other,Unknown,2005,2000,9.89800489561465,9.89800489561465,High (5-10%),4.50000021086888,7261.8171350196
SVK,Slovak Republic,Other,Unknown,2005,2000,2.70908494588383,2.70908494588383,Moderate (2-5%),6.48493222274386,11412.1593630008
SVN,Slovenia,Other,Unknown,2005,2000,2.45150132316477,2.45150132316477,Moderate (2-5%),3.8541277114569,19102.2776603905
SWE,Sweden,Europe,High,2005,2000,0.453170852576138,0.453170852576138,Low (<2%),2.79313782840156,46189.6828420555
SWZ,Eswatini,Other,Unknown,2005,2000,4.77400404553712,4.77400404553712,Moderate (2-5%),5.99228289096037,2658.75180508187
SYC,Seychelles,Other,Unknown,2005,2000,0.907187718073944,0.907187718073944,Low (<2%),9.0057617374238,11297.3118190493
SYR,Syrian Arab Republic,Other,Unknown,2005,2000,7.24034939348535,7.24034939348535,High (5-10%),6.21550444795768,1411.6316668592
TCD,Chad,Other,Unknown,2005,2000,7.89036567462993,7.89036567462993,High (5-10%),17.3325337352162,952.871910087319
TEA,East Asia & Pacific (IDA & IBRD countries),Other,Unknown,2005,2000,4.54036919634536,4.54036919634536,Moderate (2-5%),10.0453479369689,3131.6805514233
TEC,Europe & Central Asia (IDA & IBRD countries),Other,Unknown,2005,2000,7.57999929125766,7.57999929125766,High (5-10%),6.63985652194599,5843.32142618431
TGO,Togo,Other,Unknown,2005,2000,6.78292893028314,6.78292893028314,High (5-10%),-4.66629938413338,680.485159475257
THA,Thailand,Asia,Upper Middle,2005,2000,4.54036919634536,4.54036919634536,Moderate (2-5%),4.18763842884337,4372.25730206261
TJK,Tajikistan,Other,Unknown,2005,2000,7.09193244083773,7.09193244083773,High (5-10%),6.69999851655409,618.333702588577
TLA,Latin America & the Caribbean (IDA & IBRD countries),Other,Unknown,2005,2000,4.6992773903564,4.6992773903564,Moderate (2-5%),4.19398022317677,6997.30872821488
TLS,Timor-Leste,Other,Unknown,2005,2000,1.11167400387198,1.11167400387198,Low (<2%),2.98457963807486,964.026614173558
TMN,"Middle East, North Africa, Afghanistan & Pakistan (IDA & IBRD)",Other,Unknown,2005,2000,4.86939696871988,4.86939696871988,Moderate (2-5%),4.91658992231594,2566.36310130843
TON,Tonga,Other,Unknown,2005,2000,8.66569221131751,8.66569221131751,High (5-10%),-0.657650703495165,3880.07054158497
TSA,South Asia (IDA & IBRD),Other,Unknown,2005,2000,6.07448185265313,6.07448185265313,High (5-10%),7.64449221771777,940.169908937804
TSS,Sub-Saharan Africa (IDA & IBRD countries),Other,Unknown,2005,2000,6.42755278070087,6.42755278070087,High (5-10%),6.00952996907237,1366.97314297454
TTO,Trinidad and Tobago,Other,Unknown,2005,2000,6.87453459583516,6.87453459583516,High (5-10%),6.20893787954175,15075.4179709902
TUN,Tunisia,Africa,Upper Middle,2005,2000,2.01778641357144,2.01778641357144,Moderate (2-5%),3.4865455430439,3301.93817216029
TUR,Turkiye,Europe,Upper Middle,2005,2000,8.17916036802008,8.17916036802008,High (5-10%),9.11157745861635,7623.14640948457
TZA,Tanzania,Other,Low,2005,2000,5.03457009267163,5.03457009267163,High (5-10%),7.47631925974784,680.051208496094
UGA,Uganda,Other,Low,2005,2000,8.44872642299532,8.44872642299532,High (5-10%),6.33256511623156,604.404813057618
UKR,Ukraine,Other,Unknown,2005,2000,13.5695764909248,13.5695764909248,Very High (>10%),3.07123039245209,2122.6015625
UMC,Upper middle income,Other,Unknown,2005,2000,4.61565895269152,4.61565895269152,Moderate (2-5%),7.53091329686855,4166.15939669108
URY,Uruguay,South America,High,2005,2000,4.6992773903564,4.6992773903564,Moderate (2-5%),7.4601321302473,11131.3984890038
USA,United States,North America,High,2005,2000,3.3927468454955,3.3927468454955,Moderate (2-5%),3.48354993710312,52649.5713060461
VCT,St. Vincent and the Grenadines,Other,Unknown,2005,2000,3.7334291646702,3.7334291646702,Moderate (2-5%),2.48855733938132,6244.35953746008
VNM,Viet Nam,Asia,Lower Middle,2005,2000,8.28457243128667,8.28457243128667,High (5-10%),7.54724772895918,1609.96268313651
VUT,Vanuatu,Other,Unknown,2005,2000,1.19920053297801,1.19920053297801,Low (<2%),5.30532647259227,2955.66861124127
WLD,World,Other,Unknown,2005,2000,4.10725070715931,4.10725070715931,Moderate (2-5%),4.0591513939051,8639.35934743695
WSM,Samoa,Other,Unknown,2005,2000,1.85676392572949,1.85676392572949,Low (<2%),6.63920361300734,3755.78242822467
XKX,Kosovo,Other,Unknown,2005,2000,-1.38518913159299,-1.38518913159299,Low (<2%),,
YEM,"Yemen, Rep.",Other,Unknown,2005,2000,11.8112639374949,11.8112639374949,Very High (>10%),5.59174807563268,2237.63762643152
ZAF,South Africa,Africa,Upper Middle,2005,2000,2.06285308223427,2.06285308223427,Moderate (2-5%),5.27705197295467,5406.07581377638
ZMB,Zambia,Other,Unknown,2005,2000,18.324439701174,18.324439701174,Very High (>10%),7.23559900655543,929.079255855905
ABW,Aruba,Other,Unknown,2006,2000,3.60802438784541,3.60802438784541,Moderate (2-5%),1.12741146411624,28885.9118700469
AFE,Africa Eastern and Southern,Other,Unknown,2006,2000,8.89816380214033,8.89816380214033,High (5-10%),6.6374603516137,1364.58002599767
AFG,Afghanistan,Other,Unknown,2006,2000,6.78459655001655,6.78459655001655,High (5-10%),5.35740324748592,367.75831169358
AFW,Africa Western and Central,Other,Unknown,2006,2000,4.41589984169561,4.41589984169561,Moderate (2-5%),5.28746933049445,1477.96252664219
AGO,Angola,Africa,Lower Middle,2006,2000,13.3052101780032,13.3052101780032,Very High (>10%),11.8418178757042,3065.05576244155
ALB,Albania,Other,Unknown,2006,2000,2.37072831904284,2.37072831904284,Moderate (2-5%),6.0189812403864,2894.36032580174
ARB,Arab World,Other,Unknown,2006,2000,3.54498591605033,3.54498591605033,Moderate (2-5%),6.30821136348678,5632.36344117714
ARM,Armenia,Other,Unknown,2006,2000,2.89235662459004,2.89235662459004,Moderate (2-5%),13.1999999994661,2551.43546358452
ATG,Antigua and Barbuda,Other,Unknown,2006,2000,1.78778537419121,1.78778537419121,Low (<2%),12.7081474873625,19259.6486517907
AUS,Australia,Oceania,High,2006,2000,3.55528696972984,3.55528696972984,Moderate (2-5%),2.7709261737475,51682.8925230537
AUT,Austria,Europe,High,2006,2000,1.44154851119017,1.44154851119017,Low (<2%),3.26933601506059,42120.1557002022
AZE,Azerbaijan,Other,Unknown,2006,2000,8.32892482863209,8.32892482863209,High (5-10%),34.4662096226792,3556.83212858133
BDI,Burundi,Other,Unknown,2006,2000,2.74542000214241,2.74542000214241,Moderate (2-5%),5.41380714491444,255.105582251925
BEL,Belgium,Europe,High,2006,2000,1.79120770070454,1.79120770070454,Low (<2%),2.55234087322462,39371.0858277448
BEN,Benin,Other,Unknown,2006,2000,3.78217696540375,3.78217696540375,Moderate (2-5%),3.94373882815798,900.62053578735
BFA,Burkina Faso,Other,Unknown,2006,2000,2.3331085637222,2.3331085637222,Moderate (2-5%),6.25316468817478,514.113131757062
BGD,Bangladesh,Asia,Lower Middle,2006,2000,6.76526117054757,6.76526117054757,High (5-10%),6.67190498576788,779.419570444998
BGR,Bulgaria,Other,Unknown,2006,2000,7.26159462769947,7.26159462769947,High (5-10%),6.80259262432862,5630.08907245392
BHR,Bahrain,Middle East,High,2006,2000,2.00746965452849,2.00746965452849,Moderate (2-5%),6.4669995195042,23095.0181330228
BHS,"Bahamas, The",Other,Unknown,2006,2000,2.38982627439254,2.38982627439254,Moderate (2-5%),2.51659221712706,33541.850748701
BIH,Bosnia and Herzegovina,Other,Unknown,2006,2000,6.12556615620285,6.12556615620285,High (5-10%),5.41400299607282,3419.75887457192
BLR,Belarus,Other,Unknown,2006,2000,6.99712903535591,6.99712903535591,High (5-10%),9.99999473022963,4291.68647163264
BLZ,Belize,Other,Unknown,2006,2000,-7.11376771265014,-7.11376771265014,Low (<2%),4.51145460193301,6435.58767337678
BOL,Bolivia,South America,Upper Middle,2006,2000,4.28239604802561,4.28239604802561,Moderate (2-5%),4.79700881067477,2221.42722588941
BRA,Brazil,South America,Upper Middle,2006,2000,4.18356812896909,4.18356812896909,Moderate (2-5%),3.96198871122617,7622.04007133264
BRB,Barbados,Other,Unknown,2006,2000,7.3076626282894,7.3076626282894,High (5-10%),6.07054679359618,24193.1384344674
BRN,Brunei Darussalam,Other,Unknown,2006,2000,0.159888078345121,0.159888078345121,Low (<2%),4.09841257308588,38229.3565684183
BTN,Bhutan,Other,Unknown,2006,2000,5.00045438022541,5.00045438022541,High (5-10%),5.6408051539139,1701.11878173586
BWA,Botswana,Other,Unknown,2006,2000,11.5552187914379,11.5552187914379,Very High (>10%),8.36387109282306,5865.00026521361
CAF,Central African Republic,Other,Unknown,2006,2000,6.69526465773354,6.69526465773354,High (5-10%),4.77108543044105,439.294330902768
CAN,Canada,North America,High,2006,2000,2.00202539534161,2.00202539534161,Moderate (2-5%),2.63794375302722,41663.5541588166
CEB,Central Europe and the Baltics,Other,Unknown,2006,2000,3.93032603841001,3.93032603841001,Moderate (2-5%),6.6405738972018,10036.5097725823
CHE,Switzerland,Europe,High,2006,2000,1.05950928324805,1.05950928324805,Low (<2%),4.13432251467916,80448.9696781612
CHL,Chile,South America,High,2006,2000,3.39201733699405,3.39201733699405,Moderate (2-5%),6.04999082563968,10611.6144012877
CHN,China,Asia,Upper Middle,2006,2000,1.6494309945586,1.6494309945586,Low (<2%),12.6752842281595,3883.27464370816
CIV,Cote d'Ivoire,Africa,Lower Middle,2006,2000,2.46719148596915,2.46719148596915,Moderate (2-5%),2.81557859252327,1437.77453798586
CMR,Cameroon,Africa,Lower Middle,2006,2000,5.11757816019469,5.11757816019469,High (5-10%),3.80958327566137,1277.32990712342
COD,"Congo, Dem. Rep.",Other,Unknown,2006,2000,13.0526949745101,13.0526949745101,Very High (>10%),5.10894433184896,358.454382275579
COG,"Congo, Rep.",Other,Unknown,2006,2000,6.53784395299604,6.53784395299604,High (5-10%),7.98623836334291,2226.0233547376
COL,Colombia,South America,Upper Middle,2006,2000,4.29342363628927,4.29342363628927,Moderate (2-5%),6.71686869844402,4694.03442939175
COM,Comoros,Other,Unknown,2006,2000,3.37436360121204,3.37436360121204,Moderate (2-5%),-1.75444679449394,1227.24669435092
CPV,Cabo Verde,Other,Unknown,2006,2000,5.36907687065549,5.36907687065549,High (5-10%),7.98375044795048,2683.83943856892
CRI,Costa Rica,Other,Unknown,2006,2000,11.4705968149052,11.4705968149052,Very High (>10%),7.3266951372695,9160.29437313379
CSS,Caribbean small states,Other,Unknown,2006,2000,3.4963141902432,3.4963141902432,Moderate (2-5%),7.8259368156711,13597.1381777631
CUW,Curacao,Other,Unknown,2006,2000,3.1149952409795,3.1149952409795,Moderate (2-5%),1.63593468987035,20913.6630394407
CYP,Cyprus,Other,Unknown,2006,2000,2.30468732978553,2.30468732978553,Moderate (2-5%),4.71378358593959,26395.490234375
CZE,Czechia,Other,Unknown,2006,2000,2.53399258343633,2.53399258343633,Moderate (2-5%),6.62317299177447,16107.3042502688
DEU,Germany,Europe,High,2006,2000,1.57742642840563,1.57742642840563,Low (<2%),3.86668241523209,37459.261328042
DJI,Djibouti,Other,Unknown,2006,2000,3.48340699677866,3.48340699677866,Moderate (2-5%),,
DMA,Dominica,Other,Unknown,2006,2000,2.2023913263167,2.2023913263167,Moderate (2-5%),4.40077479812059,7698.53701483824
DNK,Denmark,Europe,High,2006,2000,1.92422138464584,1.92422138464584,Low (<2%),3.81648769908172,53823.1590295482
DOM,Dominican Republic,Other,Unknown,2006,2000,7.57280523853074,7.57280523853074,High (5-10%),9.17120650955299,4904.71715839398
DZA,Algeria,Africa,Upper Middle,2006,2000,2.31149918514424,2.31149918514424,Moderate (2-5%),2.89999999905852,4279.61547120827
EAP,East Asia & Pacific (excluding high income),Other,Unknown,2006,2000,4.8663204883746,4.8663204883746,Moderate (2-5%),11.0706988715604,3410.6598804258
EAR,Early-demographic dividend,Other,Unknown,2006,2000,5.68713772607963,5.68713772607963,High (5-10%),6.14264964315907,2517.93797435526
EAS,East Asia & Pacific,Other,Unknown,2006,2000,3.93616259929866,3.93616259929866,Moderate (2-5%),6.52205902973589,6545.03469272412
ECA,Europe & Central Asia (excluding high income),Other,Unknown,2006,2000,7.663026931994,7.663026931994,High (5-10%),8.24200882931629,4618.3280614311
ECS,Europe & Central Asia,Other,Unknown,2006,2000,3.19288637808747,3.19288637808747,Moderate (2-5%),3.89587162590162,21218.6420264668
ECU,Ecuador,South America,Upper Middle,2006,2000,3.29874846258215,3.29874846258215,Moderate (2-5%),4.34113198577639,4706.98056823816
EGY,"Egypt, Arab Rep.",Africa,Lower Middle,2006,2000,7.64452644526434,7.64452644526434,High (5-10%),6.84383819369884,2761.62410768311
EMU,Euro area,Other,Unknown,2006,2000,2.77378006481472,2.77378006481472,Moderate (2-5%),3.33733486627055,32882.2025430207
ESP,Spain,Europe,High,2006,2000,3.51557576832123,3.51557576832123,Moderate (2-5%),4.04343515605099,26899.0921497113
EST,Estonia,Other,Unknown,2006,2000,4.43762042389213,4.43762042389213,Moderate (2-5%),9.76257131206653,16234.5152041417
ETH,Ethiopia,Africa,Low,2006,2000,12.2994763114825,12.2994763114825,Very High (>10%),10.8347270679373,313.013896721503
EUU,European Union,Other,Unknown,2006,2000,2.66631494577077,2.66631494577077,Moderate (2-5%),3.56754016308207,29246.6564527789
FIN,Finland,Europe,High,2006,2000,1.56666380704379,1.56666380704379,Low (<2%),4.01957326515895,44069.3958834717
FJI,Fiji,Other,Unknown,2006,2000,2.49083638787079,2.49083638787079,Moderate (2-5%),1.85248357237371,4295.40677074806
FRA,France,Europe,High,2006,2000,1.67512449608726,1.67512449608726,Low (<2%),2.71406448755236,35645.4162427116
FSM,"Micronesia, Fed. Sts.",Other,Unknown,2006,2000,4.63737008585635,4.63737008585635,Moderate (2-5%),-0.413223140495873,2853.20713732847
GAB,Gabon,Other,Unknown,2006,2000,-1.4094013660098,-1.4094013660098,Low (<2%),-2.80657835569052,6724.08148977274
GBR,United Kingdom,Europe,High,2006,2000,2.4556616643929,2.4556616643929,Moderate (2-5%),2.18982132415704,43944.9985799069
GEO,Georgia,Other,Unknown,2006,2000,9.16096508394497,9.16096508394497,High (5-10%),9.42148081189909,2554.81253503914
GHA,Ghana,Africa,Unknown,2006,2000,11.6791839392492,11.6791839392492,Very High (>10%),6.39991260618034,1185.26570738595
GIN,Guinea,Other,Unknown,2006,2000,34.6952705997072,34.6952705997072,Very High (>10%),1.18960211693242,645.472001923653
GMB,"Gambia, The",Other,Unknown,2006,2000,2.0565034236599,2.0565034236599,Moderate (2-5%),-0.555580977246521,636.596026908866
GNB,Guinea-Bissau,Other,Unknown,2006,2000,1.95473717628916,1.95473717628916,Low (<2%),2.66650493269572,597.257151722046
GNQ,Equatorial Guinea,Other,Unknown,2006,2000,4.41589984169561,4.41589984169561,Moderate (2-5%),7.70491760658767,10521.9996774827
GRC,Greece,Europe,High,2006,2000,3.19594684144545,3.19594684144545,Moderate (2-5%),6.44339762487436,23220.5324419197
GRD,Grenada,Other,Unknown,2006,2000,4.25195321977967,4.25195321977967,Moderate (2-5%),-3.99532824427482,7808.24358323434
GTM,Guatemala,Other,Unknown,2006,2000,6.56085282795384,6.56085282795384,High (5-10%),5.35139778711536,3388.15165081967
GUY,Guyana,Other,Unknown,2006,2000,6.67715790410028,6.67715790410028,High (5-10%),5.12960934773,4076.77981715707
HIC,High income,Other,Unknown,2006,2000,2.72004750529275,2.72004750529275,Moderate (2-5%),3.26145278133725,34058.5960994323
HKG,"Hong Kong SAR, China",Other,Unknown,2006,2000,2.00025160397534,2.00025160397534,Moderate (2-5%),7.03264766297669,34458.0032348089
HND,Honduras,Other,Unknown,2006,2000,5.57775207654292,5.57775207654292,High (5-10%),6.56724355177587,2056.53491469231
HPC,Heavily indebted poor countries (HIPC),Other,Unknown,2006,2000,6.73993060387505,6.73993060387505,High (5-10%),5.72439626364614,758.076010727433
HRV,Croatia,Other,Unknown,2006,2000,3.18982591472949,3.18982591472949,Moderate (2-5%),5.06986521577841,12104.2947219361
HTI,Haiti,Other,Unknown,2006,2000,11.3452152244299,11.3452152244299,Very High (>10%),1.76875060288195,1305.03813815611
HUN,Hungary,Other,Unknown,2006,2000,3.93032603841001,3.93032603841001,Moderate (2-5%),3.93393162712054,11734.4544729813
IBD,IBRD only,Other,Unknown,2006,2000,5.64087772156342,5.64087772156342,High (5-10%),8.3308609740977,3693.37066538383
IBT,IDA & IBRD total,Other,Unknown,2006,2000,6.12556615620285,6.12556615620285,High (5-10%),8.14150113123003,3079.20147750429
IDA,IDA total,Other,Unknown,2006,2000,6.2410332814282,6.2410332814282,High (5-10%),6.04689219145386,1081.58606287181
IDB,IDA blend,Other,Unknown,2006,2000,4.25195321977967,4.25195321977967,Moderate (2-5%),5.73601373606596,1558.19950495576
IDN,Indonesia,Asia,Lower Middle,2006,2000,13.108670985346,13.108670985346,Very High (>10%),5.50095178520348,2244.0802226202
IDX,IDA only,Other,Unknown,2006,2000,6.73026291414056,6.73026291414056,High (5-10%),6.37650965376993,824.39686692688
IND,India,Asia,Lower Middle,2006,2000,5.79652337561634,5.79652337561634,High (5-10%),8.06073257305057,1008.23275344818
IRL,Ireland,Europe,High,2006,2000,3.93576114001354,3.93576114001354,Moderate (2-5%),4.98785364537615,51656.8194855887
IRN,"Iran, Islamic Rep.",Asia,Lower Middle,2006,2000,10.0158982511924,10.0158982511924,Very High (>10%),4.99979526181222,4778.7934584732
IRQ,Iraq,Middle East,Unknown,2006,2000,53.230962911428,53.230962911428,Very High (>10%),5.63829915220637,3471.98744698568
ISL,Iceland,Other,Unknown,2006,2000,6.68707906136667,6.68707906136667,High (5-10%),5.67161248703039,52306.128485789
ISR,Israel,Europe,High,2006,2000,2.05407914587443,2.05407914587443,Moderate (2-5%),5.59106550120008,30707.435814097
ITA,Italy,Europe,High,2006,2000,2.09084391012754,2.09084391012754,Moderate (2-5%),1.79947992234244,33873.0493680093
JAM,Jamaica,Other,Unknown,2006,2000,8.56106408706157,8.56106408706157,High (5-10%),2.89912534481287,5656.66803579988
JOR,Jordan,Other,Unknown,2006,2000,6.25172466656443,6.25172466656443,High (5-10%),8.09297527811921,4596.56909353547
JPN,Japan,Asia,High,2006,2000,0.249355116079085,0.249355116079085,Low (<2%),1.54630843078741,33880.6890093456
KAZ,Kazakhstan,Other,Unknown,2006,2000,8.72169386091726,8.72169386091726,High (5-10%),10.7,7450.39687062615
KEN,Kenya,Africa,Low,2006,2000,14.4537342081708,14.4537342081708,Very High (>10%),6.47249430015484,1263.54164666211
KGZ,Kyrgyz Republic,Other,Unknown,2006,2000,5.55212333162542,5.55212333162542,High (5-10%),3.10289874199981,837.138026647346
KHM,Cambodia,Other,Unknown,2006,2000,5.81068550464306,5.81068550464306,High (5-10%),10.9433600681694,947.065220050691
KNA,St. Kitts and Nevis,Other,Unknown,2006,2000,8.48748575845879,8.48748575845879,High (5-10%),3.15038119968223,16457.8622372067
KOR,"Korea, Rep.",Asia,High,2006,2000,2.24234028518921,2.24234028518921,Moderate (2-5%),5.24500550580342,23162.1860111297
KWT,Kuwait,Middle East,High,2006,2000,3.05701339166722,3.05701339166722,Moderate (2-5%),7.51477300024021,41137.969927672
LAC,Latin America & Caribbean (excluding high income),Other,Unknown,2006,2000,4.26717463390264,4.26717463390264,Moderate (2-5%),5.36660487562762,7067.05640436568
LAO,Lao PDR,Other,Unknown,2006,2000,6.54559439052787,6.54559439052787,High (5-10%),8.61926620832807,1228.08927619923
LBR,Liberia,Other,Unknown,2006,2000,7.34144608278558,7.34144608278558,High (5-10%),8.04390997190059,551.377446611852
LBY,Libya,Other,Unknown,2006,2000,1.45926876202722,1.45926876202722,Low (<2%),6.50052541959279,13176.7758911904
LCA,St. Lucia,Other,Unknown,2006,2000,2.39562082529168,2.39562082529168,Moderate (2-5%),6.19525729141048,10045.6504032593
LCN,Latin America & Caribbean,Other,Unknown,2006,2000,4.25195321977967,4.25195321977967,Moderate (2-5%),5.26208115771729,7448.5139089453
LDC,Least developed countries: UN classification,Other,Unknown,2006,2000,6.85246617854622,6.85246617854622,High (5-10%),6.85952136605701,785.207477962037
LIC,Low income,Other,Unknown,2006,2000,7.32606110920211,7.32606110920211,High (5-10%),5.76878931190947,700.508162576728
LKA,Sri Lanka,Asia,Lower Middle,2006,2000,10.0201836057035,10.0201836057035,Very High (>10%),7.66829190107919,2426.34872826822
LMC,Lower middle income,Other,Unknown,2006,2000,5.941702150993,5.941702150993,High (5-10%),7.18376142658737,1266.02252397216
LMY,Low & middle income,Other,Unknown,2006,2000,5.941702150993,5.941702150993,High (5-10%),8.2375766191162,2831.5291839446
LSO,Lesotho,Other,Unknown,2006,2000,6.07271879734293,6.07271879734293,High (5-10%),4.23009522805209,893.750686627156
LTE,Late-demographic dividend,Other,Unknown,2006,2000,4.3655220300907,4.3655220300907,Moderate (2-5%),9.29615941664146,5065.16601889118
LTU,Lithuania,Other,Unknown,2006,2000,3.73912004060664,3.73912004060664,Moderate (2-5%),7.39548122468629,10577.2145522871
LUX,Luxembourg,Other,Unknown,2006,2000,2.66631494577077,2.66631494577077,Moderate (2-5%),6.01662739677904,105618.332853323
LVA,Latvia,Other,Unknown,2006,2000,6.53619908765872,6.53619908765872,High (5-10%),12.825017846905,11507.4648265658
MAC,"Macao SAR, China",Other,Unknown,2006,2000,5.14997337750692,5.14997337750692,High (5-10%),13.3921711919351,53240.2045750276
MAR,Morocco,Africa,Lower Middle,2006,2000,3.28476166954811,3.28476166954811,Moderate (2-5%),7.7908200104027,2489.99291992188
MDA,Moldova,Other,Unknown,2006,2000,12.777755783035,12.777755783035,Very High (>10%),4.79999983670831,2017.17730062908
MDG,Madagascar,Other,Unknown,2006,2000,10.7656371554865,10.7656371554865,Very High (>10%),5.3985084485368,461.540337897729
MDV,Maldives,Other,Unknown,2006,2000,2.73842131602099,2.73842131602099,Moderate (2-5%),23.6302719852686,8620.72814678183
MEA,"Middle East, North Africa, Afghanistan & Pakistan",Other,Unknown,2006,2000,3.54498591605033,3.54498591605033,Moderate (2-5%),6.0105357176119,4574.7429671738
MEX,Mexico,North America,Upper Middle,2006,2000,3.62946762439132,3.62946762439132,Moderate (2-5%),4.80501351664901,9813.82804186659
MIC,Middle income,Other,Unknown,2006,2000,5.51867769956796,5.51867769956796,High (5-10%),8.2867008636882,3031.32395605497
MKD,North Macedonia,Other,Unknown,2006,2000,3.21362929606345,3.21362929606345,Moderate (2-5%),5.13702516153505,3866.74650622977
MLI,Mali,Other,Unknown,2006,2000,1.54352596927582,1.54352596927582,Low (<2%),3.68960265255278,797.10053288464
MLT,Malta,Other,Unknown,2006,2000,2.77378006481472,2.77378006481472,Moderate (2-5%),2.33618870316785,18479.2043785147
MMR,Myanmar,Other,Unknown,2006,2000,19.9964873359214,19.9964873359214,Very High (>10%),13.0761013792372,586.085579927418
MNA,"Middle East, North Africa, Afghanistan & Pakistan (excluding high income)",Other,Unknown,2006,2000,6.51816060829049,6.51816060829049,High (5-10%),5.40507334733429,2644.58495698406
MNE,Montenegro,Other,Unknown,2006,2000,2.92451258123648,2.92451258123648,Moderate (2-5%),8.56641991756757,5386.53580727982
MNG,Mongolia,Other,Unknown,2006,2000,5.09516661663157,5.09516661663157,High (5-10%),8.55623481664365,2209.74321787628
MOZ,Mozambique,Other,Low,2006,2000,13.2450879070999,13.2450879070999,Very High (>10%),9.91067756782915,420.526462764726
MRT,Mauritania,Other,Unknown,2006,2000,6.2410332814282,6.2410332814282,High (5-10%),18.3331987597713,1641.14052210995
MUS,Mauritius,Other,Unknown,2006,2000,8.91350105650142,8.91350105650142,High (5-10%),4.86554460775534,6819.92708580325
MWI,Malawi,Other,Low,2006,2000,13.9742943548388,13.9742943548388,Very High (>10%),4.69999976404691,417.877689776503
MYS,Malaysia,Asia,Upper Middle,2006,2000,3.60923564224389,3.60923564224389,Moderate (2-5%),5.5848470671515,7469.8106921211
NAC,North America,Other,Unknown,2006,2000,2.61398474802283,2.61398474802283,Moderate (2-5%),2.7743146220173,52436.4017613233
NAM,Namibia,Other,Unknown,2006,2000,4.96116689298916,4.96116689298916,Moderate (2-5%),7.07317531845825,3834.99894666178
NER,Niger,Other,Unknown,2006,2000,0.0404858299595074,0.0404858299595074,Low (<2%),5.93104997350342,415.852022114801
NGA,Nigeria,Africa,Low,2006,2000,8.22743678120907,8.22743678120907,High (5-10%),6.05942803202491,1949.15856804582
NIC,Nicaragua,Other,Unknown,2006,2000,9.1401996677772,9.1401996677772,High (5-10%),4.15294559846254,1644.37193565251
NLD,Netherlands,Europe,High,2006,2000,1.10150106517709,1.10150106517709,Low (<2%),3.53729585853395,43841.0915818567
NOR,Norway,Europe,High,2006,2000,2.3293498075755,2.3293498075755,Moderate (2-5%),2.84726376691944,75428.8816534082
NPL,Nepal,Asia,Lower Middle,2006,2000,6.92033580707589,6.92033580707589,High (5-10%),3.36461478056277,617.477638588722
NZL,New Zealand,Oceania,High,2006,2000,3.36540196171993,3.36540196171993,Moderate (2-5%),2.7744428588158,35649.0258495224
OED,OECD members,Other,Unknown,2006,2000,2.60015376460355,2.60015376460355,Moderate (2-5%),3.06119134402469,33783.1305010851
OMN,Oman,Middle East,High,2006,2000,3.54498591605033,3.54498591605033,Moderate (2-5%),4.66981481939328,20096.3965576134
OSS,Other small states,Other,Unknown,2006,2000,3.48340699677866,3.48340699677866,Moderate (2-5%),6.20067811341328,9957.08940870811
PAK,Pakistan,Asia,Lower Middle,2006,2000,7.92108440058789,7.92108440058789,High (5-10%),6.05163767569996,1243.94142602543
PAN,Panama,Other,Unknown,2006,2000,2.45789346442102,2.45789346442102,Moderate (2-5%),9.85723870564752,8557.9801770364
PER,Peru,South America,Upper Middle,2006,2000,2.00225801248819,2.00225801248819,Moderate (2-5%),7.5288990440594,4091.36268615581
PHL,Philippines,Asia,Lower Middle,2006,2000,5.4852320675105,5.4852320675105,High (5-10%),5.31641682136939,2110.42044781284
PLW,Palau,Other,Unknown,2006,2000,4.42981143370254,4.42981143370254,Moderate (2-5%),0.228102952380539,14037.3706523634
PNG,Papua New Guinea,Other,Unknown,2006,2000,2.3684623841683,2.3684623841683,Moderate (2-5%),5.40994409107307,1915.2349405788
POL,Poland,Europe,Unknown,2006,2000,1.28469394366416,1.28469394366416,Low (<2%),6.20210710934373,9137.65850849801
PRE,Pre-demographic dividend,Other,Unknown,2006,2000,6.69526465773354,6.69526465773354,High (5-10%),6.21676933701521,1256.95120061394
PRT,Portugal,Europe,High,2006,2000,3.1076654587105,3.1076654587105,Moderate (2-5%),1.62503532956156,19529.3122100477
PRY,Paraguay,South America,Upper Middle,2006,2000,9.58934941129229,9.58934941129229,High (5-10%),4.80711719268376,4349.31197066182
PSE,West Bank and Gaza,Other,Unknown,2006,2000,3.84234125624782,3.84234125624782,Moderate (2-5%),-0.996556103477076,2540.26763083127
PSS,Pacific island small states,Other,Unknown,2006,2000,4.42981143370254,4.42981143370254,Moderate (2-5%),2.39839602432967,3412.7724072437
PST,Post-demographic dividend,Other,Unknown,2006,2000,2.45792444195863,2.45792444195863,Moderate (2-5%),2.95414307023958,38248.3840891561
QAT,Qatar,Middle East,High,2006,2000,11.8358096197431,11.8358096197431,Very High (>10%),26.17039955781,68036.6212164734
ROU,Romania,Other,Unknown,2006,2000,6.55851412276983,6.55851412276983,High (5-10%),8.02881107599163,6876.77841417966
RUS,Russian Federation,Europe,Upper Middle,2006,2000,9.66865454789265,9.66865454789265,High (5-10%),8.20006825456321,7949.89697265625
RWA,Rwanda,Other,Low,2006,2000,8.88282654777923,8.88282654777923,High (5-10%),9.22707576994632,471.150850642442
SAS,South Asia,Other,Unknown,2006,2000,6.28089227308195,6.28089227308195,High (5-10%),7.89518423097518,999.335555352338
SAU,Saudi Arabia,Asia,High,2006,2000,2.20902314069647,2.20902314069647,Moderate (2-5%),3.31348473625901,21616.3355772516
SDN,Sudan,Other,Unknown,2006,2000,7.19912990114709,7.19912990114709,High (5-10%),6.5314117467792,1336.1240234375
SEN,Senegal,Other,Unknown,2006,2000,2.11228583877117,2.11228583877117,Moderate (2-5%),2.33077098330239,1118.7830430051
SGP,Singapore,Asia,High,2006,2000,0.965657519018511,0.965657519018511,Low (<2%),9.00676607871758,44159.4101820552
SLB,Solomon Islands,Other,Unknown,2006,2000,11.2199870214146,11.2199870214146,Very High (>10%),4.13726239664898,1796.71439810674
SLV,El Salvador,Other,Unknown,2006,2000,4.03712359429612,4.03712359429612,Moderate (2-5%),4.3369986028604,3302.34817354347
SMR,San Marino,Other,Unknown,2006,2000,2.09525935611432,2.09525935611432,Moderate (2-5%),3.83008356545962,60604.3235393604
SRB,Serbia,Other,Unknown,2006,2000,11.7240229980834,11.7240229980834,Very High (>10%),3.90066644620993,5016.41289322251
SSA,Sub-Saharan Africa (excluding high income),Other,Unknown,2006,2000,6.61655430536479,6.61655430536479,High (5-10%),6.0464630905323,1409.44567949082
SSF,Sub-Saharan Africa,Other,Unknown,2006,2000,6.53784395299604,6.53784395299604,High (5-10%),6.04946351604032,1410.57668732902
SST,Small states,Other,Unknown,2006,2000,3.8181247024271,3.8181247024271,Moderate (2-5%),6.55695530293785,9984.06367153864
STP,Sao Tome and Principe,Other,Unknown,2006,2000,23.0770373451381,23.0770373451381,Very High (>10%),8.86610935944026,1157.0861446542
SUR,Suriname,Other,Unknown,2006,2000,11.2813043273975,11.2813043273975,Very High (>10%),5.79354358463304,7599.35696921481
SVK,Slovak Republic,Other,Unknown,2006,2000,4.48333120449615,4.48333120449615,Moderate (2-5%),8.92568704770216,12430.2015488557
SVN,Slovenia,Other,Unknown,2006,2000,2.45792444195863,2.45792444195863,Moderate (2-5%),5.90878130011174,20166.5323431214
SWE,Sweden,Europe,High,2006,2000,1.36021468627693,1.36021468627693,Low (<2%),4.67607488877992,48078.3520110084
SWZ,Eswatini,Other,Unknown,2006,2000,5.30463946338728,5.30463946338728,High (5-10%),6.72880946564094,2823.48728215402
SXM,Sint Maarten (Dutch part),Other,Unknown,2006,2000,0.300601202404805,0.300601202404805,Low (<2%),,
SYC,Seychelles,Other,Unknown,2006,2000,-0.353465498693756,-0.353465498693756,Low (<2%),9.40612855732827,12105.4475265558
SYR,Syrian Arab Republic,Other,Unknown,2006,2000,10.0241105377571,10.0241105377571,Very High (>10%),5.04600280095076,1420.72014052107
TCD,Chad,Other,Unknown,2006,2000,8.03628897951331,8.03628897951331,High (5-10%),-0.54282957080251,914.21066458867
TEA,East Asia & Pacific (IDA & IBRD countries),Other,Unknown,2006,2000,4.63747436011764,4.63747436011764,Moderate (2-5%),11.0701698073483,3450.71267623218
TEC,Europe & Central Asia (IDA & IBRD countries),Other,Unknown,2006,2000,6.99712903535591,6.99712903535591,High (5-10%),7.86762732683354,6297.57598769406
TGO,Togo,Other,Unknown,2006,2000,2.22897779414027,2.22897779414027,Moderate (2-5%),2.65013209943473,678.890227390526
THA,Thailand,Asia,Upper Middle,2006,2000,4.63747436011764,4.63747436011764,Moderate (2-5%),4.96781089246107,4551.5250018314
TJK,Tajikistan,Other,Unknown,2006,2000,10.0108651886461,10.0108651886461,Very High (>10%),7.00000321108996,649.163328755334
TLA,Latin America & the Caribbean (IDA & IBRD countries),Other,Unknown,2006,2000,4.29342363628927,4.29342363628927,Moderate (2-5%),5.37481873645092,7284.00945702325
TLS,Timor-Leste,Other,Unknown,2006,2000,3.93616259929866,3.93616259929866,Moderate (2-5%),-4.11609268942114,897.573763670928
TMN,"Middle East, North Africa, Afghanistan & Pakistan (IDA & IBRD)",Other,Unknown,2006,2000,6.78459655001655,6.78459655001655,High (5-10%),5.44754788079531,2645.26623060397
TON,Tonga,Other,Unknown,2006,2000,6.14911606456568,6.14911606456568,High (5-10%),-2.16566342680382,3775.24848570829
TSA,South Asia (IDA & IBRD),Other,Unknown,2006,2000,6.28089227308195,6.28089227308195,High (5-10%),7.89518423097518,999.335555352338
TSS,Sub-Saharan Africa (IDA & IBRD countries),Other,Unknown,2006,2000,6.53784395299604,6.53784395299604,High (5-10%),6.0494635160403,1410.57668732902
TTO,Trinidad and Tobago,Other,Unknown,2006,2000,8.32960351465347,8.32960351465347,High (5-10%),13.2080586051735,17021.2241679562
TUN,Tunisia,Africa,Upper Middle,2006,2000,3.22525337438917,3.22525337438917,Moderate (2-5%),5.24409983246916,3444.5513526091
TUR,Turkiye,Europe,Upper Middle,2006,2000,9.59724212288446,9.59724212288446,High (5-10%),7.06762607623939,8078.5153787571
TZA,Tanzania,Other,Low,2006,2000,7.25097262082546,7.25097262082546,High (5-10%),6.53222138847813,704.502746582031
UGA,Uganda,Other,Low,2006,2000,7.31067613561864,7.31067613561864,High (5-10%),10.7847443857453,650.270540867444
UKR,Ukraine,Other,Unknown,2006,2000,9.05252491133248,9.05252491133248,High (5-10%),7.57142076322967,2298.13232421875
UMC,Upper middle income,Other,Unknown,2006,2000,4.63742222298699,4.63742222298699,Moderate (2-5%),8.54599449140774,4482.59348714912
URY,Uruguay,South America,High,2006,2000,6.39764974385131,6.39764974385131,High (5-10%),4.09857735445401,11574.470540231
USA,United States,North America,High,2006,2000,3.22594410070404,3.22594410070404,Moderate (2-5%),2.78453963674239,53596.315236412
VCT,St. Vincent and the Grenadines,Other,Unknown,2006,2000,2.74067516070673,2.74067516070673,Moderate (2-5%),6.99692626758825,6707.27875985734
VNM,Viet Nam,Asia,Lower Middle,2006,2000,7.41801715108469,7.41801715108469,High (5-10%),6.97795481056711,1699.67620343393
VUT,Vanuatu,Other,Unknown,2006,2000,2.04081632653062,2.04081632653062,Moderate (2-5%),8.46069747205426,3129.08540327369
WLD,World,Other,Unknown,2006,2000,4.26717463390264,4.26717463390264,Moderate (2-5%),4.48913510541222,8913.15666856363
WSM,Samoa,Other,Unknown,2006,2000,3.70008680555553,3.70008680555553,Moderate (2-5%),2.13212714677351,3820.92239453139
XKX,Kosovo,Other,Unknown,2006,2000,0.621646938601728,0.621646938601728,Low (<2%),,
YEM,"Yemen, Rep.",Other,Unknown,2006,2000,10.8447986914257,10.8447986914257,Very High (>10%),3.17040935922364,2234.74266863312
ZAF,South Africa,Africa,Upper Middle,2006,2000,3.2439076541923,3.2439076541923,Moderate (2-5%),5.60380645895889,5650.9883176549
ZMB,Zambia,Other,Unknown,2006,2000,9.01957247226486,9.01957247226486,High (5-10%),7.90369444480079,968.563565019492
ABW,Aruba,Other,Unknown,2007,2000,5.39256784475516,5.39256784475516,High (5-10%),3.0895443848509,29556.8384686554
AFE,Africa Eastern and Southern,Other,Unknown,2007,2000,8.45077480635,8.45077480635,High (5-10%),6.70236334242323,1417.37331385996
AFG,Afghanistan,Other,Unknown,2007,2000,8.68057078513406,8.68057078513406,High (5-10%),13.8263195471281,410.757728879097
AFW,Africa Western and Central,Other,Unknown,2007,2000,3.60736767984596,3.60736767984596,Moderate (2-5%),5.44733984006633,1515.04513261704
AGO,Angola,Africa,Lower Middle,2007,2000,12.2514974459487,12.2514974459487,Very High (>10%),13.0026889457976,3336.36332465491
ALB,Albania,Other,Unknown,2007,2000,2.93268248162317,2.93268248162317,Moderate (2-5%),6.50009261158209,3105.8796756386
ARB,Arab World,Other,Unknown,2007,2000,4.74390639021648,4.74390639021648,Moderate (2-5%),4.62941134633037,5746.68567268712
ARM,Armenia,Other,Unknown,2007,2000,4.40736089644516,4.40736089644516,Moderate (2-5%),13.7000000015467,2919.3734936373
ATG,Antigua and Barbuda,Other,Unknown,2007,2000,1.41605259409741,1.41605259409741,Low (<2%),9.31518272315685,20770.2689732844
AUS,Australia,Oceania,High,2007,2000,2.32761442623159,2.32761442623159,Moderate (2-5%),3.78947119882653,52671.325846724
AUT,Austria,Europe,High,2007,2000,2.16855528800757,2.16855528800757,Moderate (2-5%),3.77522468729185,43568.8302243941
AZE,Azerbaijan,Other,Unknown,2007,2000,16.6997549618244,16.6997549618244,Very High (>10%),25.4632157314482,4412.20326117932
BDI,Burundi,Other,Unknown,2007,2000,8.41206285772544,8.41206285772544,High (5-10%),3.44449364663615,254.311725516331
BEL,Belgium,Europe,High,2007,2000,1.8230563002681,1.8230563002681,Low (<2%),3.67692462515802,40520.0843207009
BEN,Benin,Other,Unknown,2007,2000,1.29806813334152,1.29806813334152,Low (<2%),5.98634932177609,926.740113754071
BFA,Burkina Faso,Other,Unknown,2007,2000,-0.230627306273049,-0.230627306273049,Low (<2%),4.11137901761516,519.26101218434
BGD,Bangladesh,Asia,Lower Middle,2007,2000,9.10698496905383,9.10698496905383,High (5-10%),7.05859935449848,825.508229964537
BGR,Bulgaria,Other,Unknown,2007,2000,8.40253419005893,8.40253419005893,High (5-10%),6.65438512368812,6049.05136726418
BHR,Bahrain,Middle East,High,2007,2000,3.25666666666703,3.25666666666703,Moderate (2-5%),8.29396129093843,23112.4888058398
BHS,"Bahamas, The",Other,Unknown,2007,2000,2.49257794939396,2.49257794939396,Moderate (2-5%),1.44609991235758,33549.3360007274
BIH,Bosnia and Herzegovina,Other,Unknown,2007,2000,1.50077710611542,1.50077710611542,Low (<2%),5.85911689412598,3665.08966529499
BLR,Belarus,Other,Unknown,2007,2000,8.42675273505306,8.42675273505306,High (5-10%),8.60000659811426,4682.20676719042
BLZ,Belize,Other,Unknown,2007,2000,2.31808274642021,2.31808274642021,Moderate (2-5%),3.33939738340764,6465.82885846045
BOL,Bolivia,South America,Upper Middle,2007,2000,8.70560923578869,8.70560923578869,High (5-10%),4.56438425143126,2283.42733535297
BRA,Brazil,South America,Upper Middle,2007,2000,3.64127299102652,3.64127299102652,Moderate (2-5%),6.06987060678338,8003.25413096047
BRB,Barbados,Other,Unknown,2007,2000,4.0342298288507,4.0342298288507,Moderate (2-5%),2.07918360507011,24579.0897752594
BRN,Brunei Darussalam,Other,Unknown,2007,2000,0.967774119525101,0.967774119525101,Low (<2%),-3.76362326254647,36174.516515486
BTN,Bhutan,Other,Unknown,2007,2000,5.15611138758463,5.15611138758463,High (5-10%),16.1047836542012,1952.25734603779
BWA,Botswana,Other,Unknown,2007,2000,7.08099847172693,7.08099847172693,High (5-10%),5.79255577727118,6085.6354476126
CAF,Central African Republic,Other,Unknown,2007,2000,0.95991761945711,0.95991761945711,Low (<2%),4.60753485452025,450.762785401893
CAN,Canada,North America,High,2007,2000,2.13838399266837,2.13838399266837,Moderate (2-5%),2.04990459443619,42106.9147186165
CEB,Central Europe and the Baltics,Other,Unknown,2007,2000,4.83732928313989,4.83732928313989,Moderate (2-5%),6.33884003829688,10712.5851582186
CHE,Switzerland,Europe,High,2007,2000,0.732350603122236,0.732350603122236,Low (<2%),3.98319384807056,82909.1358291459
CHL,Chile,South America,High,2007,2000,4.40779938398044,4.40779938398044,Moderate (2-5%),5.16823098528431,11051.3450717678
CHN,China,Asia,Upper Middle,2007,2000,4.81676767378834,4.81676767378834,Moderate (2-5%),14.1507710506103,4409.69709445986
CIV,Cote d'Ivoire,Africa,Lower Middle,2007,2000,1.89200629349598,1.89200629349598,Low (<2%),1.10142976793477,1420.1738958245
CMR,Cameroon,Africa,Lower Middle,2007,2000,0.921402245650095,0.921402245650095,Low (<2%),4.32758900972871,1295.73067471287
COD,"Congo, Dem. Rep.",Other,Unknown,2007,2000,16.945100654195,16.945100654195,Very High (>10%),8.58332298445387,377.62283005586
COG,"Congo, Rep.",Other,Unknown,2007,2000,2.65464645060703,2.65464645060703,Moderate (2-5%),-6.61399480441001,2004.10103961966
COL,Colombia,South America,Upper Middle,2007,2000,5.54438485815156,5.54438485815156,High (5-10%),6.73819469090975,4947.25260813108
COM,Comoros,Other,Unknown,2007,2000,4.46616710098132,4.46616710098132,Moderate (2-5%),0.803599788247752,1212.6966173611
CPV,Cabo Verde,Other,Unknown,2007,2000,4.41099704193489,4.41099704193489,Moderate (2-5%),15.1706879735517,3056.97102851154
CRI,Costa Rica,Other,Unknown,2007,2000,9.35724456417157,9.35724456417157,High (5-10%),8.21513209207497,9779.51150221827
CSS,Caribbean small states,Other,Unknown,2007,2000,3.94652952677361,3.94652952677361,Moderate (2-5%),3.84066022512839,14030.0505594073
CUW,Curacao,Other,Unknown,2007,2000,2.99572039942908,2.99572039942908,Moderate (2-5%),2.46996322836787,21011.1570622011
CYP,Cyprus,Other,Unknown,2007,2000,2.37265183669718,2.37265183669718,Moderate (2-5%),5.09822614854798,27156.806640625
CZE,Czechia,Other,Unknown,2007,2000,2.8531243721117,2.8531243721117,Moderate (2-5%),5.48882595164517,16892.542854974
DEU,Germany,Europe,High,2007,2000,2.29834400700951,2.29834400700951,Moderate (2-5%),2.8891174138025,38593.0749910508
DJI,Djibouti,Other,Unknown,2007,2000,4.96597654553301,4.96597654553301,Moderate (2-5%),,
DMA,Dominica,Other,Unknown,2007,2000,3.63222129317821,3.63222129317821,Moderate (2-5%),5.3579375575878,8106.18951878325
DNK,Denmark,Europe,High,2007,2000,1.69326586220324,1.69326586220324,Low (<2%),0.987173815945127,54113.9771471341
DOM,Dominican Republic,Other,Unknown,2007,2000,6.14356655248047,6.14356655248047,High (5-10%),7.41840577774235,5204.78500652254
DZA,Algeria,Africa,Upper Middle,2007,2000,3.67899574741699,3.67899574741699,Moderate (2-5%),3.10000000128674,4339.25055772831
EAP,East Asia & Pacific (excluding high income),Other,Unknown,2007,2000,4.81676767378834,4.81676767378834,Moderate (2-5%),12.4522417096462,3805.1786009497
EAR,Early-demographic dividend,Other,Unknown,2007,2000,6.17781214809388,6.17781214809388,High (5-10%),5.77038884068696,2620.13480564456
EAS,East Asia & Pacific,Other,Unknown,2007,2000,3.76400259181596,3.76400259181596,Moderate (2-5%),7.54059783352584,6985.43993494533
ECA,Europe & Central Asia (excluding high income),Other,Unknown,2007,2000,8.59146682238969,8.59146682238969,High (5-10%),7.18873517265573,4937.15920672959
ECS,Europe & Central Asia,Other,Unknown,2007,2000,2.91598261872853,2.91598261872853,Moderate (2-5%),3.7038360333961,21942.3439443716
ECU,Ecuador,South America,Upper Middle,2007,2000,2.27618478002121,2.27618478002121,Moderate (2-5%),1.90242859700484,4715.30359842555
EGY,"Egypt, Arab Rep.",Africa,Lower Middle,2007,2000,9.3189690579923,9.3189690579923,High (5-10%),7.08782742675582,2902.06559803259
EMU,Euro area,Other,Unknown,2007,2000,2.5106656524034,2.5106656524034,Moderate (2-5%),3.02499371345013,33707.163004223
ESP,Spain,Europe,High,2007,2000,2.7867974580495,2.7867974580495,Moderate (2-5%),3.53350013165972,27338.79541774
EST,Estonia,Other,Unknown,2007,2000,6.60132603055637,6.60132603055637,High (5-10%),7.57091879311882,17543.4661785723
ETH,Ethiopia,Africa,Low,2007,2000,17.2404008340898,17.2404008340898,Very High (>10%),11.4561670019891,338.799064654308
EUU,European Union,Other,Unknown,2007,2000,2.5106656524034,2.5106656524034,Moderate (2-5%),3.14184136141643,30060.2071364862
FIN,Finland,Europe,High,2007,2000,2.5106656524034,2.5106656524034,Moderate (2-5%),5.31280176694145,46213.6898975737
FJI,Fiji,Other,Unknown,2007,2000,4.80370641306989,4.80370641306989,Moderate (2-5%),-0.8506533546566,4223.44802067613
FRA,France,Europe,High,2007,2000,1.4879980595386,1.4879980595386,Low (<2%),2.53048188351066,36322.1685141004
FSM,"Micronesia, Fed. Sts.",Other,Unknown,2007,2000,3.30634278002699,3.30634278002699,Moderate (2-5%),-1.65975103734441,2827.53072106163
GAB,Gabon,Other,Unknown,2007,2000,5.03031883679951,5.03031883679951,High (5-10%),6.00810802487668,6908.67399162999
GBR,United Kingdom,Europe,High,2007,2000,2.38656150773327,2.38656150773327,Moderate (2-5%),2.93091133582351,44882.141312304
GEO,Georgia,Other,Unknown,2007,2000,9.24489745592404,9.24489745592404,High (5-10%),12.5755698246405,2891.13702331846
GHA,Ghana,Africa,Unknown,2007,2000,10.7342665456292,10.7342665456292,Very High (>10%),4.34681910440079,1205.31705804209
GIN,Guinea,Other,Unknown,2007,2000,18.1755656108597,18.1755656108597,Very High (>10%),6.81747111070281,673.698997420626
GMB,"Gambia, The",Other,Unknown,2007,2000,5.36913473801957,5.36913473801957,High (5-10%),3.04324950829739,637.20930597537
GNB,Guinea-Bissau,Other,Unknown,2007,2000,4.61743772241997,4.61743772241997,Moderate (2-5%),2.55982647078751,597.482020935948
GNQ,Equatorial Guinea,Other,Unknown,2007,2000,2.80373831775704,2.80373831775704,Moderate (2-5%),15.2821139194857,11594.9172068456
GRC,Greece,Europe,High,2007,2000,2.89500321516578,2.89500321516578,Moderate (2-5%),3.50686976639459,23973.6936091313
GRD,Grenada,Other,Unknown,2007,2000,3.85882922469653,3.85882922469653,Moderate (2-5%),6.12345094741467,8257.36225682689
GTM,Guatemala,Other,Unknown,2007,2000,6.82161753590326,6.82161753590326,High (5-10%),6.33771869016203,3527.77995621193
GUY,Guyana,Other,Unknown,2007,2000,12.2001544446648,12.2001544446648,Very High (>10%),7.19123624057457,4382.10449666813
HIC,High income,Other,Unknown,2007,2000,2.85289842680654,2.85289842680654,Moderate (2-5%),2.91590165049769,34818.495991805
HKG,"Hong Kong SAR, China",Other,Unknown,2007,2000,2.03502713369511,2.03502713369511,Moderate (2-5%),6.46482809096842,36371.6434233987
HND,Honduras,Other,Unknown,2007,2000,6.93621470895786,6.93621470895786,High (5-10%),6.18832716678008,2134.19540639485
HPC,Heavily indebted poor countries (HIPC),Other,Unknown,2007,2000,7.25410841304887,7.25410841304887,High (5-10%),5.48012948924681,777.852603441457
HRV,Croatia,Other,Unknown,2007,2000,2.89928275583389,2.89928275583389,Moderate (2-5%),5.04884076732965,12718.2002498979
HTI,Haiti,Other,Unknown,2007,2000,6.55722772638066,6.55722772638066,High (5-10%),4.70652994008303,1343.61111422048
HUN,Hungary,Other,Unknown,2007,2000,7.9587451654491,7.9587451654491,High (5-10%),0.332354337878925,11791.7074416876
IBD,IBRD only,Other,Unknown,2007,2000,5.43249256550149,5.43249256550149,High (5-10%),8.95753247947854,3983.75786510527
IBT,IDA & IBRD total,Other,Unknown,2007,2000,6.14356655248047,6.14356655248047,High (5-10%),8.7124686527373,3302.82526069676
IDA,IDA total,Other,Unknown,2007,2000,6.55722772638066,6.55722772638066,High (5-10%),5.94330560127922,1118.49861077272
IDB,IDA blend,Other,Unknown,2007,2000,4.41099704193489,4.41099704193489,Moderate (2-5%),5.44679223336013,1600.87649761883
IDN,Indonesia,Asia,Lower Middle,2007,2000,6.40656087966005,6.40656087966005,High (5-10%),6.34502222667214,2355.1528565328
IDX,IDA only,Other,Unknown,2007,2000,7.13981139139829,7.13981139139829,High (5-10%),6.46657788107126,857.594387123422
IND,India,Asia,Lower Middle,2007,2000,6.37288135593231,6.37288135593231,High (5-10%),7.66081506510766,1069.24696812234
IRL,Ireland,Europe,High,2007,2000,4.88574537540802,4.88574537540802,Moderate (2-5%),5.31011830898613,52849.6948429458
IRN,"Iran, Islamic Rep.",Asia,Lower Middle,2007,2000,17.3410404624277,17.3410404624277,Very High (>10%),8.15577352358517,5084.71796043623
IRQ,Iraq,Middle East,Unknown,2007,2000,-10.0674925768978,-10.0674925768978,Low (<2%),1.88853936243953,3565.58054079041
ISL,Iceland,Other,Unknown,2007,2000,5.05155736492143,5.05155736492143,High (5-10%),8.74132941862472,55457.3601614503
ISR,Israel,Europe,High,2007,2000,0.466226972936065,0.466226972936065,Low (<2%),6.31307137087018,32071.3107404162
ITA,Italy,Europe,High,2007,2000,1.82974112202403,1.82974112202403,Low (<2%),1.46229205289291,34159.9109244074
JAM,Jamaica,Other,Unknown,2007,2000,9.24482067275562,9.24482067275562,High (5-10%),1.43195403769627,5710.53878446758
JOR,Jordan,Other,Unknown,2007,2000,4.74390639021648,4.74390639021648,Moderate (2-5%),8.17616995204655,4681.17006766931
JPN,Japan,Asia,High,2007,2000,0.060039454498669,0.060039454498669,Low (<2%),1.72837912865577,34426.6937124867
KAZ,Kazakhstan,Other,Unknown,2007,2000,10.8468362075557,10.8468362075557,Very High (>10%),8.89999999999405,8036.87599811505
KEN,Kenya,Africa,Low,2007,2000,9.75888023027529,9.75888023027529,High (5-10%),6.85072976998784,1309.91092948216
KGZ,Kyrgyz Republic,Other,Unknown,2007,2000,10.2301032660484,10.2301032660484,Very High (>10%),8.54287477507607,900.02796489729
KHM,Cambodia,Other,Unknown,2007,2000,8.70882770568049,8.70882770568049,High (5-10%),10.398458101201,1030.23117620792
KIR,Kiribati,Other,Unknown,2007,2000,3.59252131266417,3.59252131266417,Moderate (2-5%),3.05507981566669,1433.35747805619
KNA,St. Kitts and Nevis,Other,Unknown,2007,2000,4.48088608614726,4.48088608614726,Moderate (2-5%),0.600602326543751,16508.1437081315
KOR,"Korea, Rep.",Asia,High,2007,2000,2.53457382137932,2.53457382137932,Moderate (2-5%),5.8419633918717,24391.7651013448
KWT,Kuwait,Middle East,High,2007,2000,5.48494983277596,5.48494983277596,High (5-10%),5.99157551059315,41113.8693942735
LAC,Latin America & Caribbean (excluding high income),Other,Unknown,2007,2000,5.84397570531601,5.84397570531601,High (5-10%),5.40989294955034,7361.2956717151
LAO,Lao PDR,Other,Unknown,2007,2000,4.66197269469701,4.66197269469701,Moderate (2-5%),7.59682880054878,1301.08597549864
LBR,Liberia,Other,Unknown,2007,2000,11.3918966807102,11.3918966807102,Very High (>10%),9.53527536282282,574.609394348543
LBY,Libya,Other,Unknown,2007,2000,6.25098782993553,6.25098782993553,High (5-10%),6.22998278561838,13712.9602583972
LCA,St. Lucia,Other,Unknown,2007,2000,2.82310373736929,2.82310373736929,Moderate (2-5%),1.69161857433913,10147.4432459936
LCN,Latin America & Caribbean,Other,Unknown,2007,2000,4.57808572377153,4.57808572377153,Moderate (2-5%),5.2877791396708,7751.39723773622
LDC,Least developed countries: UN classification,Other,Unknown,2007,2000,7.78556896236768,7.78556896236768,High (5-10%),7.25732555977916,822.870375237203
LIC,Low income,Other,Unknown,2007,2000,7.9522099086403,7.9522099086403,High (5-10%),6.22998137170912,722.632713618076
LKA,Sri Lanka,Asia,Lower Middle,2007,2000,15.8421114924843,15.8421114924843,Very High (>10%),6.79682611892866,2573.54361719411
LMC,Lower middle income,Other,Unknown,2007,2000,6.93621470895786,6.93621470895786,High (5-10%),6.96094960490905,1330.22942300294
LMY,Low & middle income,Other,Unknown,2007,2000,6.21439998901471,6.21439998901471,High (5-10%),8.84570128910771,3039.02649139576
LSO,Lesotho,Other,Unknown,2007,2000,8.01243669043409,8.01243669043409,High (5-10%),4.18791409957151,927.26863327342
LTE,Late-demographic dividend,Other,Unknown,2007,2000,5.43875883876556,5.43875883876556,High (5-10%),10.2086065678187,5546.15574148121
LTU,Lithuania,Other,Unknown,2007,2000,5.73717382799842,5.73717382799842,High (5-10%),11.0779282578673,11889.3545234657
LUX,Luxembourg,Other,Unknown,2007,2000,2.31245861786126,2.31245861786126,Moderate (2-5%),8.09852098069817,112422.146493735
LVA,Latvia,Other,Unknown,2007,2000,10.0929775849169,10.0929775849169,Very High (>10%),10.4145372792714,12810.0409502542
MAC,"Macao SAR, China",Other,Unknown,2007,2000,5.57149689143952,5.57149689143952,High (5-10%),14.4817728129028,58376.1176047275
MAR,Morocco,Africa,Lower Middle,2007,2000,2.04208512673344,2.04208512673344,Moderate (2-5%),3.44106776690418,2540.615234375
MDA,Moldova,Other,Unknown,2007,2000,12.3671668414302,12.3671668414302,Very High (>10%),3.00000022585525,2082.51260097669
MDG,Madagascar,Other,Unknown,2007,2000,10.2879663187671,10.2879663187671,Very High (>10%),5.71056419885052,473.785462328449
MDV,Maldives,Other,Unknown,2007,2000,6.79477353930168,6.79477353930168,High (5-10%),7.13338024717898,8933.17166363858
MEA,"Middle East, North Africa, Afghanistan & Pakistan",Other,Unknown,2007,2000,4.74390639021648,4.74390639021648,Moderate (2-5%),5.25087621123983,4700.75513970204
MEX,Mexico,North America,Upper Middle,2007,2000,3.96684905458235,3.96684905458235,Moderate (2-5%),2.0778639395329,9877.69532636562
MIC,Middle income,Other,Unknown,2007,2000,6.14356655248047,6.14356655248047,High (5-10%),8.89653898503143,3259.67210709256
MKD,North Macedonia,Other,Unknown,2007,2000,2.2517579830545,2.2517579830545,Moderate (2-5%),6.47348685752347,4140.63354809364
MLI,Mali,Other,Unknown,2007,2000,1.41200201714577,1.41200201714577,Low (<2%),1.76004607852802,784.893915013531
MLT,Malta,Other,Unknown,2007,2000,1.24921923797629,1.24921923797629,Low (<2%),5.03640177981643,19342.3162783941
MMR,Myanmar,Other,Unknown,2007,2000,35.0245970717698,35.0245970717698,Very High (>10%),11.9914352402146,651.729730890268
MNA,"Middle East, North Africa, Afghanistan & Pakistan (excluding high income)",Other,Unknown,2007,2000,4.85494146787474,4.85494146787474,Moderate (2-5%),5.8216939563203,2738.10877611324
MNE,Montenegro,Other,Unknown,2007,2000,4.34712215656112,4.34712215656112,Moderate (2-5%),7.13755016459636,5763.03765244158
MNG,Mongolia,Other,Unknown,2007,2000,9.63096309630964,9.63096309630964,High (5-10%),10.2480163590057,2403.72416258662
MOZ,Mozambique,Other,Low,2007,2000,8.48948675497455,8.48948675497455,High (5-10%),7.64935393795867,442.049574057751
MRT,Mauritania,Other,Unknown,2007,2000,7.25410841304887,7.25410841304887,High (5-10%),-1.96942275160761,1567.52103874761
MUS,Mauritius,Other,Unknown,2007,2000,8.82729272393294,8.82729272393294,High (5-10%),5.76380219453068,7180.23173197486
MWI,Malawi,Other,Low,2007,2000,7.9522099086403,7.9522099086403,High (5-10%),9.59999987683469,445.254305419586
MYS,Malaysia,Asia,Upper Middle,2007,2000,2.02735317779569,2.02735317779569,Moderate (2-5%),6.29878592740947,7769.59693350488
NAC,North America,Other,Unknown,2007,2000,2.49552823708488,2.49552823708488,Moderate (2-5%),2.00808305353198,52982.1116719497
NAM,Namibia,Other,Unknown,2007,2000,6.54788141101717,6.54788141101717,High (5-10%),5.37404415167634,3987.61796106565
NER,Niger,Other,Unknown,2007,2000,0.0539592607581562,0.0539592607581562,Low (<2%),3.14272408386731,413.419126261066
NGA,Nigeria,Africa,Low,2007,2000,5.38610421570143,5.38610421570143,High (5-10%),6.59113036066867,2020.83316299437
NIC,Nicaragua,Other,Unknown,2007,2000,11.1269347446118,11.1269347446118,Very High (>10%),5.0763520180987,1703.20780299405
NLD,Netherlands,Europe,High,2007,2000,1.61385859802102,1.61385859802102,Low (<2%),3.88542348324803,45445.542186196
NOR,Norway,Europe,High,2007,2000,0.712589073634201,0.712589073634201,Low (<2%),3.42030119916608,77205.7545984008
NPL,Nepal,Asia,Lower Middle,2007,2000,2.26921924439074,2.26921924439074,Moderate (2-5%),3.41156027980276,633.226129136597
NZL,New Zealand,Oceania,High,2007,2000,2.37614310290659,2.37614310290659,Moderate (2-5%),3.06312221869514,36400.0153308952
OED,OECD members,Other,Unknown,2007,2000,2.48470438812865,2.48470438812865,Moderate (2-5%),2.64883701327084,34431.7209417636
OMN,Oman,Middle East,High,2007,2000,5.8304841809271,5.8304841809271,High (5-10%),4.98065467051528,20642.7489563377
OSS,Other small states,Other,Unknown,2007,2000,5.05155736492143,5.05155736492143,High (5-10%),5.46356131088703,10374.8445722028
PAK,Pakistan,Asia,Lower Middle,2007,2000,7.59868441050774,7.59868441050774,High (5-10%),4.4448143398844,1265.35567539842
PAN,Panama,Other,Unknown,2007,2000,4.1686330029888,4.1686330029888,Moderate (2-5%),13.1530653782933,9507.64641073854
PER,Peru,South America,Upper Middle,2007,2000,1.77998644680372,1.77998644680372,Low (<2%),8.5183877690955,4407.79121686416
PHL,Philippines,Asia,Lower Middle,2007,2000,2.90000000000003,2.90000000000003,Moderate (2-5%),6.51929155018938,2209.34651083329
PLW,Palau,Other,Unknown,2007,2000,3.23875035826881,3.23875035826881,Moderate (2-5%),0.687060932625798,14346.8995831129
PNG,Papua New Guinea,Other,Unknown,2007,2000,0.91135045567524,0.91135045567524,Low (<2%),7.81518922862388,2000.9726186689
POL,Poland,Europe,Unknown,2007,2000,2.4587431238539,2.4587431238539,Moderate (2-5%),6.7604478527626,9760.7042604352
PRE,Pre-demographic dividend,Other,Unknown,2007,2000,5.99590755876365,5.99590755876365,High (5-10%),6.06805742634351,1297.39935876899
PRT,Portugal,Europe,High,2007,2000,2.45396528138746,2.45396528138746,Moderate (2-5%),2.50657937751231,19979.5706280792
PRY,Paraguay,South America,Upper Middle,2007,2000,8.13047417698577,8.13047417698577,High (5-10%),5.42162287218235,4540.38235899198
PSE,West Bank and Gaza,Other,Unknown,2007,2000,1.85974379351111,1.85974379351111,Low (<2%),3.78828152085981,2569.98434108953
PSS,Pacific island small states,Other,Unknown,2007,2000,4.36959514201881,4.36959514201881,Moderate (2-5%),0.133715934680481,3380.41609757067
PST,Post-demographic dividend,Other,Unknown,2007,2000,2.32761442623159,2.32761442623159,Moderate (2-5%),2.59763145430432,39009.2237757324
QAT,Qatar,Middle East,High,2007,2000,13.7581625759964,13.7581625759964,Very High (>10%),17.9852165615129,64614.0465071968
ROU,Romania,Other,Unknown,2007,2000,4.83732928313989,4.83732928313989,Moderate (2-5%),7.23380774362805,7483.97375820611
RUS,Russian Federation,Europe,Upper Middle,2007,2000,9.00729868861079,9.00729868861079,High (5-10%),8.49997776916511,8640.40625
RWA,Rwanda,Other,Low,2007,2000,9.08072205873158,9.08072205873158,High (5-10%),7.63329819042882,493.803359157317
SAS,South Asia,Other,Unknown,2007,2000,6.583827447617,6.583827447617,High (5-10%),7.53428172873167,1059.31634784168
SAU,Saudi Arabia,Asia,High,2007,2000,4.16782358431579,4.16782358431579,Moderate (2-5%),2.21365396372528,21196.7926036633
SDN,Sudan,Other,Unknown,2007,2000,14.7542770780084,14.7542770780084,Very High (>10%),5.73527423664484,1372.10961914063
SEN,Senegal,Other,Unknown,2007,2000,5.85330428467681,5.85330428467681,High (5-10%),2.82711920133374,1123.99862153285
SGP,Singapore,Asia,High,2007,2000,2.10980166714574,2.10980166714574,Moderate (2-5%),9.02151951268893,46178.8139470199
SLB,Solomon Islands,Other,Unknown,2007,2000,7.66602013484806,7.66602013484806,High (5-10%),3.63973499569106,1830.23321405807
SLE,Sierra Leone,Other,Unknown,2007,2000,11.6499744518106,11.6499744518106,Very High (>10%),3.74975804751641,872.68836234614
SLV,El Salvador,Other,Unknown,2007,2000,4.57808572377153,4.57808572377153,Moderate (2-5%),1.84760220587859,3359.1623024135
SMR,San Marino,Other,Unknown,2007,2000,2.49894575725803,2.49894575725803,Moderate (2-5%),7.10932260228034,62776.9178275821
SRB,Serbia,Other,Unknown,2007,2000,6.39170644391413,6.39170644391413,High (5-10%),7.83207023027602,5431.27887426624
SSA,Sub-Saharan Africa (excluding high income),Other,Unknown,2007,2000,7.02551436974771,7.02551436974771,High (5-10%),6.15715285313649,1455.69454438035
SSF,Sub-Saharan Africa,Other,Unknown,2007,2000,6.78669789038244,6.78669789038244,High (5-10%),6.15965789735048,1456.90044586522
SST,Small states,Other,Unknown,2007,2000,4.48088608614726,4.48088608614726,Moderate (2-5%),4.68401800569625,10342.0337309381
STP,Sao Tome and Principe,Other,Unknown,2007,2000,18.5485136325779,18.5485136325779,Very High (>10%),3.64147185166024,1170.51612474435
SUR,Suriname,Other,Unknown,2007,2000,6.42627934470524,6.42627934470524,High (5-10%),5.11148777773458,7897.25648915828
SVK,Slovak Republic,Other,Unknown,2007,2000,2.75672371638135,2.75672371638135,Moderate (2-5%),10.8186295074904,13770.9602691527
SVN,Slovenia,Other,Unknown,2007,2000,3.657495632841,3.657495632841,Moderate (2-5%),7.1392312914716,21485.780992381
SWE,Sweden,Europe,High,2007,2000,2.21216883436733,2.21216883436733,Moderate (2-5%),3.22486814096095,49262.152916545
SWZ,Eswatini,Other,Unknown,2007,2000,8.07608827861589,8.07608827861589,High (5-10%),4.31772144872362,2928.46845823015
SXM,Sint Maarten (Dutch part),Other,Unknown,2007,2000,4.43245754245754,4.43245754245754,Moderate (2-5%),,
SYC,Seychelles,Other,Unknown,2007,2000,5.32060027285142,5.32060027285142,High (5-10%),8.87606645570879,13112.8210098816
SYR,Syrian Arab Republic,Other,Unknown,2007,2000,3.90770950443607,3.90770950443607,Moderate (2-5%),5.6747382107833,1411.68909698729
TCD,Chad,Other,Unknown,2007,2000,-8.9747396200927,-8.9747396200927,Low (<2%),4.20017418353298,920.35281567764
TEA,East Asia & Pacific (IDA & IBRD countries),Other,Unknown,2007,2000,4.81023704342912,4.81023704342912,Moderate (2-5%),12.4514594274886,3849.69181744448
TEC,Europe & Central Asia (IDA & IBRD countries),Other,Unknown,2007,2000,8.40253419005893,8.40253419005893,High (5-10%),7.62876967431964,6778.5300441514
TGO,Togo,Other,Unknown,2007,2000,0.945673271705214,0.945673271705214,Low (<2%),-1.1751368996605,650.046681355874
THA,Thailand,Asia,Upper Middle,2007,2000,2.24154095286802,2.24154095286802,Moderate (2-5%),5.43515169050809,4760.66708464831
TJK,Tajikistan,Other,Unknown,2007,2000,13.1491247062982,13.1491247062982,Very High (>10%),7.80000011872161,686.48090192413
TLA,Latin America & the Caribbean (IDA & IBRD countries),Other,Unknown,2007,2000,5.54438485815156,5.54438485815156,High (5-10%),5.45666137062888,7589.78302426148
TLS,Timor-Leste,Other,Unknown,2007,2000,10.3009020174895,10.3009020174895,Very High (>10%),10.2653884542201,961.848462090269
TMN,"Middle East, North Africa, Afghanistan & Pakistan (IDA & IBRD)",Other,Unknown,2007,2000,4.96597654553301,4.96597654553301,Moderate (2-5%),5.83436106152658,2739.2081362149
TON,Tonga,Other,Unknown,2007,2000,5.8422487490138,5.8422487490138,High (5-10%),-2.46430779100223,3665.89549972281
TSA,South Asia (IDA & IBRD),Other,Unknown,2007,2000,6.583827447617,6.583827447617,High (5-10%),7.53428172873167,1059.31634784168
TSS,Sub-Saharan Africa (IDA & IBRD countries),Other,Unknown,2007,2000,6.78669789038244,6.78669789038244,High (5-10%),6.15965789735047,1456.90044586522
TTO,Trinidad and Tobago,Other,Unknown,2007,2000,7.89438834757299,7.89438834757299,High (5-10%),4.75420970092722,17758.6995224652
TUN,Tunisia,Africa,Upper Middle,2007,2000,2.96694432477349,2.96694432477349,Moderate (2-5%),6.70952097453554,3642.11977444786
TUR,Turkiye,Europe,Upper Middle,2007,2000,8.75618090972632,8.75618090972632,High (5-10%),5.10818513903604,8477.53328393352
TZA,Tanzania,Other,Low,2007,2000,7.02551436974771,7.02551436974771,High (5-10%),6.76853520293716,731.52001953125
UGA,Uganda,Other,Low,2007,2000,6.1385108328505,6.1385108328505,High (5-10%),8.41242596551071,684.542241787248
UKR,Ukraine,Other,Unknown,2007,2000,12.8387796190181,12.8387796190181,Very High (>10%),8.21584445165715,2498.35205078125
UMC,Upper middle income,Other,Unknown,2007,2000,5.28735184747553,5.28735184747553,High (5-10%),9.34587228012785,4861.07537783062
URY,Uruguay,South America,High,2007,2000,8.11464561179313,8.11464561179313,High (5-10%),6.54151084504817,12310.482735502
USA,United States,North America,High,2007,2000,2.85267248150138,2.85267248150138,Moderate (2-5%),2.0038583039496,54152.8292673551
VCT,St. Vincent and the Grenadines,Other,Unknown,2007,2000,7.23614701584807,7.23614701584807,High (5-10%),3.3229685982929,6960.17151500732
VNM,Viet Nam,Asia,Lower Middle,2007,2000,8.34444889773847,8.34444889773847,High (5-10%),7.12950448605439,1788.9485028957
VUT,Vanuatu,Other,Unknown,2007,2000,3.93548387096774,3.93548387096774,Moderate (2-5%),2.87589228775376,3141.20026364818
WLD,World,Other,Unknown,2007,2000,4.81023704342912,4.81023704342912,Moderate (2-5%),4.43123376835285,9191.47419679425
WSM,Samoa,Other,Unknown,2007,2000,5.57706393219629,5.57706393219629,High (5-10%),0.485982550017255,3818.25503804332
XKX,Kosovo,Other,Unknown,2007,2000,4.35849695328369,4.35849695328369,Moderate (2-5%),,
YEM,"Yemen, Rep.",Other,Unknown,2007,2000,7.9051177898873,7.9051177898873,High (5-10%),3.33842795605096,2235.75075901067
ZAF,South Africa,Africa,Upper Middle,2007,2000,6.17781214809388,6.17781214809388,High (5-10%),5.36047405394162,5891.42069421698
ZMB,Zambia,Other,Unknown,2007,2000,10.6573496000153,10.6573496000153,Very High (>10%),8.35243624447406,1013.08567432637
ABW,Aruba,Other,Unknown,2008,2000,8.95598705177784,8.95598705177784,High (5-10%),1.83575517191368,29870.6648077005
AFE,Africa Eastern and Southern,Other,Unknown,2008,2000,12.5666446595157,12.5666446595157,Very High (>10%),4.4393342303769,1440.52144510506
AFG,Afghanistan,Other,Unknown,2008,2000,26.4186641547444,26.4186641547444,Very High (>10%),3.92498381999467,417.647282647498
AFW,Africa Western and Central,Other,Unknown,2008,2000,8.45297623326755,8.45297623326755,High (5-10%),6.21065559988834,1564.2103448338
AGO,Angola,Africa,Lower Middle,2008,2000,12.4758291326398,12.4758291326398,Very High (>10%),10.7866360496581,3559.19522512538
ALB,Albania,Other,Unknown,2008,2000,3.32087090389275,3.32087090389275,Moderate (2-5%),6.90706230713707,3345.98161761476
ARB,Arab World,Other,Unknown,2008,2000,11.2706652380848,11.2706652380848,Very High (>10%),5.59733997180274,5915.86136125116
ARE,United Arab Emirates,Middle East,High,2008,2000,12.2504202448139,12.2504202448139,Very High (>10%),3.19181235452885,47922.6941430472
ARM,Armenia,Other,Unknown,2008,2000,8.94995335353387,8.94995335353387,High (5-10%),6.90000000042959,3141.33193500774
ATG,Antigua and Barbuda,Other,Unknown,2008,2000,5.33380639820233,5.33380639820233,High (5-10%),-0.0140065981851762,20464.786306605
AUS,Australia,Oceania,High,2008,2000,4.35029726664093,4.35029726664093,Moderate (2-5%),3.62398503565633,53497.275355342
AUT,Austria,Europe,High,2008,2000,3.2159503323988,3.2159503323988,Moderate (2-5%),1.45330562142114,44063.8642019916
AZE,Azerbaijan,Other,Unknown,2008,2000,20.8490871772712,20.8490871772712,Very High (>10%),10.591437462476,4778.12452736673
BDI,Burundi,Other,Unknown,2008,2000,24.4069510353914,24.4069510353914,Very High (>10%),4.90874190813545,256.012461554496
BEL,Belgium,Europe,High,2008,2000,4.48944420508404,4.48944420508404,Moderate (2-5%),0.446905130727231,40380.9075004042
BEN,Benin,Other,Unknown,2008,2000,7.94729876067854,7.94729876067854,High (5-10%),4.89657708429647,943.203380303862
BFA,Burkina Faso,Other,Unknown,2008,2000,10.6597978997424,10.6597978997424,Very High (>10%),5.79999174105387,533.471299938288
BGD,Bangladesh,Asia,Lower Middle,2008,2000,8.90194489465154,8.90194489465154,High (5-10%),6.01378975738535,866.45815762135
BGR,Bulgaria,Other,Unknown,2008,2000,12.3487195994021,12.3487195994021,Very High (>10%),6.12955885899744,6465.05231071194
BHR,Bahrain,Middle East,High,2008,2000,3.52600316363721,3.52600316363721,Moderate (2-5%),6.24501094995797,23127.2148040048
BHS,"Bahamas, The",Other,Unknown,2008,2000,4.4895599537506,4.4895599537506,Moderate (2-5%),-2.32364807041851,32331.8246135092
BIH,Bosnia and Herzegovina,Other,Unknown,2008,2000,7.42704310332953,7.42704310332953,High (5-10%),5.44184730165964,3929.03297717336
BLR,Belarus,Other,Unknown,2008,2000,14.8378764828254,14.8378764828254,Very High (>10%),10.1999994860937,5177.64534775676
BLZ,Belize,Other,Unknown,2008,2000,6.39443100250034,6.39443100250034,High (5-10%),-1.62747776449082,6187.95885023655
BOL,Bolivia,South America,Upper Middle,2008,2000,14.0068107702519,14.0068107702519,Very High (>10%),6.14849787777658,2383.25032547517
BRA,Brazil,South America,Upper Middle,2008,2000,5.67859390284168,5.67859390284168,High (5-10%),5.09419544658736,8330.76459841304
BRB,Barbados,Other,Unknown,2008,2000,8.1081081081078,8.1081081081078,High (5-10%),0.633460425791839,24605.4523230752
BRN,Brunei Darussalam,Other,Unknown,2008,2000,2.08498023715415,2.08498023715415,Moderate (2-5%),-3.90071101715114,34126.6941563969
BTN,Bhutan,Other,Unknown,2008,2000,8.32716049382713,8.32716049382713,High (5-10%),4.52944877696235,2017.76018913403
BWA,Botswana,Other,Unknown,2008,2000,12.7021883920076,12.7021883920076,Very High (>10%),3.25207295796832,6158.61629368051
CAF,Central African Republic,Other,Unknown,2008,2000,9.25895099417076,9.25895099417076,High (5-10%),2.05413096200485,450.313616886022
CAN,Canada,North America,High,2008,2000,2.37027067444299,2.37027067444299,Moderate (2-5%),0.995406371264522,42067.610977795
CEB,Central Europe and the Baltics,Other,Unknown,2008,2000,6.3586638015237,6.3586638015237,High (5-10%),3.96223002088354,11177.0146731334
CHE,Switzerland,Europe,High,2008,2000,2.42604117060157,2.42604117060157,Moderate (2-5%),2.53159615417233,83934.7657221246
CHL,Chile,South America,High,2008,2000,8.71626873039607,8.71626873039607,High (5-10%),3.78939280635238,11356.0922105983
CHN,China,Asia,Upper Middle,2008,2000,5.92525137041092,5.92525137041092,High (5-10%),9.66877608164454,4811.34486346262
CIV,Cote d'Ivoire,Africa,Lower Middle,2008,2000,6.30852769152578,6.30852769152578,High (5-10%),4.7826659787672,1454.62731800082
CMR,Cameroon,Africa,Lower Middle,2008,2000,5.33780627627498,5.33780627627498,High (5-10%),2.8476778892105,1295.02211276052
COD,"Congo, Dem. Rep.",Other,Unknown,2008,2000,17.3013845700157,17.3013845700157,Very High (>10%),7.43333574200602,393.640517898615
COG,"Congo, Rep.",Other,Unknown,2008,2000,4.95875092023152,4.95875092023152,Moderate (2-5%),6.30637595585259,2061.55829880574
COL,Colombia,South America,Upper Middle,2008,2000,6.99688495554511,6.99688495554511,High (5-10%),3.28344618616541,5048.57187245249
COM,Comoros,Other,Unknown,2008,2000,1.7007817628453,1.7007817628453,Low (<2%),3.96461118871815,1235.97280465287
CPV,Cabo Verde,Other,Unknown,2008,2000,6.77443546371143,6.77443546371143,High (5-10%),7.03901129565128,3238.44159287498
CRI,Costa Rica,Other,Unknown,2008,2000,13.4244635507284,13.4244635507284,Very High (>10%),4.73817511214847,10104.9092352005
CSS,Caribbean small states,Other,Unknown,2008,2000,7.21385213950187,7.21385213950187,High (5-10%),1.69605989900055,14177.6922464874
CUW,Curacao,Other,Unknown,2008,2000,6.8763239367776,6.8763239367776,High (5-10%),2.18804308019168,21202.4305115575
CYP,Cyprus,Other,Unknown,2008,2000,4.66900841902491,4.66900841902491,Moderate (2-5%),3.64698922103939,27449.212890625
CZE,Czechia,Other,Unknown,2008,2000,6.3586638015237,6.3586638015237,High (5-10%),2.61226807205139,17190.6470333289
DEU,Germany,Europe,High,2008,2000,2.62837981637219,2.62837981637219,Moderate (2-5%),0.887902330743628,39009.8477636357
DJI,Djibouti,Other,Unknown,2008,2000,11.9586206896552,11.9586206896552,Very High (>10%),,
DMA,Dominica,Other,Unknown,2008,2000,6.35992183336295,6.35992183336295,High (5-10%),7.12131217762231,8682.57378179773
DNK,Denmark,Europe,High,2008,2000,3.41626794258374,3.41626794258374,Moderate (2-5%),-0.417178439991005,53572.5346568185
DOM,Dominican Republic,Other,Unknown,2008,2000,10.6446210953712,10.6446210953712,Very High (>10%),3.26808671288212,5308.92664966814
DZA,Algeria,Africa,Upper Middle,2008,2000,4.85859062814939,4.85859062814939,Moderate (2-5%),2.49999999929371,4367.56538017541
EAP,East Asia & Pacific (excluding high income),Other,Unknown,2008,2000,10.2266663272483,10.2266663272483,Very High (>10%),8.64761844843865,4102.08415106923
EAR,Early-demographic dividend,Other,Unknown,2008,2000,10.4469875128223,10.4469875128223,Very High (>10%),3.49041426700092,2668.77158037966
EAS,East Asia & Pacific,Other,Unknown,2008,2000,8.34208634920956,8.34208634920956,High (5-10%),4.42839504983037,7239.90537339912
ECA,Europe & Central Asia (excluding high income),Other,Unknown,2008,2000,11.4275575758332,11.4275575758332,Very High (>10%),3.1201208361221,5057.30262489027
ECS,Europe & Central Asia,Other,Unknown,2008,2000,6.05974046339706,6.05974046339706,High (5-10%),1.02523144667981,22077.8466393493
ECU,Ecuador,South America,Upper Middle,2008,2000,8.40009593987462,8.40009593987462,High (5-10%),6.56492068224719,4939.90215021789
EGY,"Egypt, Arab Rep.",Africa,Lower Middle,2008,2000,18.3168316831684,18.3168316831684,Very High (>10%),7.15628356711522,3052.2129784594
EMU,Euro area,Other,Unknown,2008,2000,4.15279708110293,4.15279708110293,Moderate (2-5%),0.432969401075084,33692.5979697593
ESP,Spain,Europe,High,2008,2000,4.0753433595734,4.0753433595734,Moderate (2-5%),0.767165748290694,27112.526293889
EST,Estonia,Other,Unknown,2008,2000,10.3623580313683,10.3623580313683,Very High (>10%),-5.12531154308803,16688.997772178
ETH,Ethiopia,Africa,Low,2008,2000,44.3566858766952,44.3566858766952,Very High (>10%),10.7885216870332,364.642208155735
EUU,European Union,Other,Unknown,2008,2000,4.16497193524779,4.16497193524779,Moderate (2-5%),0.617970690465611,30144.6595203745
FIN,Finland,Europe,High,2008,2000,4.06595355358383,4.06595355358383,Moderate (2-5%),0.784431235717051,46359.8732844055
FJI,Fiji,Other,Unknown,2008,2000,7.73227857918422,7.73227857918422,High (5-10%),1.03279368777636,4240.77264898616
FRA,France,Europe,High,2008,2000,2.81286194914785,2.81286194914785,Moderate (2-5%),0.380171435849121,36257.3658930938
FSM,"Micronesia, Fed. Sts.",Other,Unknown,2008,2000,8.42372566246186,8.42372566246186,High (5-10%),-2.53164556962025,2779.82971113098
GAB,Gabon,Other,Unknown,2008,2000,5.26430145575285,5.26430145575285,High (5-10%),-3.30843064878751,6468.38523357609
GBR,United Kingdom,Europe,High,2008,2000,3.52140856342539,3.52140856342539,Moderate (2-5%),-0.0494116727402769,44508.2874631479
GEO,Georgia,Other,Unknown,2008,2000,9.99948761552747,9.99948761552747,High (5-10%),2.42161440960641,2970.15858282428
GHA,Ghana,Africa,Unknown,2008,2000,16.494639613412,16.494639613412,Very High (>10%),9.14979893831817,1282.63416886747
GIN,Guinea,Other,Unknown,2008,2000,23.065612938798,23.065612938798,Very High (>10%),4.13301615965833,684.775780377366
GMB,"Gambia, The",Other,Unknown,2008,2000,4.4436549094501,4.4436549094501,Moderate (2-5%),6.25590553394287,657.675679192228
GNB,Guinea-Bissau,Other,Unknown,2008,2000,10.4600731354706,10.4600731354706,Very High (>10%),4.52457514610252,608.958620496925
GNQ,Equatorial Guinea,Other,Unknown,2008,2000,6.55176691184535,6.55176691184535,High (5-10%),17.7991091333811,13048.0703050168
GRC,Greece,Europe,High,2008,2000,4.15279708110293,4.15279708110293,Moderate (2-5%),0.0574740238200775,23923.8800731311
GRD,Grenada,Other,Unknown,2008,2000,8.0332732765034,8.0332732765034,High (5-10%),0.947542624907697,8307.49221491819
GTM,Guatemala,Other,Unknown,2008,2000,11.355761126315,11.355761126315,Very High (>10%),3.29352400028485,3569.93031541246
GUY,Guyana,Other,Unknown,2008,2000,8.10202206969276,8.10202206969276,High (5-10%),1.75522349592019,4472.34517889699
HIC,High income,Other,Unknown,2008,2000,4.66900841902491,4.66900841902491,Moderate (2-5%),0.692267787743873,34817.0437554658
HKG,"Hong Kong SAR, China",Other,Unknown,2008,2000,4.30315484104921,4.30315484104921,Moderate (2-5%),2.12793685154209,36924.0529643897
HND,Honduras,Other,Unknown,2008,2000,11.4034270813932,11.4034270813932,Very High (>10%),4.23160011009342,2175.14709403064
HPC,Heavily indebted poor countries (HIPC),Other,Unknown,2008,2000,10.6597978997424,10.6597978997424,Very High (>10%),5.62193432550791,799.010898073682
HRV,Croatia,Other,Unknown,2008,2000,6.07696838798352,6.07696838798352,High (5-10%),1.97176786914632,12970.5143712302
HTI,Haiti,Other,Unknown,2008,2000,15.2817744823772,15.2817744823772,Very High (>10%),2.6580323082747,1356.53400140048
HUN,Hungary,Other,Unknown,2008,2000,6.0425125388106,6.0425125388106,High (5-10%),0.993437085479655,11929.7209867703
IBD,IBRD only,Other,Unknown,2008,2000,9.41346312169848,9.41346312169848,High (5-10%),5.93831598884324,4177.43900963448
IBT,IDA & IBRD total,Other,Unknown,2008,2000,10.2783937621135,10.2783937621135,Very High (>10%),5.86781200796165,3449.8203963698
IDA,IDA total,Other,Unknown,2008,2000,10.7156661309681,10.7156661309681,Very High (>10%),5.04846721772508,1147.24627389385
IDB,IDA blend,Other,Unknown,2008,2000,8.0332732765034,8.0332732765034,High (5-10%),4.20775016278579,1625.06360764076
IDN,Indonesia,Asia,Lower Middle,2008,2000,10.2266663272483,10.2266663272483,Very High (>10%),6.01370360009123,2464.60193418272
IDX,IDA only,Other,Unknown,2008,2000,11.4846669599236,11.4846669599236,Very High (>10%),5.92600680729333,888.11196361438
IND,India,Asia,Lower Middle,2008,2000,8.34926704907575,8.34926704907575,High (5-10%),3.08669805950082,1086.50605251005
IRL,Ireland,Europe,High,2008,2000,4.03568834941391,4.03568834941391,Moderate (2-5%),-4.48407081043062,49461.1594281353
IRN,"Iran, Islamic Rep.",Asia,Lower Middle,2008,2000,25.4105090311987,25.4105090311987,Very High (>10%),0.250856553493634,5035.94008533618
IRQ,Iraq,Middle East,Unknown,2008,2000,12.6628528269228,12.6628528269228,Very High (>10%),8.22810710383277,3781.78001712762
ISL,Iceland,Other,Unknown,2008,2000,12.6943942775877,12.6943942775877,Very High (>10%),1.69961072411662,55360.8136012406
ISR,Israel,Europe,High,2008,2000,4.52744765138651,4.52744765138651,Moderate (2-5%),3.2158134842205,32519.7624461575
ITA,Italy,Europe,High,2008,2000,3.34783258401022,3.34783258401022,Moderate (2-5%),-1.02313851177097,33550.6340800063
JAM,Jamaica,Other,Unknown,2008,2000,22.0228384991843,22.0228384991843,Very High (>10%),-0.811736702186792,5639.58974873397
JOR,Jordan,Other,Unknown,2008,2000,13.9712310012729,13.9712310012729,Very High (>10%),7.22038637280149,4902.38348073849
JPN,Japan,Asia,High,2008,2000,1.3800788616492,1.3800788616492,Low (<2%),-1.16662209355141,34008.5915147362
KAZ,Kazakhstan,Other,Unknown,2008,2000,17.139899777207,17.139899777207,Very High (>10%),3.30000000021091,8216.52181589585
KEN,Kenya,Africa,Low,2008,2000,26.2398166445063,26.2398166445063,Very High (>10%),0.232282744812977,1273.77226103073
KGZ,Kyrgyz Republic,Other,Unknown,2008,2000,24.5201024234102,24.5201024234102,Very High (>10%),8.40161604861429,966.409971184817
KHM,Cambodia,Other,Unknown,2008,2000,24.096851930605,24.096851930605,Very High (>10%),7.47636606631011,1090.57475806147
KIR,Kiribati,Other,Unknown,2008,2000,13.6653995252441,13.6653995252441,Very High (>10%),-2.98473121631831,1361.83599775608
KNA,St. Kitts and Nevis,Other,Unknown,2008,2000,5.30029675072584,5.30029675072584,High (5-10%),11.3170358267109,18325.7612670282
KOR,"Korea, Rep.",Asia,High,2008,2000,4.67389655533408,4.67389655533408,Moderate (2-5%),3.00440451679569,24934.5396367691
KWT,Kuwait,Middle East,High,2008,2000,10.5827097865144,10.5827097865144,Very High (>10%),2.47975694278544,39852.5129115699
LAC,Latin America & Caribbean (excluding high income),Other,Unknown,2008,2000,9.23316888222976,9.23316888222976,High (5-10%),3.77542199431176,7550.46364134656
LAO,Lao PDR,Other,Unknown,2008,2000,7.62880887577516,7.62880887577516,High (5-10%),7.82490276337012,1381.73754223953
LBR,Liberia,Other,Unknown,2008,2000,17.489448642993,17.489448642993,Very High (>10%),7.14569112811476,591.185378141907
LBY,Libya,Other,Unknown,2008,2000,10.3607288954998,10.3607288954998,Very High (>10%),-0.162048238799883,13403.0004645911
LCA,St. Lucia,Other,Unknown,2008,2000,5.54954769383937,5.54954769383937,High (5-10%),4.94932194028057,10583.4310172598
LCN,Latin America & Caribbean,Other,Unknown,2008,2000,8.1081081081078,8.1081081081078,High (5-10%),3.68881572228068,7945.57320353123
LDC,Least developed countries: UN classification,Other,Unknown,2008,2000,11.010388006835,11.010388006835,Very High (>10%),6.45508913329797,855.844899163499
LIC,Low income,Other,Unknown,2008,2000,12.0508555482886,12.0508555482886,Very High (>10%),5.53324926847878,741.11779688869
LKA,Sri Lanka,Asia,Lower Middle,2008,2000,22.5644955300126,22.5644955300126,Very High (>10%),5.95008814473897,2708.58593724377
LMC,Lower middle income,Other,Unknown,2008,2000,10.7614182326827,10.7614182326827,Very High (>10%),4.53663651840101,1366.54442487547
LMY,Low & middle income,Other,Unknown,2008,2000,10.3288523588126,10.3288523588126,Very High (>10%),5.94615134695435,3174.81724219519
LSO,Lesotho,Other,Unknown,2008,2000,10.7156661309681,10.7156661309681,Very High (>10%),5.52341966978646,971.881366821351
LTE,Late-demographic dividend,Other,Unknown,2008,2000,8.95598705177784,8.95598705177784,High (5-10%),6.95968815694457,5893.64125969097
LTU,Lithuania,Other,Unknown,2008,2000,10.9258856241655,10.9258856241655,Very High (>10%),2.59946154605602,12324.5197331387
LUX,Luxembourg,Other,Unknown,2008,2000,3.4018796302557,3.4018796302557,Moderate (2-5%),-0.302272983306707,110096.656683086
LVA,Latvia,Other,Unknown,2008,2000,15.4023191064986,15.4023191064986,Very High (>10%),-3.38871665849958,12506.6945041012
MAC,"Macao SAR, China",Other,Unknown,2008,2000,8.61101858637,8.61101858637,High (5-10%),3.39251560752048,58146.3285846714
MAR,Morocco,Africa,Lower Middle,2008,2000,3.71484311494064,3.71484311494064,Moderate (2-5%),5.68453936284732,2648.58569335938
MDA,Moldova,Other,Unknown,2008,2000,12.7830472618821,12.7830472618821,Very High (>10%),7.80000014541523,2249.22589719372
MDG,Madagascar,Other,Unknown,2008,2000,9.29650839381057,9.29650839381057,High (5-10%),6.71263253913001,490.963935389518
MDV,Maldives,Other,Unknown,2008,2000,12.0414583505108,12.0414583505108,Very High (>10%),8.97645459033633,9396.49733610486
MEA,"Middle East, North Africa, Afghanistan & Pakistan",Other,Unknown,2008,2000,12.1045204672346,12.1045204672346,Very High (>10%),4.39756577528698,4792.09091697074
MEX,Mexico,North America,Upper Middle,2008,2000,5.12498274575896,5.12498274575896,High (5-10%),0.943331872912935,9826.34218448486
MIC,Middle income,Other,Unknown,2008,2000,10.0662418245849,10.0662418245849,Very High (>10%),5.95397977775897,3410.31647387697
MKD,North Macedonia,Other,Unknown,2008,2000,8.33189666968108,8.33189666968108,High (5-10%),5.47200139015595,4392.5507164151
MLI,Mali,Other,Unknown,2008,2000,9.17098813667678,9.17098813667678,High (5-10%),3.63871070923719,787.156518982091
MLT,Malta,Other,Unknown,2008,2000,4.25862171897073,4.25862171897073,Moderate (2-5%),4.41059689827608,20064.4517895547
MMR,Myanmar,Other,Unknown,2008,2000,26.7995371934022,26.7995371934022,Very High (>10%),10.2553053929808,714.620419017338
MNA,"Middle East, North Africa, Afghanistan & Pakistan (excluding high income)",Other,Unknown,2008,2000,13.3170419140979,13.3170419140979,Very High (>10%),3.4701124152876,2772.41082301408
MNE,Montenegro,Other,Unknown,2008,2000,8.75872769588798,8.75872769588798,High (5-10%),6.89860030860218,6149.68269228913
MNG,Mongolia,Other,Unknown,2008,2000,27.9556650246306,27.9556650246306,Very High (>10%),8.90036794067551,2576.71295838607
MOZ,Mozambique,Other,Low,2008,2000,14.5028053002268,14.5028053002268,Very High (>10%),6.87802942560995,460.94729485679
MRT,Mauritania,Other,Unknown,2008,2000,7.34663541249786,7.34663541249786,High (5-10%),-0.331079195278377,1518.05671993749
MUS,Mauritius,Other,Unknown,2008,2000,9.73228317146887,9.73228317146887,High (5-10%),5.4630565042284,7545.15683789094
MWI,Malawi,Other,Low,2008,2000,8.71260186609043,8.71260186609043,High (5-10%),7.63973639944591,465.55147298007
MYS,Malaysia,Asia,Upper Middle,2008,2000,5.44078221100769,5.44078221100769,High (5-10%),4.83176988913097,7976.11785374773
NAC,North America,Other,Unknown,2008,2000,3.10468548554699,3.10468548554699,Moderate (2-5%),0.181624445600505,52571.5603822929
NAM,Namibia,Other,Unknown,2008,2000,9.0946430719281,9.0946430719281,High (5-10%),2.64981203780268,4036.38187484707
NER,Niger,Other,Unknown,2008,2000,11.3051098827019,11.3051098827019,Very High (>10%),7.73141422777337,429.195542798877
NGA,Nigeria,Africa,Low,2008,2000,11.583054796681,11.583054796681,Very High (>10%),6.76447277784263,2098.2833922073
NIC,Nicaragua,Other,Unknown,2008,2000,19.8262031287429,19.8262031287429,Very High (>10%),3.43571693608081,1736.65740610408
NLD,Netherlands,Europe,High,2008,2000,2.48650198289457,2.48650198289457,Moderate (2-5%),2.11674514240192,46227.1987545514
NOR,Norway,Europe,High,2008,2000,3.75393081761005,3.75393081761005,Moderate (2-5%),0.822805797014865,76876.8705028009
NPL,Nepal,Asia,Lower Middle,2008,2000,9.9078300530648,9.9078300530648,High (5-10%),6.10463914373472,666.865095417138
NZL,New Zealand,Oceania,High,2008,2000,3.9589493731206,3.9589493731206,Moderate (2-5%),-1.02561134479848,35722.2274262581
OED,OECD members,Other,Unknown,2008,2000,4.11407022033817,4.11407022033817,Moderate (2-5%),0.398567531316999,34298.2304550223
OMN,Oman,Middle East,High,2008,2000,12.3754091529912,12.3754091529912,Very High (>10%),8.95005895005896,22007.7338963517
OSS,Other small states,Other,Unknown,2008,2000,9.06423621948942,9.06423621948942,High (5-10%),0.903736392071593,10341.1289954056
PAK,Pakistan,Asia,Lower Middle,2008,2000,20.2861210929554,20.2861210929554,Very High (>10%),2.1204410433083,1258.05188934452
PAN,Panama,Other,Unknown,2008,2000,8.7586831772878,8.7586831772878,High (5-10%),10.1974325907958,10288.1549911493
PER,Peru,South America,Upper Middle,2008,2000,5.78587598206755,5.78587598206755,High (5-10%),9.1265683014642,4778.52642172313
PHL,Philippines,Asia,Lower Middle,2008,2000,8.26044703595725,8.26044703595725,High (5-10%),4.34448730509183,2264.9462907288
PLW,Palau,Other,Unknown,2008,2000,11.9655746807329,11.9655746807329,Very High (>10%),-5.55349767521281,13759.0034121669
PNG,Papua New Guinea,Other,Unknown,2008,2000,10.7614182326827,10.7614182326827,Very High (>10%),-0.296457845880582,1934.03201558753
POL,Poland,Europe,Unknown,2008,2000,4.16497193524779,4.16497193524779,Moderate (2-5%),4.38377069274605,10187.2017910883
PRE,Pre-demographic dividend,Other,Unknown,2008,2000,10.2876847921194,10.2876847921194,Very High (>10%),6.38744131574033,1341.14167924281
PRT,Portugal,Europe,High,2008,2000,2.58850657657956,2.58850657657956,Moderate (2-5%),0.319247344434558,20014.4749330004
PRY,Paraguay,South America,Upper Middle,2008,2000,10.1547846489023,10.1547846489023,Very High (>10%),6.4962921197091,4788.6631877791
PSE,West Bank and Gaza,Other,Unknown,2008,2000,9.88999788691849,9.88999788691849,High (5-10%),7.42918225547835,2685.98601828464
PSS,Pacific island small states,Other,Unknown,2008,2000,11.0064471756381,11.0064471756381,Very High (>10%),1.98958878437561,3413.03941195594
PST,Post-demographic dividend,Other,Unknown,2008,2000,4.15279708110293,4.15279708110293,Moderate (2-5%),0.367939451129118,38915.530644621
QAT,Qatar,Middle East,High,2008,2000,15.0501451570333,15.0501451570333,Very High (>10%),17.6630346842674,64393.5954479866
ROU,Romania,Other,Unknown,2008,2000,7.85080255714482,7.85080255714482,High (5-10%),9.30746717077338,8318.00342795388
RUS,Russian Federation,Europe,Upper Middle,2008,2000,14.1107677840442,14.1107677840442,Very High (>10%),5.19996926404957,9093.7001953125
RWA,Rwanda,Other,Low,2008,2000,15.4382138709255,15.4382138709255,Very High (>10%),11.161247324054,534.678298622161
SAS,South Asia,Other,Unknown,2008,2000,9.40488747385817,9.40488747385817,High (5-10%),3.48063577466947,1081.29827128245
SAU,Saudi Arabia,Asia,High,2008,2000,9.87024816760266,9.87024816760266,High (5-10%),6.2379875365458,21629.8405734551
SDN,Sudan,Other,Unknown,2008,2000,14.2971224481434,14.2971224481434,Very High (>10%),3.84674473121058,1381.62561035156
SEN,Senegal,Other,Unknown,2008,2000,7.34720236578406,7.34720236578406,High (5-10%),3.70316906391386,1138.66883930214
SGP,Singapore,Asia,High,2008,2000,6.63544058395309,6.63544058395309,High (5-10%),1.86348345462035,44601.5799302699
SLB,Solomon Islands,Other,Unknown,2008,2000,17.3200651968774,17.3200651968774,Very High (>10%),6.22590636247851,1911.18969015528
SLE,Sierra Leone,Other,Unknown,2008,2000,8.21112432289608,8.21112432289608,High (5-10%),3.68605969932123,882.54147817868
SLV,El Salvador,Other,Unknown,2008,2000,6.70792293515939,6.70792293515939,High (5-10%),2.15440298282768,3420.44927357443
SMR,San Marino,Other,Unknown,2008,2000,4.29320249287704,4.29320249287704,Moderate (2-5%),-0.500939261114581,61572.7157847481
SRB,Serbia,Other,Unknown,2008,2000,12.410986775178,12.410986775178,Very High (>10%),5.16089327231823,5735.94772695749
SSA,Sub-Saharan Africa (excluding high income),Other,Unknown,2008,2000,10.2969758221254,10.2969758221254,Very High (>10%),5.20765761067246,1489.69620309457
SSF,Sub-Saharan Africa,Other,Unknown,2008,2000,10.378524478798,10.378524478798,Very High (>10%),5.20016102666739,1490.82485147612
SST,Small states,Other,Unknown,2008,2000,8.42372566246186,8.42372566246186,High (5-10%),1.21187674349743,10357.4606783297
STP,Sao Tome and Principe,Other,Unknown,2008,2000,31.9901039492573,31.9901039492573,Very High (>10%),6.2287850696102,1214.14114724792
SUR,Suriname,Other,Unknown,2008,2000,14.6671427437912,14.6671427437912,Very High (>10%),4.14340681165626,8129.11464659446
SVK,Slovak Republic,Other,Unknown,2008,2000,4.59817976325028,4.59817976325028,Moderate (2-5%),5.36337721231949,14497.1114407172
SVN,Slovenia,Other,Unknown,2008,2000,5.64742380573939,5.64742380573939,High (5-10%),3.37223866114127,22175.2369557321
SWE,Sweden,Europe,High,2008,2000,3.43704910602875,3.43704910602875,Moderate (2-5%),-0.923113250067971,48428.6587081751
SWZ,Eswatini,Other,Unknown,2008,2000,12.6574601863915,12.6574601863915,Very High (>10%),1.44055358727118,2950.67334362132
SXM,Sint Maarten (Dutch part),Other,Unknown,2008,2000,-0.417929020080758,-0.417929020080758,Low (<2%),,
SYC,Seychelles,Other,Unknown,2008,2000,36.9647582875289,36.9647582875289,Very High (>10%),-2.72594626154864,12473.2921769121
SYR,Syrian Arab Republic,Other,Unknown,2008,2000,15.7453252219709,15.7453252219709,Very High (>10%),4.47662154277957,1423.59407304833
TCD,Chad,Other,Unknown,2008,2000,10.2969758221254,10.2969758221254,Very High (>10%),3.08119033854541,916.08727463451
TEA,East Asia & Pacific (IDA & IBRD countries),Other,Unknown,2008,2000,10.3368269200353,10.3368269200353,Very High (>10%),8.64714723897988,4149.89172169115
TEC,Europe & Central Asia (IDA & IBRD countries),Other,Unknown,2008,2000,10.4441283764885,10.4441283764885,Very High (>10%),4.49351299322045,7066.17131599245
TGO,Togo,Other,Unknown,2008,2000,8.69482814363902,8.69482814363902,High (5-10%),4.03561315398862,654.896723036341
THA,Thailand,Asia,Upper Middle,2008,2000,5.46848949649846,5.46848949649846,High (5-10%),1.72569884866334,4805.76393990836
TJK,Tajikistan,Other,Unknown,2008,2000,20.4705219109964,20.4705219109964,Very High (>10%),7.89999827154939,726.185491338269
TLA,Latin America & the Caribbean (IDA & IBRD countries),Other,Unknown,2008,2000,8.40009593987462,8.40009593987462,High (5-10%),3.85426414207737,7789.67796085559
TLS,Timor-Leste,Other,Unknown,2008,2000,9.06423621948942,9.06423621948942,High (5-10%),11.3948048266465,1042.86835443002
TMN,"Middle East, North Africa, Afghanistan & Pakistan (IDA & IBRD)",Other,Unknown,2008,2000,13.9712310012729,13.9712310012729,Very High (>10%),3.44592626794191,2772.98146343357
TON,Tonga,Other,Unknown,2008,2000,10.4469875128223,10.4469875128223,Very High (>10%),4.86284132376997,3833.60169058266
TSA,South Asia (IDA & IBRD),Other,Unknown,2008,2000,9.40488747385817,9.40488747385817,High (5-10%),3.48063577466947,1081.29827128245
TSS,Sub-Saharan Africa (IDA & IBRD countries),Other,Unknown,2008,2000,10.378524478798,10.378524478798,Very High (>10%),5.20016102666743,1490.82485147612
TTO,Trinidad and Tobago,Other,Unknown,2008,2000,12.0303445477177,12.0303445477177,Very High (>10%),3.39173707807387,18285.2735441992
TUN,Tunisia,Africa,Upper Middle,2008,2000,4.34502807623045,4.34502807623045,Moderate (2-5%),4.23778147502819,3760.11828478704
TUR,Turkiye,Europe,Upper Middle,2008,2000,10.4441283764885,10.4441283764885,Very High (>10%),0.920118221365883,8447.93976396947
TZA,Tanzania,Other,Low,2008,2000,10.2783937621135,10.2783937621135,Very High (>10%),5.68641685905224,752.540466308594
UGA,Uganda,Other,Low,2008,2000,12.0508555482886,12.0508555482886,Very High (>10%),8.70875190154499,722.565167003452
UKR,Ukraine,Other,Unknown,2008,2000,25.226461707384,25.226461707384,Very High (>10%),2.24349159628288,2567.69409179688
UMC,Upper middle income,Other,Unknown,2008,2000,9.82113386576177,9.82113386576177,High (5-10%),6.27582959663708,5121.53273162959
URY,Uruguay,South America,High,2008,2000,7.87707374730888,7.87707374730888,High (5-10%),7.17614466455107,13165.83628166
USA,United States,North America,High,2008,2000,3.839100296651,3.839100296651,Moderate (2-5%),0.113587247501258,53703.962897927
VCT,St. Vincent and the Grenadines,Other,Unknown,2008,2000,10.0662418245849,10.0662418245849,Very High (>10%),0.404640808638888,7019.9950843874
VNM,Viet Nam,Asia,Lower Middle,2008,2000,23.1154483474477,23.1154483474477,Very High (>10%),5.66177120891362,1856.00519883979
VUT,Vanuatu,Other,Unknown,2008,2000,4.84171322160149,4.84171322160149,Moderate (2-5%),5.60099182147225,3234.97623699324
WLD,World,Other,Unknown,2008,2000,8.94995335353387,8.94995335353387,High (5-10%),2.0916044806491,9265.52655477352
WSM,Samoa,Other,Unknown,2008,2000,11.565906838454,11.565906838454,Very High (>10%),3.55610467395,3925.8743329936
XKX,Kosovo,Other,Unknown,2008,2000,9.35041764658178,9.35041764658178,High (5-10%),,2543.5980687089
YEM,"Yemen, Rep.",Other,Unknown,2008,2000,18.9762574318076,18.9762574318076,Very High (>10%),3.64756947012633,2244.04491655237
ZAF,South Africa,Africa,Upper Middle,2008,2000,9.90998456005467,9.90998456005467,High (5-10%),3.1910438863288,6009.71963138635
ZMB,Zambia,Other,Unknown,2008,2000,12.4455793463192,12.4455793463192,Very High (>10%),7.77389581542363,1053.58612301068
ABW,Aruba,Other,Unknown,2009,2000,-2.13542872046937,-2.13542872046937,Low (<2%),-11.6777413693852,26204.0597361984
AFE,Africa Eastern and Southern,Other,Unknown,2009,2000,8.95421802392949,8.95421802392949,High (5-10%),0.91891690275223,1414.50548927128
AFG,Afghanistan,Other,Unknown,2009,2000,-6.81116108898996,-6.81116108898996,Low (<2%),21.3905283926492,488.830652491949
AFW,Africa Western and Central,Other,Unknown,2009,2000,3.28244037589321,3.28244037589321,Moderate (2-5%),6.14105587787854,1614.44023110383
AGO,Angola,Africa,Lower Middle,2009,2000,13.7302839288408,13.7302839288408,Very High (>10%),1.99558909788963,3494.80724466468
ALB,Albania,Other,Unknown,2009,2000,2.26692209450826,2.26692209450826,Moderate (2-5%),2.69075152362146,3459.24695646692
ARB,Arab World,Other,Unknown,2009,2000,2.92089711805367,2.92089711805367,Moderate (2-5%),0.680947994132524,5810.71141659136
ARE,United Arab Emirates,Middle East,High,2009,2000,1.5618131744907,1.5618131744907,Low (<2%),-5.2429219073683,42672.1946222627
ARM,Armenia,Other,Unknown,2009,2000,3.40676682683801,3.40676682683801,Moderate (2-5%),-14.1000000006998,2716.97436280471
ATG,Antigua and Barbuda,Other,Unknown,2009,2000,-0.550159995508914,-0.550159995508914,Low (<2%),-11.9628794703471,17746.700856041
AUS,Australia,Oceania,High,2009,2000,1.77112025681656,1.77112025681656,Low (<2%),1.95484826298522,53430.5274781651
AUT,Austria,Europe,High,2009,2000,0.506308827696504,0.506308827696504,Low (<2%),-3.58626472551299,42372.4758254763
AZE,Azerbaijan,Other,Unknown,2009,2000,1.45704835970321,1.45704835970321,Low (<2%),9.36950260277183,5118.43395494687
BDI,Burundi,Other,Unknown,2009,2000,10.5554355299529,10.5554355299529,Very High (>10%),3.7870758305051,252.582019875886
BEL,Belgium,Europe,High,2009,2000,-0.0531456741254177,-0.0531456741254177,Low (<2%),-1.90644105515335,39293.637546825
BEN,Benin,Other,Unknown,2009,2000,0.896072355749069,0.896072355749069,Low (<2%),2.31929213912838,936.565651071554
BFA,Burkina Faso,Other,Unknown,2009,2000,2.60817666368314,2.60817666368314,Moderate (2-5%),2.96195085866692,533.470084831931
BGD,Bangladesh,Asia,Lower Middle,2009,2000,5.42347236174679,5.42347236174679,High (5-10%),5.04512479919337,901.729626251937
BGR,Bulgaria,Other,Unknown,2009,2000,2.75320223914819,2.75320223914819,Moderate (2-5%),-3.34714308501542,6289.04666609216
BHR,Bahrain,Middle East,High,2009,2000,2.79551283550412,2.79551283550412,Moderate (2-5%),2.53988570158225,22206.9371985225
BHS,"Bahamas, The",Other,Unknown,2009,2000,2.06273473452682,2.06273473452682,Moderate (2-5%),-4.17542805647342,30581.3342198488
BIH,Bosnia and Herzegovina,Other,Unknown,2009,2000,-0.381464282453057,-0.381464282453057,Low (<2%),-3.0044555389081,3877.53540078456
BLR,Belarus,Other,Unknown,2009,2000,12.9456563410402,12.9456563410402,Very High (>10%),0.199995231733979,5200.77418555423
BLZ,Belize,Other,Unknown,2009,2000,-1.10431044864355,-1.10431044864355,Low (<2%),-0.446709636828217,5997.68447156383
BOL,Bolivia,South America,Upper Middle,2009,2000,3.34645420142014,3.34645420142014,Moderate (2-5%),3.35699958346049,2422.57579380245
BRA,Brazil,South America,Upper Middle,2009,2000,4.88803479876799,4.88803479876799,Moderate (2-5%),-0.125812002161169,8246.09706995094
BRB,Barbados,Other,Unknown,2009,2000,3.64386189258337,3.64386189258337,Moderate (2-5%),-5.01727544996282,23250.8017659349
BRN,Brunei Darussalam,Other,Unknown,2009,2000,1.03571774271613,1.03571774271613,Low (<2%),-1.90025367202547,32855.6021602466
BTN,Bhutan,Other,Unknown,2009,2000,4.36112219119805,4.36112219119805,Moderate (2-5%),7.66749238553135,2148.56480375034
BWA,Botswana,Other,Unknown,2009,2000,8.02729703109582,8.02729703109582,High (5-10%),-14.1442346163423,5179.4138607146
CAF,Central African Republic,Other,Unknown,2009,2000,3.52126227238643,3.52126227238643,Moderate (2-5%),8.58726042640994,492.215398914836
CAN,Canada,North America,High,2009,2000,0.299466803009299,0.299466803009299,Low (<2%),-2.91508627059555,40376.4559330928
CEB,Central Europe and the Baltics,Other,Unknown,2009,2000,2.75320223914819,2.75320223914819,Moderate (2-5%),-3.62223808148092,10792.858773343
CHE,Switzerland,Europe,High,2009,2000,-0.480481936423305,-0.480481936423305,Low (<2%),-1.93490944903913,81288.642957612
CHL,Chile,South America,High,2009,2000,0.353045178360937,0.353045178360937,Low (<2%),-1.11803723642878,11116.4093443103
CHN,China,Asia,Upper Middle,2009,2000,-0.728165250932898,-0.728165250932898,Low (<2%),9.40610014336416,5237.78809982377
CIV,Cote d'Ivoire,Africa,Lower Middle,2009,2000,1.01950457731138,1.01950457731138,Low (<2%),3.60332156667053,1473.9183699329
CMR,Cameroon,Africa,Lower Middle,2009,2000,3.04361847939999,3.04361847939999,Moderate (2-5%),2.57925177738754,1290.89961351149
COD,"Congo, Dem. Rep.",Other,Unknown,2009,2000,2.79999999999982,2.79999999999982,Moderate (2-5%),0.541570197421564,383.726254541217
COG,"Congo, Rep.",Other,Unknown,2009,2000,4.41500374795223,4.41500374795223,Moderate (2-5%),11.6372888615758,2211.31572382028
COL,Colombia,South America,Upper Middle,2009,2000,4.20251661216482,4.20251661216482,Moderate (2-5%),1.13964864548062,5046.97121757727
COM,Comoros,Other,Unknown,2009,2000,4.36234829325719,4.36234829325719,Moderate (2-5%),3.24074074074075,1250.90237145763
CPV,Cabo Verde,Other,Unknown,2009,2000,0.991103480568085,0.991103480568085,Low (<2%),-1.50358672385678,3159.58698693977
CRI,Costa Rica,Other,Unknown,2009,2000,7.84270167700654,7.84270167700654,High (5-10%),-0.87345608994562,9883.67568633785
CSS,Caribbean small states,Other,Unknown,2009,2000,0.213901348378942,0.213901348378942,Low (<2%),-3.39775809838443,13623.5304132425
CUW,Curacao,Other,Unknown,2009,2000,1.75331605427595,1.75331605427595,Low (<2%),-0.531308242338184,20952.8998451864
CYP,Cyprus,Other,Unknown,2009,2000,0.326276652249793,0.326276652249793,Low (<2%),-2.01508203683694,26183.673828125
CZE,Czechia,Other,Unknown,2009,2000,1.0193773532923,1.0193773532923,Low (<2%),-4.79832416684926,16272.8084766719
DEU,Germany,Europe,High,2009,2000,0.312739007368447,0.312739007368447,Low (<2%),-5.54455451920674,36940.4078672661
DJI,Djibouti,Other,Unknown,2009,2000,1.67549587285963,1.67549587285963,Low (<2%),,
DMA,Dominica,Other,Unknown,2009,2000,0.0062635710706685,0.0062635710706685,Low (<2%),-1.13575145648322,8582.71481435718
DNK,Denmark,Europe,High,2009,2000,1.30470991024336,1.30470991024336,Low (<2%),-4.97447905669058,50635.9118061988
DOM,Dominican Republic,Other,Unknown,2009,2000,1.44215131834353,1.44215131834353,Low (<2%),1.00345293018719,5294.64953374426
DZA,Algeria,Africa,Upper Middle,2009,2000,5.73706036145628,5.73706036145628,High (5-10%),1.19999999969519,4336.10054052949
EAP,East Asia & Pacific (excluding high income),Other,Unknown,2009,2000,4.21903052064628,4.21903052064628,Moderate (2-5%),8.01868331119975,4397.74180769777
EAR,Early-demographic dividend,Other,Unknown,2009,2000,4.37376765455939,4.37376765455939,Moderate (2-5%),0.655851893556942,2644.32908283068
EAS,East Asia & Pacific,Other,Unknown,2009,2000,1.62173168533652,1.62173168533652,Low (<2%),2.5280347869773,7370.0195612033
ECA,Europe & Central Asia (excluding high income),Other,Unknown,2009,2000,3.43674527945797,3.43674527945797,Moderate (2-5%),-3.44364453642794,4846.21223459428
ECS,Europe & Central Asia,Other,Unknown,2009,2000,1.53607650014278,1.53607650014278,Low (<2%),-4.40809425015892,21021.0362461548
ECU,Ecuador,South America,Upper Middle,2009,2000,5.15996829181047,5.15996829181047,High (5-10%),1.0910129698311,4909.33681705683
EGY,"Egypt, Arab Rep.",Africa,Lower Middle,2009,2000,11.7634954386443,11.7634954386443,Very High (>10%),4.67359980000663,3135.09661305712
EMU,Euro area,Other,Unknown,2009,2000,0.506308827696504,0.506308827696504,Low (<2%),-4.47805035961746,32081.0242521645
ESP,Spain,Europe,High,2009,2000,-0.287813083535241,-0.287813083535241,Low (<2%),-3.76813306940053,25860.8142592652
EST,Estonia,Other,Unknown,2009,2000,-0.0784083112809768,-0.0784083112809768,Low (<2%),-14.6302225427906,14274.8511086787
ETH,Ethiopia,Africa,Low,2009,2000,8.48364404530282,8.48364404530282,High (5-10%),8.8025531990487,385.632419711374
EUU,European Union,Other,Unknown,2009,2000,0.839262246793805,0.839262246793805,Low (<2%),-4.31208500171391,28771.7442854218
FIN,Finland,Europe,High,2009,2000,-9.17360424903996e-07,-9.17360424903996e-07,Low (<2%),-8.07603116552393,42412.5133513534
FJI,Fiji,Other,Unknown,2009,2000,3.13103559015967,3.13103559015967,Moderate (2-5%),-1.38603752085589,4164.29314815569
FRA,France,Europe,High,2009,2000,0.0876204781574653,0.0876204781574653,Low (<2%),-2.82455153714783,35052.8510772683
FSM,"Micronesia, Fed. Sts.",Other,Unknown,2009,2000,6.39360257735201,6.39360257735201,High (5-10%),1.29870129870129,2841.46745946079
GAB,Gabon,Other,Unknown,2009,2000,1.88570754577918,1.88570754577918,Low (<2%),0.130331119816617,6264.83611480154
GBR,United Kingdom,Europe,High,2009,2000,1.96173173560109,1.96173173560109,Low (<2%),-4.58740819226323,42146.5095879962
GEO,Georgia,Other,Unknown,2009,2000,1.7275146113791,1.7275146113791,Low (<2%),-3.65075229596822,2887.25607935922
GHA,Ghana,Africa,Unknown,2009,2000,19.2469482220857,19.2469482220857,Very High (>10%),4.84448705175076,1311.63053760125
GIN,Guinea,Other,Unknown,2009,2000,4.68438868976504,4.68438868976504,Moderate (2-5%),-1.12264204848687,660.756701330284
GMB,"Gambia, The",Other,Unknown,2009,2000,4.56150687670983,4.56150687670983,Moderate (2-5%),6.6657243078367,681.433469086571
GNB,Guinea-Bissau,Other,Unknown,2009,2000,-1.65139733620775,-1.65139733620775,Low (<2%),2.44795106098685,608.202131879882
GNQ,Equatorial Guinea,Other,Unknown,2009,2000,4.69106567747375,4.69106567747375,Moderate (2-5%),1.34335628806095,12627.862381545
GRC,Greece,Europe,High,2009,2000,1.21007269197809,1.21007269197809,Low (<2%),-4.11927606715011,22878.1346644397
GRD,Grenada,Other,Unknown,2009,2000,-0.308654779585642,-0.308654779585642,Low (<2%),-6.61328134799545,7733.12990600058
GTM,Guatemala,Other,Unknown,2009,2000,1.85910254733028,1.85910254733028,Low (<2%),0.476898106596394,3516.19395579721
GUY,Guyana,Other,Unknown,2009,2000,2.95230096381001,2.95230096381001,Moderate (2-5%),3.61150847218585,4649.34144792756
HIC,High income,Other,Unknown,2009,2000,1.61510464058236,1.61510464058236,Low (<2%),-3.36258268929106,33440.6880027413
HKG,"Hong Kong SAR, China",Other,Unknown,2009,2000,0.579441418472608,0.579441418472608,Low (<2%),-2.45909150468412,35938.578391742
HND,Honduras,Other,Unknown,2009,2000,5.49634273772203,5.49634273772203,High (5-10%),-2.43162787988011,2076.30859895638
HPC,Heavily indebted poor countries (HIPC),Other,Unknown,2009,2000,4.36234829325719,4.36234829325719,Moderate (2-5%),3.47294778967044,803.669382584904
HRV,Croatia,Other,Unknown,2009,2000,2.37852845904671,2.37852845904671,Moderate (2-5%),-6.81168973851901,12099.7045228367
HTI,Haiti,Other,Unknown,2009,2000,0.393886040173341,0.393886040173341,Low (<2%),5.89037894844316,1412.89653523429
HUN,Hungary,Other,Unknown,2009,2000,4.21171171171171,4.21171171171171,Moderate (2-5%),-6.7401660845502,11142.885928524
IBD,IBRD only,Other,Unknown,2009,2000,3.73014786563159,3.73014786563159,Moderate (2-5%),2.78964048472359,4249.82071937767
IBT,IDA & IBRD total,Other,Unknown,2009,2000,3.9989545184994,3.9989545184994,Moderate (2-5%),2.96850587643233,3504.47378188872
IDA,IDA total,Other,Unknown,2009,2000,4.32909396037581,4.32909396037581,Moderate (2-5%),5.03177027953473,1176.8794999748
IDB,IDA blend,Other,Unknown,2009,2000,1.01950457731138,1.01950457731138,Low (<2%),5.89629202688857,1677.01134797999
IDN,Indonesia,Asia,Lower Middle,2009,2000,4.38641311792074,4.38641311792074,Moderate (2-5%),4.62887118256153,2546.21969707767
IDX,IDA only,Other,Unknown,2009,2000,4.53017659132801,4.53017659132801,Moderate (2-5%),4.17188333765178,904.690055498465
IND,India,Asia,Lower Middle,2009,2000,10.8823529411764,10.8823529411764,Very High (>10%),7.8618888330338,1155.10163273817
IRL,Ireland,Europe,High,2009,2000,-4.44754686876746,-4.44754686876746,Low (<2%),-5.09578277913846,46466.3794269222
IRN,"Iran, Islamic Rep.",Asia,Lower Middle,2009,2000,13.5515548281506,13.5515548281506,Very High (>10%),1.00738545790475,5023.89314362941
IRQ,Iraq,Middle East,Unknown,2009,2000,6.87361547212555,6.87361547212555,High (5-10%),3.37929909442771,3768.17284328983
ISL,Iceland,Other,Unknown,2009,2000,12.0031298461743,12.0031298461743,Very High (>10%),-8.32146414938261,50581.0846167336
ISR,Israel,Europe,High,2009,2000,3.3676231727125,3.3676231727125,Moderate (2-5%),1.22017480850096,32139.1146490917
ITA,Italy,Europe,High,2009,2000,0.774768131387381,0.774768131387381,Low (<2%),-5.30515401233991,31587.0638416305
JAM,Jamaica,Other,Unknown,2009,2000,9.59224598930482,9.59224598930482,High (5-10%),-4.34530185828071,5372.14234169511
JOR,Jordan,Other,Unknown,2009,2000,-0.739069743144777,-0.739069743144777,Low (<2%),5.11667226950634,5043.62638729303
JPN,Japan,Asia,High,2009,2000,-1.35283672951719,-1.35283672951719,Low (<2%),-5.9359411383964,31993.8588053706
KAZ,Kazakhstan,Other,Unknown,2009,2000,7.31607858288578,7.31607858288578,High (5-10%),1.19999999942873,8218.39912556048
KEN,Kenya,Africa,Low,2009,2000,9.23412592394652,9.23412592394652,High (5-10%),3.30693981631089,1276.73503486074
KGZ,Kyrgyz Republic,Other,Unknown,2009,2000,6.83656248105368,6.83656248105368,High (5-10%),2.88629457537731,981.220904665529
KHM,Cambodia,Other,Unknown,2009,2000,-1.24171754189637,-1.24171754189637,Low (<2%),4.07477850599065,1117.25834194514
KIR,Kiribati,Other,Unknown,2009,2000,9.81643884508657,9.81643884508657,High (5-10%),0.536801194648319,1340.27605600221
KNA,St. Kitts and Nevis,Other,Unknown,2009,2000,2.05793709041836,2.05793709041836,Moderate (2-5%),-3.40474015376245,17671.2547069735
KOR,"Korea, Rep.",Asia,High,2009,2000,2.7564965449393,2.7564965449393,Moderate (2-5%),0.81986175641795,25009.9148311999
KWT,Kuwait,Middle East,High,2009,2000,4.60959548447787,4.60959548447787,Moderate (2-5%),-7.07605643073411,35124.0853941026
LAC,Latin America & Caribbean (excluding high income),Other,Unknown,2009,2000,2.59194673430567,2.59194673430567,Moderate (2-5%),-2.44468420542675,7282.42112731485
LAO,Lao PDR,Other,Unknown,2009,2000,0.141187674980385,0.141187674980385,Low (<2%),7.50177491225853,1463.3379666846
LBN,Lebanon,Other,Unknown,2009,2000,1.19509671165543,1.19509671165543,Low (<2%),10.232155577776,8375.48851252821
LBR,Liberia,Other,Unknown,2009,2000,7.42764305914919,7.42764305914919,High (5-10%),5.30054050291531,603.256211077605
LBY,Libya,Other,Unknown,2009,2000,2.45990025609954,2.45990025609954,Moderate (2-5%),-4.4001817631021,12549.0854345521
LCA,St. Lucia,Other,Unknown,2009,2000,-0.156936087168669,-0.156936087168669,Low (<2%),-2.82889954830628,10219.8024011561
LCN,Latin America & Caribbean,Other,Unknown,2009,2000,2.50049988756384,2.50049988756384,Moderate (2-5%),-2.30254101109895,7676.11101980124
LDC,Least developed countries: UN classification,Other,Unknown,2009,2000,4.56150687670983,4.56150687670983,Moderate (2-5%),4.22570820722019,871.259636862048
LIC,Low income,Other,Unknown,2009,2000,5.20701729805784,5.20701729805784,High (5-10%),3.76097175081441,747.424359964627
LKA,Sri Lanka,Asia,Lower Middle,2009,2000,3.46496322106074,3.46496322106074,Moderate (2-5%),3.53891205317842,2787.27350463737
LMC,Lower middle income,Other,Unknown,2009,2000,4.41500374795223,4.41500374795223,Moderate (2-5%),5.97682455176533,1423.32868147908
LMY,Low & middle income,Other,Unknown,2009,2000,4.21903052064628,4.21903052064628,Moderate (2-5%),3.97294750720383,3254.91684838707
LSO,Lesotho,Other,Unknown,2009,2000,-16.8596910540644,-16.8596910540644,Low (<2%),-1.25375779920832,952.747929746529
LTE,Late-demographic dividend,Other,Unknown,2009,2000,3.04166827698484,3.04166827698484,Moderate (2-5%),3.74599698849585,6076.71969051382
LTU,Lithuania,Other,Unknown,2009,2000,4.45304456518535,4.45304456518535,Moderate (2-5%),-14.8386117894848,10612.9204044582
LUX,Luxembourg,Other,Unknown,2009,2000,0.368041997888867,0.368041997888867,Low (<2%),-3.23895268839308,104576.122195434
LVA,Latvia,Other,Unknown,2009,2000,3.53410672858934,3.53410672858934,Moderate (2-5%),-16.0400195313042,10675.425174228
MAC,"Macao SAR, China",Other,Unknown,2009,2000,1.16906695453767,1.16906695453767,Low (<2%),1.29837946885112,59528.8350159491
MAR,Morocco,Africa,Lower Middle,2009,2000,0.971862998667636,0.971862998667636,Low (<2%),3.74576940136258,2710.66650390625
MDA,Moldova,Other,Unknown,2009,2000,-0.0627185967109007,-0.0627185967109007,Low (<2%),-6.00000026352828,2116.94357544097
MDG,Madagascar,Other,Unknown,2009,2000,8.95421802392949,8.95421802392949,High (5-10%),-3.9787086116544,457.789754866068
MDV,Maldives,Other,Unknown,2009,2000,4.53017659132801,4.53017659132801,Moderate (2-5%),-8.34069861571051,8313.4098369723
MEA,"Middle East, North Africa, Afghanistan & Pakistan",Other,Unknown,2009,2000,2.92089711805367,2.92089711805367,Moderate (2-5%),1.13904790591972,4733.21861400545
MEX,Mexico,North America,Upper Middle,2009,2000,5.29735584228856,5.29735584228856,High (5-10%),-6.29525056697287,9074.11881448129
MIC,Middle income,Other,Unknown,2009,2000,3.71360592035809,3.71360592035809,Moderate (2-5%),3.97719888013457,3501.39817047288
MKD,North Macedonia,Other,Unknown,2009,2000,-0.739633963061192,-0.739633963061192,Low (<2%),-0.358614856979671,4405.20045750867
MLI,Mali,Other,Unknown,2009,2000,2.46375188572299,2.46375188572299,Moderate (2-5%),5.45473562683669,803.486738930068
MLT,Malta,Other,Unknown,2009,2000,2.08432746082343,2.08432746082343,Moderate (2-5%),-1.39524956144803,19635.9067186725
MMR,Myanmar,Other,Unknown,2009,2000,1.47234311385647,1.47234311385647,Low (<2%),10.5500090961932,785.634853157894
MNA,"Middle East, North Africa, Afghanistan & Pakistan (excluding high income)",Other,Unknown,2009,2000,2.92089711805367,2.92089711805367,Moderate (2-5%),2.83699736814459,2788.71696885337
MNE,Montenegro,Other,Unknown,2009,2000,3.46672373207793,3.46672373207793,Moderate (2-5%),-5.99444862538753,5768.65438505628
MNG,Mongolia,Other,Unknown,2009,2000,7.6195059351941,7.6195059351941,High (5-10%),-1.26859893608282,2498.72967493254
MOZ,Mozambique,Other,Low,2009,2000,3.78861330914625,3.78861330914625,Moderate (2-5%),5.92897187460815,475.788178051193
MRT,Mauritania,Other,Unknown,2009,2000,2.22092032381779,2.22092032381779,Moderate (2-5%),0.0978758719728035,1472.73229282851
MUS,Mauritius,Other,Unknown,2009,2000,2.51609128145113,2.51609128145113,Moderate (2-5%),3.36352090607312,7778.25811331163
MWI,Malawi,Other,Low,2009,2000,8.42204427696655,8.42204427696655,High (5-10%),8.3281098524038,489.631418790158
MYS,Malaysia,Asia,Upper Middle,2009,2000,0.583308405623702,0.583308405623702,Low (<2%),-1.51352871598714,7700.46111294033
NAC,North America,Other,Unknown,2009,2000,-0.0280397316452242,-0.0280397316452242,Low (<2%),-2.60460767381707,50741.9965051822
NAM,Namibia,Other,Unknown,2009,2000,9.45172651521705,9.45172651521705,High (5-10%),0.295970914001089,3989.20711387651
NER,Niger,Other,Unknown,2009,2000,0.582906590801122,0.582906590801122,Low (<2%),1.96260090694645,421.650901333136
NGA,Nigeria,Africa,Low,2009,2000,12.5379242951095,12.5379242951095,Very High (>10%),8.03692510100366,2204.60725603823
NIC,Nicaragua,Other,Unknown,2009,2000,3.68700160498797,3.68700160498797,Moderate (2-5%),-3.2926651586197,1655.72028962416
NLD,Netherlands,Europe,High,2009,2000,1.18977687021548,1.18977687021548,Low (<2%),-3.66528147002826,44304.4041948677
NOR,Norway,Europe,High,2009,2000,2.19738586853568,2.19738586853568,Moderate (2-5%),-1.61327151945869,74688.7531445371
NPL,Nepal,Asia,Lower Middle,2009,2000,11.0948237386987,11.0948237386987,Very High (>10%),4.5330787246486,692.400000816919
NZL,New Zealand,Oceania,High,2009,2000,2.1156511055456,2.1156511055456,Moderate (2-5%),-0.040259885205117,35352.6428453692
OED,OECD members,Other,Unknown,2009,2000,1.10457711175389,1.10457711175389,Low (<2%),-3.39762752928189,32893.8945245987
OMN,Oman,Middle East,High,2009,2000,3.46881023754893,3.46881023754893,Moderate (2-5%),5.98196694904402,22819.1977324647
OSS,Other small states,Other,Unknown,2009,2000,2.51609128145113,2.51609128145113,Moderate (2-5%),-5.12838675722196,9697.48344356645
PAK,Pakistan,Asia,Lower Middle,2009,2000,13.6477650639761,13.6477650639761,Very High (>10%),3.47255059567348,1269.07432116444
PAN,Panama,Other,Unknown,2009,2000,2.40905304082201,2.40905304082201,Moderate (2-5%),1.61186405976055,10267.0633151993
PER,Peru,South America,Upper Middle,2009,2000,2.936231535967,2.936231535967,Moderate (2-5%),1.0958236592427,4801.17153740507
PHL,Philippines,Asia,Lower Middle,2009,2000,4.21903052064628,4.21903052064628,Moderate (2-5%),1.44832306275669,2256.72554835463
PLW,Palau,Other,Unknown,2009,2000,1.43813538308953,1.43813538308953,Low (<2%),-6.19509416666021,13113.5786666921
PNG,Papua New Guinea,Other,Unknown,2009,2000,6.91832532601224,6.91832532601224,High (5-10%),6.80042148322096,2003.24109727039
POL,Poland,Europe,Unknown,2009,2000,3.79539242483399,3.79539242483399,Moderate (2-5%),2.61512859291683,10446.5289138524
PRE,Pre-demographic dividend,Other,Unknown,2009,2000,4.56150687670983,4.56150687670983,Moderate (2-5%),4.84336953611044,1364.66024275943
PRT,Portugal,Europe,High,2009,2000,-0.835530021504157,-0.835530021504157,Low (<2%),-3.12207827545093,19371.1318876855
PRY,Paraguay,South America,Upper Middle,2009,2000,2.59194673430567,2.59194673430567,Moderate (2-5%),-0.261137328080281,4727.59685811395
PSE,West Bank and Gaza,Other,Unknown,2009,2000,2.75393485083151,2.75393485083151,Moderate (2-5%),8.59349087893864,2840.01594969395
PSS,Pacific island small states,Other,Unknown,2009,2000,5.31100954595293,5.31100954595293,High (5-10%),-0.499626121005079,3363.38936959225
PST,Post-demographic dividend,Other,Unknown,2009,2000,0.839262246793805,0.839262246793805,Low (<2%),-3.3891508211187,37403.0656560604
QAT,Qatar,Middle East,High,2009,2000,-4.86327801622565,-4.86327801622565,Low (<2%),11.9575512911227,63939.8050831437
ROU,Romania,Other,Unknown,2009,2000,5.58742004264393,5.58742004264393,High (5-10%),-5.51670615843011,7924.87058070212
RUS,Russian Federation,Europe,Upper Middle,2009,2000,11.6473295764118,11.6473295764118,Very High (>10%),-7.79999391271275,8381.8681640625
RWA,Rwanda,Other,Low,2009,2000,12.9443978401712,12.9443978401712,Very High (>10%),6.24825750704265,553.621518556047
SAS,South Asia,Other,Unknown,2009,2000,4.9768244765374,4.9768244765374,Moderate (2-5%),7.38981184140867,1145.46231054376
SAU,Saudi Arabia,Asia,High,2009,2000,5.0572227614833,5.0572227614833,High (5-10%),-1.06671711240203,20577.5453445336
SDN,Sudan,Other,Unknown,2009,2000,11.256758706301,11.256758706301,Very High (>10%),-2.76770436599138,1301.34729003906
SEN,Senegal,Other,Unknown,2009,2000,-2.2480214785534,-2.2480214785534,Low (<2%),2.75210448455053,1142.65317233964
SGP,Singapore,Asia,High,2009,2000,0.589142019610516,0.589142019610516,Low (<2%),0.127953382778088,43331.8746638962
SLB,Solomon Islands,Other,Unknown,2009,2000,7.09271716876286,7.09271716876286,High (5-10%),2.86486309630651,1930.46287614922
SLE,Sierra Leone,Other,Unknown,2009,2000,7.46901898540982,7.46901898540982,High (5-10%),1.53080323958716,872.23959352481
SLV,El Salvador,Other,Unknown,2009,2000,1.05595029731201,1.05595029731201,Low (<2%),-2.10876837627522,3337.81150878211
SMR,San Marino,Other,Unknown,2009,2000,2.19959237046011,2.19959237046011,Moderate (2-5%),-10.3209565764632,52873.2443236949
SRB,Serbia,Other,Unknown,2009,2000,8.11695092238082,8.11695092238082,High (5-10%),-3.14261075416574,5578.0119741931
SSA,Sub-Saharan Africa (excluding high income),Other,Unknown,2009,2000,4.84866964640711,4.84866964640711,Moderate (2-5%),3.15210965605388,1494.78152945706
SSD,South Sudan,Other,Unknown,2009,2000,5.00627361534047,5.00627361534047,High (5-10%),5.04164187983342,2293.80166888543
SSF,Sub-Saharan Africa,Other,Unknown,2009,2000,5.00627361534047,5.00627361534047,High (5-10%),3.14726802642645,1495.84741754789
SST,Small states,Other,Unknown,2009,2000,2.19959237046011,2.19959237046011,Moderate (2-5%),-4.35396889421725,9809.37789211833
STP,Sao Tome and Principe,Other,Unknown,2009,2000,16.9574758025945,16.9574758025945,Very High (>10%),3.30239966645061,1225.60541902997
SUR,Suriname,Other,Unknown,2009,2000,-0.133636646714877,-0.133636646714877,Low (<2%),3.01369898266211,8276.69079768793
SVK,Slovak Republic,Other,Unknown,2009,2000,1.61510464058236,1.61510464058236,Low (<2%),-5.50533790972226,13680.7537106597
SVN,Slovenia,Other,Unknown,2009,2000,0.839262246793805,0.839262246793805,Low (<2%),-7.59058614046387,20307.6188322273
SWE,Sweden,Europe,High,2009,2000,-0.494460544378051,-0.494460544378051,Low (<2%),-4.25561384207619,45974.3911151254
SWZ,Eswatini,Other,Unknown,2009,2000,7.44823423445754,7.44823423445754,High (5-10%),1.43311134247756,2973.83456912379
SXM,Sint Maarten (Dutch part),Other,Unknown,2009,2000,5.95763688760801,5.95763688760801,High (5-10%),,37548.9474627441
SYC,Seychelles,Other,Unknown,2009,2000,31.7544407744178,31.7544407744178,Very High (>10%),-2.47937594726137,12116.3783687977
SYR,Syrian Arab Republic,Other,Unknown,2009,2000,2.92089711805367,2.92089711805367,Moderate (2-5%),5.91229460524147,1484.40718049155
TCD,Chad,Other,Unknown,2009,2000,9.95242290748864,9.95242290748864,High (5-10%),-1.40828262637592,871.485311278207
TEA,East Asia & Pacific (IDA & IBRD countries),Other,Unknown,2009,2000,3.67503305540297,3.67503305540297,Moderate (2-5%),8.01813058739246,4448.80407260716
TEC,Europe & Central Asia (IDA & IBRD countries),Other,Unknown,2009,2000,3.46672373207793,3.46672373207793,Moderate (2-5%),-4.67925961129608,6711.53031024933
TGO,Togo,Other,Unknown,2009,2000,3.71360592035809,3.71360592035809,Moderate (2-5%),5.45381096920332,668.669623161752
THA,Thailand,Asia,Upper Middle,2009,2000,-0.845716092316721,-0.845716092316721,Low (<2%),-0.690618232300579,4737.45679763314
TJK,Tajikistan,Other,Unknown,2009,2000,6.44823481066697,6.44823481066697,High (5-10%),3.90000114826496,739.212878526331
TLA,Latin America & the Caribbean (IDA & IBRD countries),Other,Unknown,2009,2000,2.76408913513633,2.76408913513633,Moderate (2-5%),-2.34912629613164,7519.4352696386
TLS,Timor-Leste,Other,Unknown,2009,2000,0.669681185965433,0.669681185965433,Low (<2%),10.1469544183475,1120.09698448398
TMN,"Middle East, North Africa, Afghanistan & Pakistan (IDA & IBRD)",Other,Unknown,2009,2000,3.29290021224143,3.29290021224143,Moderate (2-5%),2.80047655589699,2788.38392625619
TON,Tonga,Other,Unknown,2009,2000,1.42685972070539,1.42685972070539,Low (<2%),-5.12917819150532,3630.76096995072
TSA,South Asia (IDA & IBRD),Other,Unknown,2009,2000,4.9768244765374,4.9768244765374,Moderate (2-5%),7.38981184140867,1145.46231054376
TSS,Sub-Saharan Africa (IDA & IBRD countries),Other,Unknown,2009,2000,5.00627361534047,5.00627361534047,High (5-10%),3.14726802642649,1495.84741754789
TTO,Trinidad and Tobago,Other,Unknown,2009,2000,6.97808725251547,6.97808725251547,High (5-10%),-4.3917292474614,17461.9640940055
TUN,Tunisia,Africa,Upper Middle,2009,2000,3.66490330642919,3.66490330642919,Moderate (2-5%),3.04345012371552,3835.25011939301
TUR,Turkiye,Europe,Upper Middle,2009,2000,6.25097663090626,6.25097663090626,High (5-10%),-4.88269401706633,7925.30110421185
TZA,Tanzania,Other,Low,2009,2000,12.1422278742988,12.1422278742988,Very High (>10%),5.26910524873463,772.929565429688
UGA,Uganda,Other,Low,2009,2000,13.0172561889185,13.0172561889185,Very High (>10%),6.80151734860395,749.342865535423
UKR,Ukraine,Other,Unknown,2009,2000,15.8811924594476,15.8811924594476,Very High (>10%),-15.1364679101502,2188.17016601563
UMC,Upper middle income,Other,Unknown,2009,2000,3.03363356306333,3.03363356306333,Moderate (2-5%),3.53070135416004,5256.4399473687
URY,Uruguay,South America,High,2009,2000,7.06221874388574,7.06221874388574,High (5-10%),4.24349419462426,13691.71420689
USA,United States,North America,High,2009,2000,-0.355546266299747,-0.355546266299747,Low (<2%),-2.5765002366652,51863.6183416558
VCT,St. Vincent and the Grenadines,Other,Unknown,2009,2000,0.421539125687215,0.421539125687215,Low (<2%),-1.3781936056056,6955.82358345268
VEN,"Venezuela, RB",South America,Unknown,2009,2000,27.080941446613,27.080941446613,Very High (>10%),-3.07692307692308,4451.37446074164
VNM,Viet Nam,Asia,Lower Middle,2009,2000,6.71698269988631,6.71698269988631,High (5-10%),5.39789754014181,1927.13427057454
VUT,Vanuatu,Other,Unknown,2009,2000,4.29706572955357,4.29706572955357,Moderate (2-5%),3.03730354099639,3249.66193798709
WLD,World,Other,Unknown,2009,2000,2.86044855902674,2.86044855902674,Moderate (2-5%),-1.33303814192499,9028.22055162901
WSM,Samoa,Other,Unknown,2009,2000,6.32495336235228,6.32495336235228,High (5-10%),-0.541677601834593,3875.94291686166
XKX,Kosovo,Other,Unknown,2009,2000,-2.41026401661229,-2.41026401661229,Low (<2%),5.03485413839893,2680.85995592712
YEM,"Yemen, Rep.",Other,Unknown,2009,2000,5.40776098077522,5.40776098077522,High (5-10%),3.86622951587742,2257.46902086832
ZAF,South Africa,Africa,Upper Middle,2009,2000,7.23809523809527,7.23809523809527,High (5-10%),-1.53808913525583,5847.05811084505
ZMB,Zambia,Other,Unknown,2009,2000,13.3952546325895,13.3952546325895,Very High (>10%),9.2203484058663,1110.71918102486
ABW,Aruba,Other,Unknown,2010,2010,2.07814071860786,2.07814071860786,Moderate (2-5%),-2.73345679250639,25429.2180974853
AFE,Africa Eastern and Southern,Other,Unknown,2010,2010,5.53753791645676,5.53753791645676,High (5-10%),5.33521275751254,1449.78072652181
AFG,Afghanistan,Other,Unknown,2010,2010,2.17853752389419,2.17853752389419,Moderate (2-5%),14.3624414710737,542.871030476037
AFW,Africa Western and Central,Other,Unknown,2010,2010,1.78484420477113,1.78484420477113,Low (<2%),7.0006469900289,1679.8619541977
AGO,Angola,Africa,Lower Middle,2010,2010,14.4696564932577,14.4696564932577,Very High (>10%),5.29366572819954,3540.79159568681
ALB,Albania,Other,Unknown,2010,2010,3.6271009151748,3.6271009151748,Moderate (2-5%),2.97315442681247,3579.82413181046
ARB,Arab World,Other,Unknown,2010,2010,3.91106195534028,3.91106195534028,Moderate (2-5%),4.7365057444004,5965.71571721365
ARE,United Arab Emirates,Middle East,High,2010,2010,0.877983288285867,0.877983288285867,Low (<2%),1.60285004336325,42328.84668186
ARM,Armenia,Other,Unknown,2010,2010,8.17636138473952,8.17636138473952,High (5-10%),2.2000000002151,2796.08143428043
ATG,Antigua and Barbuda,Other,Unknown,2010,2010,3.37002540220148,3.37002540220148,Moderate (2-5%),-7.84050683730972,16135.397384487
AUS,Australia,Oceania,High,2010,2010,2.9183370211222,2.9183370211222,Moderate (2-5%),2.21004795300735,53768.349733441
AUT,Austria,Europe,High,2010,2010,1.81353438995062,1.81353438995062,Low (<2%),1.80898243043663,43035.4073531933
AZE,Azerbaijan,Other,Unknown,2010,2010,5.72687224669605,5.72687224669605,High (5-10%),4.78883248761557,5300.11048729062
BDI,Burundi,Other,Unknown,2010,2010,6.49326591473993,6.49326591473993,High (5-10%),5.09373697323055,253.308577749924
BEL,Belgium,Europe,High,2010,2010,2.18929920422458,2.18929920422458,Moderate (2-5%),2.71031150254662,39991.5646206286
BEN,Benin,Other,Unknown,2010,2010,2.20783532536524,2.20783532536524,Moderate (2-5%),2.11406472648392,928.246655329144
BFA,Burkina Faso,Other,Unknown,2010,2010,-0.764230734676768,-0.764230734676768,Low (<2%),8.44628157707625,561.847221302489
BGD,Bangladesh,Asia,Lower Middle,2010,2010,8.12667639169917,8.12667639169917,High (5-10%),5.57178818533122,943.66422864236
BGR,Bulgaria,Other,Unknown,2010,2010,2.43899060504117,2.43899060504117,Moderate (2-5%),1.55536266288017,6429.04599233108
BHR,Bahrain,Middle East,High,2010,2010,1.96188468334623,1.96188468334623,Low (<2%),4.3342989754845,22224.0736166249
BHS,"Bahamas, The",Other,Unknown,2010,2010,1.34402738392836,1.34402738392836,Low (<2%),1.53866248693835,30657.4319059659
BIH,Bosnia and Herzegovina,Other,Unknown,2010,2010,1.99621236745887,1.99621236745887,Low (<2%),0.865667236280544,3981.20985692032
BLR,Belarus,Other,Unknown,2010,2010,7.73574804312515,7.73574804312515,High (5-10%),7.75001707500896,5616.0941173307
BLZ,Belize,Other,Unknown,2010,2010,0.917977378808888,0.917977378808888,Low (<2%),1.41741099233461,5937.75398343789
BOL,Bolivia,South America,Upper Middle,2010,2010,2.50327605844241,2.50327605844241,Moderate (2-5%),4.12672258996274,2481.4070083834
BRA,Brazil,South America,Upper Middle,2010,2010,5.03872690108075,5.03872690108075,High (5-10%),7.52822581815364,8792.63436120342
BRB,Barbados,Other,Unknown,2010,2010,5.82421853311866,5.82421853311866,High (5-10%),-8.08072121134387,21285.0039393558
BRN,Brunei Darussalam,Other,Unknown,2010,2010,0.356869132017561,0.356869132017561,Low (<2%),2.74136439456163,33121.3178241724
BTN,Bhutan,Other,Unknown,2010,2010,7.03638316073019,7.03638316073019,High (5-10%),11.9318738376229,2378.72810760985
BWA,Botswana,Other,Unknown,2010,2010,6.94887658743103,6.94887658743103,High (5-10%),10.119723322694,5584.5034321846
CAF,Central African Republic,Other,Unknown,2010,2010,1.49102370047802,1.49102370047802,Low (<2%),4.63081843223307,519.141456408484
CAN,Canada,North America,High,2010,2010,1.77687154092627,1.77687154092627,Low (<2%),3.09080633744851,41164.3812486578
CEB,Central Europe and the Baltics,Other,Unknown,2010,2010,1.80117022137138,1.80117022137138,Low (<2%),1.53847163388305,10998.682371605
CHE,Switzerland,Europe,High,2010,2010,0.688238707219975,0.688238707219975,Low (<2%),3.26063082122047,83069.4276373455
CHL,Chile,South America,High,2010,2010,1.41071107954321,1.41071107954321,Low (<2%),5.85165102224047,11649.2897090856
CHN,China,Asia,Upper Middle,2010,2010,3.17532475269199,3.17532475269199,Moderate (2-5%),10.5916903885704,5764.65012366375
CIV,Cote d'Ivoire,Africa,Lower Middle,2010,2010,1.2264561213548,1.2264561213548,Low (<2%),6.84804939907013,1540.52927270246
CMR,Cameroon,Africa,Lower Middle,2010,2010,1.27538046242338,1.27538046242338,Low (<2%),2.89902472122014,1290.9013745759
COD,"Congo, Dem. Rep.",Other,Unknown,2010,2010,7.10000000000037,7.10000000000037,High (5-10%),8.61867717510543,403.722373878525
COG,"Congo, Rep.",Other,Unknown,2010,2010,0.391525011227612,0.391525011227612,Low (<2%),9.93126543095578,2332.28508055953
COL,Colombia,South America,Upper Middle,2010,2010,2.27200227892008,2.27200227892008,Moderate (2-5%),4.49465897070922,5214.24547620131
COM,Comoros,Other,Unknown,2010,2010,3.35475770328919,3.35475770328919,Moderate (2-5%),3.77776673684423,1272.60716208007
CPV,Cabo Verde,Other,Unknown,2010,2010,2.07866470906424,2.07866470906424,Moderate (2-5%),1.83641914989978,3194.61667734233
CRI,Costa Rica,Other,Unknown,2010,2010,5.66275708420021,5.66275708420021,High (5-10%),5.36034347722267,10285.0856777667
CSS,Caribbean small states,Other,Unknown,2010,2010,3.31018474700138,3.31018474700138,Moderate (2-5%),1.18336086368814,13697.4264360568
CUW,Curacao,Other,Unknown,2010,2010,2.77944261312587,2.77944261312587,Moderate (2-5%),0.0823066088131412,20706.4374577658
CYM,Cayman Islands,Other,Unknown,2010,2010,0.276140861750108,0.276140861750108,Low (<2%),-2.71563526217577,79483.0972813604
CYP,Cyprus,Other,Unknown,2010,2010,2.43004084102251,2.43004084102251,Moderate (2-5%),2.28267100119788,26090.037109375
CZE,Czechia,Other,Unknown,2010,2010,1.47272727272728,1.47272727272728,Low (<2%),2.71466509907701,16665.9317825137
DEU,Germany,Europe,High,2010,2010,1.1038103778926,1.1038103778926,Low (<2%),4.13463778522758,38526.7371042695
DJI,Djibouti,Other,Unknown,2010,2010,3.95007875923886,3.95007875923886,Moderate (2-5%),,
DMA,Dominica,Other,Unknown,2010,2010,2.99936630549,2.99936630549,Moderate (2-5%),-0.105610857694984,8574.27308682238
DNK,Denmark,Europe,High,2010,2010,2.31092436974786,2.31092436974786,Moderate (2-5%),1.58289703108802,51209.4492757775
DOM,Dominican Republic,Other,Unknown,2010,2010,6.32993220146146,6.32993220146146,High (5-10%),8.40114541209596,5666.45633430206
DZA,Algeria,Africa,Upper Middle,2010,2010,3.91106195534028,3.91106195534028,Moderate (2-5%),4.80000000093564,4456.6102741643
EAP,East Asia & Pacific (excluding high income),Other,Unknown,2010,2010,3.68901229670761,3.68901229670761,Moderate (2-5%),9.89414087548133,4797.14626921917
EAR,Early-demographic dividend,Other,Unknown,2010,2010,4.3974138315007,4.3974138315007,Moderate (2-5%),6.38059450478228,2769.87664169436
EAS,East Asia & Pacific,Other,Unknown,2010,2010,3.05730563962442,3.05730563962442,Moderate (2-5%),7.62507918660509,7876.59864598949
ECA,Europe & Central Asia (excluding high income),Other,Unknown,2010,2010,6.77774669133379,6.77774669133379,High (5-10%),7.12840858949988,5149.8055295914
ECS,Europe & Central Asia,Other,Unknown,2010,2010,2.42447361791627,2.42447361791627,Moderate (2-5%),2.63832249163517,21496.9574340089
ECU,Ecuador,South America,Upper Middle,2010,2010,3.55437734567843,3.55437734567843,Moderate (2-5%),4.02913787986621,5022.20374387205
EGY,"Egypt, Arab Rep.",Africa,Lower Middle,2010,2010,11.2651882653185,11.2651882653185,Very High (>10%),5.14723485746742,3233.84521249306
EMU,Euro area,Other,Unknown,2010,2010,1.52551602118248,1.52551602118248,Low (<2%),2.1158694775215,32682.9836342241
ESP,Spain,Europe,High,2010,2010,1.79986457728769,1.79986457728769,Low (<2%),0.0941223116369514,25766.2515825743
EST,Estonia,Other,Unknown,2010,2010,2.97204512015694,2.97204512015694,Moderate (2-5%),2.4497502063999,14657.939813612
ETH,Ethiopia,Africa,Low,2010,2010,8.14926402965082,8.14926402965082,High (5-10%),12.5505383347633,421.898622378633
EUU,European Union,Other,Unknown,2010,2010,1.53112270420919,1.53112270420919,Low (<2%),2.1818021924601,29352.9533503664
FIN,Finland,Europe,High,2010,2010,1.18413523154651,1.18413523154651,Low (<2%),3.1682879121621,43556.5385834368
FJI,Fiji,Other,Unknown,2010,2010,3.68901229670761,3.68901229670761,Moderate (2-5%),2.95467268842502,4272.35916210382
FRA,France,Europe,High,2010,2010,1.53112270420919,1.53112270420919,Low (<2%),2.00032476039051,35578.1968010183
FSM,"Micronesia, Fed. Sts.",Other,Unknown,2010,2010,3.31370963136217,3.31370963136217,Moderate (2-5%),1.7094017094017,2901.24604798215
GAB,Gabon,Other,Unknown,2010,2010,1.46154402720469,1.46154402720469,Low (<2%),7.08988731455126,6481.49612073562
GBR,United Kingdom,Europe,High,2010,2010,2.49265472467065,2.49265472467065,Moderate (2-5%),2.26054460931586,42762.720840223
GEO,Georgia,Other,Unknown,2010,2010,7.11017897486099,7.11017897486099,High (5-10%),6.24640865303363,3090.06513662318
GHA,Ghana,Africa,Unknown,2010,2010,10.7333898354915,10.7333898354915,Very High (>10%),7.89971194051621,1381.2279503506
GIN,Guinea,Other,Unknown,2010,2010,15.0502688559001,15.0502688559001,Very High (>10%),4.81336016967553,675.736917327708
GMB,"Gambia, The",Other,Unknown,2010,2010,5.04968075857402,5.04968075857402,High (5-10%),5.90833580968288,701.014524591061
GNB,Guinea-Bissau,Other,Unknown,2010,2010,2.51785140171701,2.51785140171701,Moderate (2-5%),5.60536311358261,625.904027290582
GNQ,Equatorial Guinea,Other,Unknown,2010,2010,7.78916547991184,7.78916547991184,High (5-10%),-8.92417588851806,10984.3243932426
GRC,Greece,Europe,High,2010,2010,4.71298907760388,4.71298907760388,Moderate (2-5%),-5.6937412158003,21547.724178239
GRD,Grenada,Other,Unknown,2010,2010,3.43650905943351,3.43650905943351,Moderate (2-5%),-0.511146187173722,7670.71165827663
GTM,Guatemala,Other,Unknown,2010,2010,3.8595090983316,3.8595090983316,Moderate (2-5%),2.88417542800377,3546.62750929879
GUY,Guyana,Other,Unknown,2010,2010,4.3005534033896,4.3005534033896,Moderate (2-5%),4.13844160137342,4860.09110980566
HIC,High income,Other,Unknown,2010,2010,2.13371996141622,2.13371996141622,Moderate (2-5%),3.04683444307592,34306.4541964383
HKG,"Hong Kong SAR, China",Other,Unknown,2010,2010,2.29289088604673,2.29289088604673,Moderate (2-5%),6.76770683250318,38090.0154420129
HND,Honduras,Other,Unknown,2010,2010,4.69889064976232,4.69889064976232,Moderate (2-5%),3.73114034433009,2108.47314459603
HPC,Heavily indebted poor countries (HIPC),Other,Unknown,2010,2010,4.69889064976232,4.69889064976232,Moderate (2-5%),6.20754117512882,830.195436382547
HRV,Croatia,Other,Unknown,2010,2010,1.03055505333576,1.03055505333576,Low (<2%),-1.33616285467264,11965.1414956676
HTI,Haiti,Other,Unknown,2010,2010,4.82734190074673,4.82734190074673,Moderate (2-5%),-5.65151153448299,1317.58389339746
HUN,Hungary,Other,Unknown,2010,2010,4.85555795691956,4.85555795691956,Moderate (2-5%),1.06795068152046,11287.3686666108
IBD,IBRD only,Other,Unknown,2010,2010,4.11211139315219,4.11211139315219,Moderate (2-5%),7.76445831496306,4533.00914065275
IBT,IDA & IBRD total,Other,Unknown,2010,2010,4.15672722680174,4.15672722680174,Moderate (2-5%),7.63752183781108,3721.63119008758
IDA,IDA total,Other,Unknown,2010,2010,4.3005534033896,4.3005534033896,Moderate (2-5%),6.20453015280762,1220.95123872251
IDB,IDA blend,Other,Unknown,2010,2010,3.3434265756174,3.3434265756174,Moderate (2-5%),5.95474815245542,1732.0970274752
IDN,Indonesia,Asia,Lower Middle,2010,2010,5.13420639015885,5.13420639015885,High (5-10%),6.22385418062366,2670.8129098953
IDX,IDA only,Other,Unknown,2010,2010,4.82734190074673,4.82734190074673,Moderate (2-5%),6.45708563967116,941.87311126462
IND,India,Asia,Lower Middle,2010,2010,11.9893899204245,11.9893899204245,Very High (>10%),8.49758470165625,1235.15939132939
IRL,Ireland,Europe,High,2010,2010,-0.918388645376774,-0.918388645376774,Low (<2%),1.68297175486512,46991.6464673949
IRN,"Iran, Islamic Rep.",Asia,Lower Middle,2010,2010,10.0893629287979,10.0893629287979,Very High (>10%),5.79793830169604,5249.06133369759
IRQ,Iraq,Middle East,Unknown,2010,2010,2.42986826837753,2.42986826837753,Moderate (2-5%),6.40256484471193,3881.94327045302
ISL,Iceland,Other,Unknown,2010,2010,5.39673113167484,5.39673113167484,High (5-10%),-2.22181843777449,49528.4864733411
ISR,Israel,Europe,High,2010,2010,2.70270270270273,2.70270270270273,Moderate (2-5%),5.54470607068944,33307.1044316197
ITA,Italy,Europe,High,2010,2010,1.52551602118248,1.52551602118248,Low (<2%),1.52910573247101,31928.5543621096
JAM,Jamaica,Other,Unknown,2010,2010,12.6105519975603,12.6105519975603,Very High (>10%),-1.45714720850386,5271.57221477938
JOR,Jordan,Other,Unknown,2010,2010,4.84551875852116,4.84551875852116,Moderate (2-5%),2.6377158262256,5066.49720027725
JPN,Japan,Asia,High,2010,2010,-0.728243207517779,-0.728243207517779,Low (<2%),4.13645589222239,33311.2872381879
KAZ,Kazakhstan,Other,Unknown,2010,2010,7.40046356341396,7.40046356341396,High (5-10%),7.30000000329814,8704.70655484556
KEN,Kenya,Africa,Low,2010,2010,3.96138889115385,3.96138889115385,Moderate (2-5%),8.05847360290906,1340.16467408856
KGZ,Kyrgyz Republic,Other,Unknown,2010,2010,7.96772225579684,7.96772225579684,High (5-10%),-0.471566596791618,962.764789828724
KHM,Cambodia,Other,Unknown,2010,2010,3.99639528107218,3.99639528107218,Moderate (2-5%),5.07691843229247,1155.85236856699
KIR,Kiribati,Other,Unknown,2010,2010,-3.89955040651649,-3.89955040651649,Low (<2%),1.2259519892488,1328.78776438805
KNA,St. Kitts and Nevis,Other,Unknown,2010,2010,0.850878649795844,0.850878649795844,Low (<2%),-0.0541942065330545,17688.0690103409
KOR,"Korea, Rep.",Asia,High,2010,2010,2.93928652655686,2.93928652655686,Moderate (2-5%),6.98166138853071,26623.0487122927
KWT,Kuwait,Middle East,High,2010,2010,4.49640287769787,4.49640287769787,Moderate (2-5%),-2.37054804425912,32568.4981754501
LAC,Latin America & Caribbean (excluding high income),Other,Unknown,2010,2010,3.8595090983316,3.8595090983316,Moderate (2-5%),6.42272825881251,7665.02918840407
LAO,Lao PDR,Other,Unknown,2010,2010,5.98254521550082,5.98254521550082,High (5-10%),8.52690551739717,1564.91068311647
LBN,Lebanon,Other,Unknown,2010,2010,3.98347941855833,3.98347941855833,Moderate (2-5%),7.97513555844932,8955.54336184707
LBR,Liberia,Other,Unknown,2010,2010,7.28992796890218,7.28992796890218,High (5-10%),6.09982524004147,621.783295071575
LBY,Libya,Other,Unknown,2010,2010,2.79989500109265,2.79989500109265,Moderate (2-5%),5.0272476723775,12913.9334939386
LCA,St. Lucia,Other,Unknown,2010,2010,3.25034409180129,3.25034409180129,Moderate (2-5%),0.330018546071486,10191.3146827694
LCN,Latin America & Caribbean,Other,Unknown,2010,2010,3.49128872618809,3.49128872618809,Moderate (2-5%),6.15136362667808,8060.06410621954
LDC,Least developed countries: UN classification,Other,Unknown,2010,2010,5.04968075857402,5.04968075857402,High (5-10%),6.365655151586,905.393997038056
LIC,Low income,Other,Unknown,2010,2010,4.72354729503736,4.72354729503736,Moderate (2-5%),7.13305260793007,778.449884465119
LKA,Sri Lanka,Asia,Lower Middle,2010,2010,6.2176488930462,6.2176488930462,High (5-10%),8.01596737040464,2993.01410960302
LMC,Lower middle income,Other,Unknown,2010,2010,4.85113088859311,4.85113088859311,Moderate (2-5%),6.56205140134733,1490.64568864373
LMY,Low & middle income,Other,Unknown,2010,2010,4.27707052915122,4.27707052915122,Moderate (2-5%),8.10356588001835,3469.80590095764
LSO,Lesotho,Other,Unknown,2010,2010,-2.40524254598706,-2.40524254598706,Low (<2%),5.26967078056286,995.233432451681
LTE,Late-demographic dividend,Other,Unknown,2010,2010,3.29777961339846,3.29777961339846,Moderate (2-5%),8.01408752578922,6526.90643063144
LTU,Lithuania,Other,Unknown,2010,2010,1.31921362055463,1.31921362055463,Low (<2%),0.427199566550769,10884.1161852582
LUX,Luxembourg,Other,Unknown,2010,2010,2.27367911621542,2.27367911621542,Moderate (2-5%),3.76040578658925,106545.854916218
LVA,Latvia,Other,Unknown,2010,2010,-1.08463595015155,-1.08463595015155,Low (<2%),-3.66125859554762,10500.8666223014
MAC,"Macao SAR, China",Other,Unknown,2010,2010,2.80947242060843,2.80947242060843,Moderate (2-5%),25.1031075246958,74195.0577762344
MAR,Morocco,Africa,Lower Middle,2010,2010,0.993557401226392,0.993557401226392,Low (<2%),3.49955709403216,2767.04223632813
MDA,Moldova,Other,Unknown,2010,2010,7.48385086350853,7.48385086350853,High (5-10%),7.10000010705836,2269.51116145996
MDG,Madagascar,Other,Unknown,2010,2010,9.24732173644116,9.24732173644116,High (5-10%),0.619239744622121,447.417143030687
MDV,Maldives,Other,Unknown,2010,2010,6.14988536750173,6.14988536750173,High (5-10%),6.7854678229144,8569.52494600725
MEA,"Middle East, North Africa, Afghanistan & Pakistan",Other,Unknown,2010,2010,3.74915727597096,3.74915727597096,Moderate (2-5%),4.73613536721255,4856.62716897561
MEX,Mexico,North America,Upper Middle,2010,2010,4.15672722680174,4.15672722680174,Moderate (2-5%),4.9713345832195,9389.06722076504
MIC,Middle income,Other,Unknown,2010,2010,4.11211139315219,4.11211139315219,Moderate (2-5%),8.12298995765126,3738.48355881277
MKD,North Macedonia,Other,Unknown,2010,2010,1.50997522027613,1.50997522027613,Low (<2%),3.35875085773812,4582.36517512347
MLI,Mali,Other,Unknown,2010,2010,1.10892690670186,1.10892690670186,Low (<2%),5.57678859793515,821.181286586904
MLT,Malta,Other,Unknown,2010,2010,1.51563513618532,1.51563513618532,Low (<2%),6.19734978656928,20750.6382477568
MMR,Myanmar,Other,Unknown,2010,2010,7.71838195873614,7.71838195873614,High (5-10%),9.6344394520444,854.932478016035
MNA,"Middle East, North Africa, Afghanistan & Pakistan (excluding high income)",Other,Unknown,2010,2010,3.95007875923886,3.95007875923886,Moderate (2-5%),4.8328610609576,2860.92140660337
MNE,Montenegro,Other,Unknown,2010,2010,0.654946570148479,0.654946570148479,Low (<2%),2.77559782547836,5917.91510729977
MNG,Mongolia,Other,Unknown,2010,2010,10.0462065881651,10.0462065881651,Very High (>10%),6.3651616786311,2611.67326563924
MOZ,Mozambique,Other,Low,2010,2010,12.4255421735156,12.4255421735156,Very High (>10%),6.67972935662864,494.162859074785
MRT,Mauritania,Other,Unknown,2010,2010,6.28354087427704,6.28354087427704,High (5-10%),2.62022952055378,1463.84763242531
MUS,Mauritius,Other,Unknown,2010,2010,2.93236301369857,2.93236301369857,Moderate (2-5%),4.39672657214976,8100.95282599507
MWI,Malawi,Other,Low,2010,2010,7.41159092883827,7.41159092883827,High (5-10%),6.87406585416142,508.088650552846
MYS,Malaysia,Asia,Upper Middle,2010,2010,1.62285235577035,1.62285235577035,Low (<2%),7.42484738326097,8118.92270511981
NAC,North America,Other,Unknown,2010,2010,1.70845749165809,1.70845749165809,Low (<2%),2.72395919935452,51671.5125292842
NAM,Namibia,Other,Unknown,2010,2010,4.8749198764395,4.8749198764395,Moderate (2-5%),6.03924947955858,4165.12990200988
NER,Niger,Other,Unknown,2010,2010,0.804073080882659,0.804073080882659,Low (<2%),8.57816674262253,441.079166112039
NGA,Nigeria,Africa,Low,2010,2010,13.7400521363694,13.7400521363694,Very High (>10%),8.00565591623166,2315.46676509642
NIC,Nicaragua,Other,Unknown,2010,2010,5.45513425887423,5.45513425887423,High (5-10%),4.41009911716546,1704.37875049059
NLD,Netherlands,Europe,High,2010,2010,1.27530569556679,1.27530569556679,Low (<2%),1.31935287897116,44659.2793901474
NOR,Norway,Europe,High,2010,2010,2.41890639481003,2.41890639481003,Moderate (2-5%),1.00493269017117,74505.4313586335
NPL,Nepal,Asia,Lower Middle,2010,2010,9.32650410745395,9.32650410745395,High (5-10%),4.81641464694573,721.265221364302
NZL,New Zealand,Oceania,High,2010,2010,2.30202385958572,2.30202385958572,Moderate (2-5%),1.47182504276788,35476.3713609154
OED,OECD members,Other,Unknown,2010,2010,1.807352305661,1.807352305661,Low (<2%),2.97338503994675,33643.2480011289
OMN,Oman,Middle East,High,2010,2010,3.25657959078624,3.25657959078624,Moderate (2-5%),2.47199856582773,22766.0503620721
OSS,Other small states,Other,Unknown,2010,2010,2.97204512015694,2.97204512015694,Moderate (2-5%),2.4770957293312,9827.79279523027
PAK,Pakistan,Asia,Lower Middle,2010,2010,12.9388705634889,12.9388705634889,Very High (>10%),1.50171752152883,1256.69482201323
PAN,Panama,Other,Unknown,2010,2010,3.49128872618809,3.49128872618809,Moderate (2-5%),6.07339353106087,10698.0717633911
PER,Peru,South America,Upper Middle,2010,2010,1.52832059732901,1.52832059732901,Low (<2%),8.33245910749577,5167.39259325937
PHL,Philippines,Asia,Lower Middle,2010,2010,3.78983634797591,3.78983634797591,Moderate (2-5%),7.33449996034538,2373.14312064664
PLW,Palau,Other,Unknown,2010,2010,1.44219017355169,1.44219017355169,Low (<2%),-3.02648271979963,12933.0676102142
PNG,Papua New Guinea,Other,Unknown,2010,2010,6.01360893567856,6.01360893567856,High (5-10%),10.1284540720232,2140.50939027384
POL,Poland,Europe,Unknown,2010,2010,2.58069370250548,2.58069370250548,Moderate (2-5%),3.16892748258036,10808.3975674238
PRE,Pre-demographic dividend,Other,Unknown,2010,2010,3.97655288478168,3.97655288478168,Moderate (2-5%),6.67265580684425,1413.56297929276
PRT,Portugal,Europe,High,2010,2010,1.40257289895372,1.40257289895372,Low (<2%),1.73762453640036,19698.6836791397
PRY,Paraguay,South America,Upper Middle,2010,2010,4.65116279069765,4.65116279069765,Moderate (2-5%),11.0952312685521,5191.05014254402
PSE,West Bank and Gaza,Other,Unknown,2010,2010,3.74915727597096,3.74915727597096,Moderate (2-5%),5.77736205629419,2927.08101953403
PSS,Pacific island small states,Other,Unknown,2010,2010,2.10244243416258,2.10244243416258,Moderate (2-5%),3.61551469762773,3443.97974761278
PST,Post-demographic dividend,Other,Unknown,2010,2010,1.99621236745887,1.99621236745887,Low (<2%),2.90884187925629,38308.9980746451
QAT,Qatar,Middle East,High,2010,2010,-2.42525675161714,-2.42525675161714,Low (<2%),16.7315558489187,74271.9022959058
ROU,Romania,Other,Unknown,2010,2010,6.09141668601891,6.09141668601891,High (5-10%),-3.90581157302972,7660.70667630517
RUS,Russian Federation,Europe,Upper Middle,2010,2010,6.84939230255025,6.84939230255025,High (5-10%),4.49999999920672,8755.1201171875
RWA,Rwanda,Other,Low,2010,2010,-0.246128693436934,-0.246128693436934,Low (<2%),7.33465645016436,579.419162804581
SAS,South Asia,Other,Unknown,2010,2010,7.58152977621468,7.58152977621468,High (5-10%),8.19440351710111,1222.51823005713
SAU,Saudi Arabia,Asia,High,2010,2010,5.33941733020905,5.33941733020905,High (5-10%),5.0395150823517,21830.1424272816
SDN,Sudan,Other,Unknown,2010,2010,12.9776663898014,12.9776663898014,Very High (>10%),3.85824195230107,1311.22314453125
SEN,Senegal,Other,Unknown,2010,2010,1.22868119673344,1.22868119673344,Low (<2%),3.39088925336209,1153.53431121583
SGP,Singapore,Asia,High,2010,2010,2.82884527612958,2.82884527612958,Moderate (2-5%),14.5197497108994,48752.0515441859
SLB,Solomon Islands,Other,Unknown,2010,2010,1.05148163321038,1.05148163321038,Low (<2%),9.70817235491481,2058.95691648883
SLE,Sierra Leone,Other,Unknown,2010,2010,7.18566275668163,7.18566275668163,High (5-10%),6.35566595800495,902.769891411394
SLV,El Salvador,Other,Unknown,2010,2010,1.17933576873673,1.17933576873673,Low (<2%),2.15419536693635,3398.49346060363
SMR,San Marino,Other,Unknown,2010,2010,2.58541815582587,2.58541815582587,Moderate (2-5%),-5.47368421052632,49672.6753589594
SRB,Serbia,Other,Unknown,2010,2010,6.14255360247248,6.14255360247248,High (5-10%),1.61097281449412,5690.70327182682
SSA,Sub-Saharan Africa (excluding high income),Other,Unknown,2010,2010,4.06749555950263,4.06749555950263,Moderate (2-5%),6.0677707928219,1542.33935803034
SSD,South Sudan,Other,Unknown,2010,2010,1.16962180301108,1.16962180301108,Low (<2%),5.49341639529945,2295.07026096006
SSF,Sub-Saharan Africa,Other,Unknown,2010,2010,4.02202422214216,4.02202422214216,Moderate (2-5%),6.06650061092895,1543.42062336352
SST,Small states,Other,Unknown,2010,2010,2.99936630549,2.99936630549,Moderate (2-5%),2.09524612741406,9914.45968595479
STP,Sao Tome and Principe,Other,Unknown,2010,2010,13.34005235378,13.34005235378,Very High (>10%),1.44845522890635,1216.3502521663
SUR,Suriname,Other,Unknown,2010,2010,6.94108221639996,6.94108221639996,High (5-10%),5.16882515225814,8603.90786745855
SVK,Slovak Republic,Other,Unknown,2010,2010,0.957018132975174,0.957018132975174,Low (<2%),6.79058159142423,14596.1477776887
SVN,Slovenia,Other,Unknown,2010,2010,1.80117022137138,1.80117022137138,Low (<2%),1.11213719306735,20444.1201295876
SWE,Sweden,Europe,High,2010,2010,1.15798802715626,1.15798802715626,Low (<2%),5.75076477579255,48205.5492512742
SWZ,Eswatini,Other,Unknown,2010,2010,4.50923691774369,4.50923691774369,Moderate (2-5%),3.82443487429767,3069.52175725884
SXM,Sint Maarten (Dutch part),Other,Unknown,2010,2010,1.33857621672882,1.33857621672882,Low (<2%),3.19999269219366,38403.0705201664
SYC,Seychelles,Other,Unknown,2010,2010,-2.40463875108227,-2.40463875108227,Low (<2%),4.50513204312067,12313.5566919249
SYR,Syrian Arab Republic,Other,Unknown,2010,2010,4.3974138315007,4.3974138315007,Moderate (2-5%),5.19150915015936,1526.36518590261
TCD,Chad,Other,Unknown,2010,2010,-2.07786574641866,-2.07786574641866,Low (<2%),13.6738272725339,956.953018707396
TEA,East Asia & Pacific (IDA & IBRD countries),Other,Unknown,2010,2010,3.61196234430296,3.61196234430296,Moderate (2-5%),9.8937176385907,4852.63859013079
TEC,Europe & Central Asia (IDA & IBRD countries),Other,Unknown,2010,2010,6.14255360247248,6.14255360247248,High (5-10%),4.69523800480289,7000.76886191211
TGO,Togo,Other,Unknown,2010,2010,1.44594517430864,1.44594517430864,Low (<2%),5.85433399076879,686.014185396121
THA,Thailand,Asia,Upper Middle,2010,2010,3.24758842443725,3.24758842443725,Moderate (2-5%),7.51339053261624,5059.35747831657
TJK,Tajikistan,Other,Unknown,2010,2010,6.44531440780658,6.44531440780658,High (5-10%),6.49999908585235,770.604105393791
TLA,Latin America & the Caribbean (IDA & IBRD countries),Other,Unknown,2010,2010,4.00811816256667,4.00811816256667,Moderate (2-5%),6.42164085310479,7913.20182058713
TLS,Timor-Leste,Other,Unknown,2010,2010,6.76597680236481,6.76597680236481,High (5-10%),9.33149490201264,1195.38067803197
TMN,"Middle East, North Africa, Afghanistan & Pakistan (IDA & IBRD)",Other,Unknown,2010,2010,3.9667790888986,3.9667790888986,Moderate (2-5%),4.82653120984563,2860.48869374477
TON,Tonga,Other,Unknown,2010,2010,3.53491239189831,3.53491239189831,Moderate (2-5%),0.824396914081831,3653.97817265087
TSA,South Asia (IDA & IBRD),Other,Unknown,2010,2010,7.58152977621468,7.58152977621468,High (5-10%),8.19440351710111,1222.51823005713
TSS,Sub-Saharan Africa (IDA & IBRD countries),Other,Unknown,2010,2010,4.02202422214216,4.02202422214216,Moderate (2-5%),6.06650061092893,1543.42062336352
TTO,Trinidad and Tobago,Other,Unknown,2010,2010,10.5492003179988,10.5492003179988,Very High (>10%),3.32322471027371,17938.0949459463
TUN,Tunisia,Africa,Upper Middle,2010,2010,3.33897963601069,3.33897963601069,Moderate (2-5%),2.97113275066512,3906.90625867605
TUR,Turkiye,Europe,Upper Middle,2010,2010,8.56644420552976,8.56644420552976,High (5-10%),8.54219848467686,8472.57809050119
TZA,Tanzania,Other,Low,2010,2010,6.20015595647403,6.20015595647403,High (5-10%),6.33652342666889,801.29931640625
UGA,Uganda,Other,Low,2010,2010,3.97655288478168,3.97655288478168,Moderate (2-5%),5.63761163749757,768.624091660131
UKR,Ukraine,Other,Unknown,2010,2010,9.37293105078978,9.37293105078978,High (5-10%),4.09200436668087,2285.93383789063
UMC,Upper middle income,Other,Unknown,2010,2010,3.82467272315376,3.82467272315376,Moderate (2-5%),8.47976782694566,5653.68598674602
URY,Uruguay,South America,High,2010,2010,6.69870886978132,6.69870886978132,High (5-10%),7.8034096507169,14722.3780081191
USA,United States,North America,High,2010,2010,1.6400434423899,1.6400434423899,Low (<2%),2.69519258673525,52812.6829869279
VCT,St. Vincent and the Grenadines,Other,Unknown,2010,2010,0.747109026311474,0.747109026311474,Low (<2%),-4.47046793507802,6678.04200697308
VEN,"Venezuela, RB",South America,Unknown,2010,2010,28.1874647092039,28.1874647092039,Very High (>10%),-1.5873015873016,4323.73301534677
VNM,Viet Nam,Asia,Lower Middle,2010,2010,9.20746648778413,9.20746648778413,High (5-10%),6.42324482239482,2027.58184375924
VUT,Vanuatu,Other,Unknown,2010,2010,2.76269469477348,2.76269469477348,Moderate (2-5%),1.25886720329254,3214.3726213639
WLD,World,Other,Unknown,2010,2010,3.32634463368643,3.32634463368643,Moderate (2-5%),4.52085213873784,9322.21791578106
WSM,Samoa,Other,Unknown,2010,2010,0.777007268777692,0.777007268777692,Low (<2%),6.1247199226125,4081.15535978003
XKX,Kosovo,Other,Unknown,2010,2010,3.48050763735842,3.48050763735842,Moderate (2-5%),4.93995095961395,2822.63227046091
YEM,"Yemen, Rep.",Other,Unknown,2010,2010,11.1748338605044,11.1748338605044,Very High (>10%),7.70128607527964,2356.19960422096
ZAF,South Africa,Africa,Upper Middle,2010,2010,4.06749555950263,4.06749555950263,Moderate (2-5%),3.03973288127956,5953.94506512821
ZMB,Zambia,Other,Unknown,2010,2010,8.50176133365265,8.50176133365265,High (5-10%),10.2982233241213,1183.41712409199
ZWE,Zimbabwe,Other,Unknown,2010,2010,3.02267002518892,3.02267002518892,Moderate (2-5%),19.6754077019323,1056.20884563889
ABW,Aruba,Other,Unknown,2011,2010,4.31629742195203,4.31629742195203,Moderate (2-5%),3.36923718421511,26093.0542083227
AFE,Africa Eastern and Southern,Other,Unknown,2011,2010,8.97120640995788,8.97120640995788,High (5-10%),3.79124046178791,1464.88611192938
AFG,Afghanistan,Other,Unknown,2011,2010,11.8041858089129,11.8041858089129,Very High (>10%),0.426354776777345,525.42698276582
AFW,Africa Western and Central,Other,Unknown,2011,2010,4.01869907534492,4.01869907534492,Moderate (2-5%),4.92203183140791,1713.47507358227
AGO,Angola,Africa,Lower Middle,2011,2010,13.4824679218511,13.4824679218511,Very High (>10%),3.59386960240222,3528.16824373698
ALB,Albania,Other,Unknown,2011,2010,3.42807130141501,3.42807130141501,Moderate (2-5%),2.46351683915714,3677.89457937717
ARB,Arab World,Other,Unknown,2011,2010,4.7531638888563,4.7531638888563,Moderate (2-5%),3.84860676614113,6054.00045574247
ARE,United Arab Emirates,Middle East,High,2011,2010,0.87734659568512,0.87734659568512,Low (<2%),6.73651167897515,43687.7919424546
ARM,Armenia,Other,Unknown,2011,2010,7.65000807859294,7.65000807859294,High (5-10%),4.69999999867412,2943.83687119315
ATG,Antigua and Barbuda,Other,Unknown,2011,2010,3.4567496723461,3.4567496723461,Moderate (2-5%),-1.95874262217572,15633.9091131821
AUS,Australia,Oceania,High,2011,2010,3.30384784681081,3.30384784681081,Moderate (2-5%),2.39473494330615,54296.2321324814
AUT,Austria,Europe,High,2011,2010,3.2865791487538,3.2865791487538,Moderate (2-5%),2.92746800169145,44146.1956805294
AZE,Azerbaijan,Other,Unknown,2011,2010,7.8583333333334,7.8583333333334,High (5-10%),-1.5729973511111,5149.20665913206
BDI,Burundi,Other,Unknown,2011,2010,9.5921660597967,9.5921660597967,High (5-10%),4.02442793864228,254.242110648215
BEL,Belgium,Europe,High,2011,2010,3.5320821072274,3.5320821072274,Moderate (2-5%),1.93115502411325,40236.9596308558
BEN,Benin,Other,Unknown,2011,2010,2.7042390774728,2.7042390774728,Moderate (2-5%),2.96375291904201,927.716412836707
BFA,Burkina Faso,Other,Unknown,2011,2010,2.75976724854534,2.75976724854534,Moderate (2-5%),6.62256261306693,581.603658737407
BGD,Bangladesh,Asia,Lower Middle,2011,2010,11.3951651552399,11.3951651552399,Very High (>10%),6.46437912497728,995.579947155662
BGR,Bulgaria,Other,Unknown,2011,2010,4.21990346601872,4.21990346601872,Moderate (2-5%),2.09017598337418,6605.64616736859
BHR,Bahrain,Middle East,High,2011,2010,-0.40004069748808,-0.40004069748808,Low (<2%),1.92815791170796,23288.0449398313
BHS,"Bahamas, The",Other,Unknown,2011,2010,3.1987814166032,3.1987814166032,Moderate (2-5%),0.613170735890648,30492.6738528071
BIH,Bosnia and Herzegovina,Other,Unknown,2011,2010,3.67125,3.67125,Moderate (2-5%),0.959511709726897,4094.25329541877
BLR,Belarus,Other,Unknown,2011,2010,53.2286983118172,53.2286983118172,Very High (>10%),5.54997471638077,5941.68999156239
BLZ,Belize,Other,Unknown,2011,2010,1.602056156402,1.602056156402,Low (<2%),-0.13007112300869,5802.24344531492
BOL,Bolivia,South America,Upper Middle,2011,2010,9.88446419823883,9.88446419823883,High (5-10%),5.20409245282328,2568.52051674406
BRA,Brazil,South America,Upper Middle,2011,2010,6.6364496221309,6.6364496221309,High (5-10%),3.97442307944702,9067.99316348047
BRB,Barbados,Other,Unknown,2011,2010,9.4322024017722,9.4322024017722,High (5-10%),-0.074211165126286,21200.1949825923
BRN,Brunei Darussalam,Other,Unknown,2011,2010,0.13791156316954,0.13791156316954,Low (<2%),3.74440625524871,33754.3640783713
BTN,Bhutan,Other,Unknown,2011,2010,8.848985699468,8.848985699468,High (5-10%),8.4892584842808,2552.48871073094
BWA,Botswana,Other,Unknown,2011,2010,8.45987233408583,8.45987233408583,High (5-10%),6.83841052493574,5850.07858575461
CAF,Central African Republic,Other,Unknown,2011,2010,1.1944757244985,1.1944757244985,Low (<2%),4.19461533741989,532.38295493852
CAN,Canada,North America,High,2011,2010,2.91213508872351,2.91213508872351,Moderate (2-5%),3.1371944343876,42043.6842044008
CEB,Central Europe and the Baltics,Other,Unknown,2011,2010,4.13027562645085,4.13027562645085,Moderate (2-5%),3.60057081921423,11421.7596519166
CHE,Switzerland,Europe,High,2011,2010,0.2313492076509,0.2313492076509,Low (<2%),1.40766067483813,83307.3180998465
CHL,Chile,South America,High,2011,2010,3.34121694259302,3.34121694259302,Moderate (2-5%),6.22389678509138,12252.8441074615
CHN,China,Asia,Upper Middle,2011,2010,5.55389892257493,5.55389892257493,High (5-10%),9.46205248298186,6275.71634288814
CIV,Cote d'Ivoire,Africa,Lower Middle,2011,2010,4.9124339505245,4.9124339505245,Moderate (2-5%),-5.37044724000579,1426.46463864534
CMR,Cameroon,Africa,Lower Middle,2011,2010,2.93969946305091,2.93969946305091,Moderate (2-5%),3.37921128506045,1297.3064962694
COD,"Congo, Dem. Rep.",Other,Unknown,2011,2010,15.316515913949,15.316515913949,Very High (>10%),-0.403164081254445,389.119308449762
COG,"Congo, Rep.",Other,Unknown,2011,2010,1.75958704273803,1.75958704273803,Low (<2%),2.20591936286718,2307.49384399715
COL,Colombia,South America,Upper Middle,2011,2010,3.4150334477625,3.4150334477625,Moderate (2-5%),6.94789198173555,5517.1011086899
COM,Comoros,Other,Unknown,2011,2010,1.8426630075619,1.8426630075619,Low (<2%),4.14350668765977,1299.11093449408
CPV,Cabo Verde,Other,Unknown,2011,2010,4.47388342165023,4.47388342165023,Moderate (2-5%),3.92471821338283,3309.20121643898
CRI,Costa Rica,Other,Unknown,2011,2010,4.87799830970702,4.87799830970702,Moderate (2-5%),4.40315921836142,10612.4694960426
CSS,Caribbean small states,Other,Unknown,2011,2010,3.32776554447465,3.32776554447465,Moderate (2-5%),0.914568192401248,13731.3218758813
CUW,Curacao,Other,Unknown,2011,2010,2.3325315256217,2.3325315256217,Moderate (2-5%),0.50845748203723,20518.0986087103
CYM,Cayman Islands,Other,Unknown,2011,2010,1.32543575779664,1.32543575779664,Low (<2%),1.16906219839106,78233.0187551876
CYP,Cyprus,Other,Unknown,2011,2010,3.2894493956421,3.2894493956421,Moderate (2-5%),0.416711868408683,25538.76953125
CZE,Czechia,Other,Unknown,2011,2010,1.9172191363555,1.9172191363555,Low (<2%),1.77238085338473,16926.2846674435
DEU,Germany,Europe,High,2011,2010,2.07517283735874,2.07517283735874,Moderate (2-5%),3.75796884489337,40722.4849268242
DJI,Djibouti,Other,Unknown,2011,2010,5.0687139477798,5.0687139477798,High (5-10%),,
DMA,Dominica,Other,Unknown,2011,2010,1.1312313652648,1.1312313652648,Low (<2%),0.0427388878891435,8553.8384670104
DNK,Denmark,Europe,High,2011,2010,2.7586822605125,2.7586822605125,Moderate (2-5%),1.3108037609606,51667.5313210425
DOM,Dominican Republic,Other,Unknown,2011,2010,5.79676809206533,5.79676809206533,High (5-10%),3.19196227475523,5773.57403459156
DZA,Algeria,Africa,Upper Middle,2011,2010,4.5242115050527,4.5242115050527,Moderate (2-5%),2.99999999941909,4501.3543013352
EAP,East Asia & Pacific (excluding high income),Other,Unknown,2011,2010,5.29573220295508,5.29573220295508,High (5-10%),8.58533451743794,5168.39472019044
EAR,Early-demographic dividend,Other,Unknown,2011,2010,5.81149223300287,5.81149223300287,High (5-10%),4.95819877551402,2862.47539021219
EAS,East Asia & Pacific,Other,Unknown,2011,2010,5.0214601462073,5.0214601462073,High (5-10%),5.38208683103147,8240.19911455592
ECA,Europe & Central Asia (excluding high income),Other,Unknown,2011,2010,7.8583333333334,7.8583333333334,High (5-10%),8.35834122654838,5534.97431736067
ECS,Europe & Central Asia,Other,Unknown,2011,2010,3.8561124468282,3.8561124468282,Moderate (2-5%),2.32357528634286,21946.7182534558
ECU,Ecuador,South America,Upper Middle,2011,2010,4.4745326579584,4.4745326579584,Moderate (2-5%),8.48147656332823,5359.45724615639
EGY,"Egypt, Arab Rep.",Africa,Lower Middle,2011,2010,10.0649259874818,10.0649259874818,Very High (>10%),1.76457194806041,3222.37650111397
EMU,Euro area,Other,Unknown,2011,2010,3.2894493956421,3.2894493956421,Moderate (2-5%),1.77884441456963,33329.674600975
ESP,Spain,Europe,High,2011,2010,3.19610188833792,3.19610188833792,Moderate (2-5%),-0.639920636520344,25510.5579678829
EST,Estonia,Other,Unknown,2011,2010,4.9819013145361,4.9819013145361,Moderate (2-5%),7.60697458913162,15820.922342204
ETH,Ethiopia,Africa,Low,2011,2010,33.2499598823344,33.2499598823344,Very High (>10%),11.1782962297008,455.909628648555
EUU,European Union,Other,Unknown,2011,2010,3.2894493956421,3.2894493956421,Moderate (2-5%),1.96059583488466,29974.1599339174
FIN,Finland,Europe,High,2011,2010,3.4168075425521,3.4168075425521,Moderate (2-5%),2.39039455396828,44391.4535667984
FJI,Fiji,Other,Unknown,2011,2010,7.278117827085,7.278117827085,High (5-10%),2.70514231228027,4375.58083514077
FRA,France,Europe,High,2011,2010,2.11159795175,2.11159795175,Moderate (2-5%),2.43757653729007,36269.9561530888
FSM,"Micronesia, Fed. Sts.",Other,Unknown,2011,2010,5.08259403890371,5.08259403890371,High (5-10%),3.78151260504202,3006.53976237006
GAB,Gabon,Other,Unknown,2011,2010,1.26331707837421,1.26331707837421,Low (<2%),7.09175334258654,6699.23394606512
GBR,United Kingdom,Europe,High,2011,2010,3.8561124468282,3.8561124468282,Moderate (2-5%),0.851437739020326,42791.0934313474
GEO,Georgia,Other,Unknown,2011,2010,8.5429333333333,8.5429333333333,High (5-10%),7.9343365253078,3362.1030031968
GHA,Ghana,Africa,Unknown,2011,2010,8.7284593709302,8.7284593709302,High (5-10%),14.0471235803149,1537.81834019283
GIN,Guinea,Other,Unknown,2011,2010,21.3169268542577,21.3169268542577,Very High (>10%),5.61211177430975,696.199991395571
GMB,"Gambia, The",Other,Unknown,2011,2010,4.7958826618311,4.7958826618311,Moderate (2-5%),-8.13044422315659,625.464360270983
GNB,Guinea-Bissau,Other,Unknown,2011,2010,5.046102263202,5.046102263202,High (5-10%),8.08504167173554,658.953470528116
GNQ,Equatorial Guinea,Other,Unknown,2011,2010,4.805389221557,4.805389221557,Moderate (2-5%),6.52392362989873,11203.9073679091
GRC,Greece,Europe,High,2011,2010,3.3298532335065,3.3298532335065,Moderate (2-5%),-9.87677875300243,19448.255802525
GRD,Grenada,Other,Unknown,2011,2010,3.0334728033474,3.0334728033474,Moderate (2-5%),0.764773550338731,7695.37616017287
GTM,Guatemala,Other,Unknown,2011,2010,6.214123930671,6.214123930671,High (5-10%),4.16390688293349,3621.37582644774
GUY,Guyana,Other,Unknown,2011,2010,4.4073041447003,4.4073041447003,Moderate (2-5%),5.19625156051602,5133.89539813637
HIC,High income,Other,Unknown,2011,2010,3.4137454766178,3.4137454766178,Moderate (2-5%),2.00784908171023,34840.5663756104
HKG,"Hong Kong SAR, China",Other,Unknown,2011,2010,5.3052489299392,5.3052489299392,High (5-10%),4.81466801092733,39656.3184510131
HND,Honduras,Other,Unknown,2011,2010,6.7622795731476,6.7622795731476,High (5-10%),3.83569066207505,2144.56265540491
HPC,Heavily indebted poor countries (HIPC),Other,Unknown,2011,2010,6.4293968107234,6.4293968107234,High (5-10%),4.15364240429574,840.995109673087
HRV,Croatia,Other,Unknown,2011,2010,2.27272727272722,2.27272727272722,Moderate (2-5%),-0.111527124990047,11993.1337166457
HTI,Haiti,Other,Unknown,2011,2010,6.33279483849042,6.33279483849042,High (5-10%),5.09821354410036,1369.16921255852
HUN,Hungary,Other,Unknown,2011,2010,3.9299209893507,3.9299209893507,Moderate (2-5%),1.91670916599742,11536.3578996772
IBD,IBRD only,Other,Unknown,2011,2010,5.55389892257493,5.55389892257493,High (5-10%),6.34796525091978,4770.82824838185
IBT,IDA & IBRD total,Other,Unknown,2011,2010,5.79301069011207,5.79301069011207,High (5-10%),6.16961844156367,3898.12924678617
IDA,IDA total,Other,Unknown,2011,2010,6.33279483849042,6.33279483849042,High (5-10%),4.12668093578495,1242.31604652501
IDB,IDA blend,Other,Unknown,2011,2010,4.47388342165023,4.47388342165023,Moderate (2-5%),4.26532898947684,1762.43109999793
IDN,Indonesia,Asia,Lower Middle,2011,2010,5.35604849112582,5.35604849112582,High (5-10%),6.16978420771008,2799.62468790318
IDX,IDA only,Other,Unknown,2011,2010,6.7395240045165,6.7395240045165,High (5-10%),3.98715488656238,957.759251305851
IND,India,Asia,Lower Middle,2011,2010,8.9117933648336,8.9117933648336,High (5-10%),5.24131620024293,1281.61054354937
IRL,Ireland,Europe,High,2011,2010,2.5489783020855,2.5489783020855,Moderate (2-5%),1.60886648916944,47539.9181739968
IRN,"Iran, Islamic Rep.",Asia,Lower Middle,2011,2010,26.2933856738608,26.2933856738608,Very High (>10%),2.6457179180628,5321.75870744453
IRQ,Iraq,Middle East,Unknown,2011,2010,5.6040514426601,5.6040514426601,High (5-10%),7.546471200426,4030.01686860986
ISL,Iceland,Other,Unknown,2011,2010,4.0010266434312,4.0010266434312,Moderate (2-5%),1.37999669197329,50058.8302665144
ISR,Israel,Europe,High,2011,2010,3.48837209302323,3.48837209302323,Moderate (2-5%),5.51341969081251,34499.9509262825
ITA,Italy,Europe,High,2011,2010,2.78063272879323,2.78063272879323,Moderate (2-5%),0.695463154440176,32039.5032494316
JAM,Jamaica,Other,Unknown,2011,2010,7.555856465809,7.555856465809,High (5-10%),1.73037627006349,5339.62170188798
JOR,Jordan,Other,Unknown,2011,2010,4.1624416292779,4.1624416292779,Moderate (2-5%),2.90729315392207,5085.98005025386
JPN,Japan,Asia,High,2011,2010,-0.27245561610124,-0.27245561610124,Low (<2%),-0.20035785332982,33306.1802259719
KAZ,Kazakhstan,Other,Unknown,2011,2010,8.4529046617679,8.4529046617679,High (5-10%),7.40000000144188,9223.3021336315
KEN,Kenya,Africa,Low,2011,2010,14.0224913014704,14.0224913014704,Very High (>10%),5.1211061197056,1370.58000874482
KGZ,Kyrgyz Republic,Other,Unknown,2011,2010,16.6363262731495,16.6363262731495,Very High (>10%),5.95627429693504,1005.4831781815
KHM,Cambodia,Other,Unknown,2011,2010,5.4784474961745,5.4784474961745,High (5-10%),7.28665813879552,1221.38839852454
KIR,Kiribati,Other,Unknown,2011,2010,1.4974097987597,1.4974097987597,Low (<2%),3.26372719532225,1348.0602369873
KNA,St. Kitts and Nevis,Other,Unknown,2011,2010,5.8351651957086,5.8351651957086,High (5-10%),1.61660730423688,17958.6813977053
KOR,"Korea, Rep.",Asia,High,2011,2010,4.0259650043609,4.0259650043609,Moderate (2-5%),3.6880320602952,27393.455357272
KWT,Kuwait,Middle East,High,2011,2010,4.8394034987095,4.8394034987095,Moderate (2-5%),9.62863419534361,33545.346271839
LAC,Latin America & Caribbean (excluding high income),Other,Unknown,2011,2010,5.79676809206533,5.79676809206533,High (5-10%),4.41721328660691,7916.87181279329
LAO,Lao PDR,Other,Unknown,2011,2010,7.5689885610998,7.5689885610998,High (5-10%),8.03865268023725,1666.40086189871
LBN,Lebanon,Other,Unknown,2011,2010,4.97148571692384,4.97148571692384,Moderate (2-5%),0.86733987855277,8936.20027462737
LBR,Liberia,Other,Unknown,2011,2010,8.488167518494,8.488167518494,High (5-10%),8.20076822497064,646.908727016597
LBY,Libya,Other,Unknown,2011,2010,15.5184815317562,15.5184815317562,Very High (>10%),-50.3385151384986,6569.59477578957
LCA,St. Lucia,Other,Unknown,2011,2010,2.76940794144093,2.76940794144093,Moderate (2-5%),4.32694280532142,10576.8979743596
LCN,Latin America & Caribbean,Other,Unknown,2011,2010,4.87799830970702,4.87799830970702,Moderate (2-5%),4.39575762072283,8324.64861785153
LDC,Least developed countries: UN classification,Other,Unknown,2011,2010,6.61038986512481,6.61038986512481,High (5-10%),3.04728800769018,911.315681048424
LIC,Low income,Other,Unknown,2011,2010,8.0554950734896,8.0554950734896,High (5-10%),0.356264211679687,759.660124185919
LKA,Sri Lanka,Asia,Lower Middle,2011,2010,6.7167684358854,6.7167684358854,High (5-10%),8.66948301160571,3232.37349786435
LMC,Lower middle income,Other,Unknown,2011,2010,6.4293968107234,6.4293968107234,High (5-10%),4.67689963318121,1533.95313999788
LMY,Low & middle income,Other,Unknown,2011,2010,6.24243848031396,6.24243848031396,High (5-10%),6.34125454342687,3638.55326608162
LSO,Lesotho,Other,Unknown,2011,2010,5.0366305210156,5.0366305210156,High (5-10%),4.61641394528752,1031.99721564343
LTE,Late-demographic dividend,Other,Unknown,2011,2010,4.37073559939223,4.37073559939223,Moderate (2-5%),7.1689562967987,6951.29551622392
LTU,Lithuania,Other,Unknown,2011,2010,4.13027562645085,4.13027562645085,Moderate (2-5%),6.32363664821298,11836.7200384033
LUX,Luxembourg,Other,Unknown,2011,2010,3.4106834106835,3.4106834106835,Moderate (2-5%),1.0442860057217,105292.012346074
LVA,Latvia,Other,Unknown,2011,2010,4.37073559939223,4.37073559939223,Moderate (2-5%),3.03634482668815,11018.5152421583
MAC,"Macao SAR, China",Other,Unknown,2011,2010,5.80624616691043,5.80624616691043,High (5-10%),21.6223064381087,88168.9713699088
MAR,Morocco,Africa,Lower Middle,2011,2010,0.9069249096918,0.9069249096918,Low (<2%),5.52464523319847,2879.53930664063
MDA,Moldova,Other,Unknown,2011,2010,7.68725103356181,7.68725103356181,High (5-10%),5.81816614684824,2402.94446306051
MDG,Madagascar,Other,Unknown,2011,2010,9.48254048582992,9.48254048582992,High (5-10%),1.57842705366555,441.755158414121
MDV,Maldives,Other,Unknown,2011,2010,11.2734146055937,11.2734146055937,Very High (>10%),8.84342600490342,9005.81391375104
MEA,"Middle East, North Africa, Afghanistan & Pakistan",Other,Unknown,2011,2010,4.7531638888563,4.7531638888563,Moderate (2-5%),3.83839238292269,4930.78647700097
MEX,Mexico,North America,Upper Middle,2011,2010,3.40737824605742,3.40737824605742,Moderate (2-5%),3.44404505297089,9575.93437734618
MIC,Middle income,Other,Unknown,2011,2010,5.95209761898392,5.95209761898392,High (5-10%),6.45994281689148,3930.18409635282
MKD,North Macedonia,Other,Unknown,2011,2010,3.9047542206974,3.9047542206974,Moderate (2-5%),2.33988604520331,4711.13027870081
MLI,Mali,Other,Unknown,2011,2010,2.95564395229392,2.95564395229392,Moderate (2-5%),2.93537897118415,818.399030997125
MLT,Malta,Other,Unknown,2011,2010,2.9629852819288,2.9629852819288,Moderate (2-5%),0.992201768011597,20867.9213022084
MMR,Myanmar,Other,Unknown,2011,2010,5.0214601462073,5.0214601462073,High (5-10%),5.59148237823661,895.512538750361
MNA,"Middle East, North Africa, Afghanistan & Pakistan (excluding high income)",Other,Unknown,2011,2010,5.0687139477798,5.0687139477798,High (5-10%),-0.365571966010563,2791.2438124294
MNE,Montenegro,Other,Unknown,2011,2010,3.4501431124869,3.4501431124869,Moderate (2-5%),3.40978812497193,6110.65726880215
MNG,Mongolia,Other,Unknown,2011,2010,8.41121495327101,8.41121495327101,High (5-10%),17.2907775869555,3010.81642672623
MOZ,Mozambique,Other,Low,2011,2010,11.1666056127874,11.1666056127874,Very High (>10%),7.13405842300445,514.869957191994
MRT,Mauritania,Other,Unknown,2011,2010,5.68631959575954,5.68631959575954,High (5-10%),4.17278328304418,1476.23923867862
MUS,Mauritius,Other,Unknown,2011,2010,6.52249254869341,6.52249254869341,High (5-10%),4.14555262561014,8423.28220250903
MWI,Malawi,Other,Low,2011,2010,7.6228226284852,7.6228226284852,High (5-10%),4.93266999813729,517.833736624232
MYS,Malaysia,Asia,Upper Middle,2011,2010,3.1744709215131,3.1744709215131,Moderate (2-5%),5.29391283414003,8400.32248683558
NAC,North America,Other,Unknown,2011,2010,3.03448832867276,3.03448832867276,Moderate (2-5%),1.68621143369091,52118.7246769571
NAM,Namibia,Other,Unknown,2011,2010,5.005595180812,5.005595180812,High (5-10%),5.09133813864338,4302.72451368462
NCL,New Caledonia,Other,Unknown,2011,2010,2.42899693753383,2.42899693753383,Moderate (2-5%),,
NER,Niger,Other,Unknown,2011,2010,2.9423851401332,2.9423851401332,Moderate (2-5%),2.35775693603874,434.986264873953
NGA,Nigeria,Africa,Low,2011,2010,10.8261371880018,10.8261371880018,Very High (>10%),5.30792420293915,2370.97657091881
NIC,Nicaragua,Other,Unknown,2011,2010,8.082387980991,8.082387980991,High (5-10%),6.31668553491842,1786.62863418308
NLD,Netherlands,Europe,High,2011,2010,2.34107017751373,2.34107017751373,Moderate (2-5%),1.77330320575034,45239.7198745589
NOR,Norway,Europe,High,2011,2010,1.2849515880916,1.2849515880916,Low (<2%),1.38505117083945,74563.8349085669
NPL,Nepal,Asia,Lower Middle,2011,2010,9.2270754612596,9.2270754612596,High (5-10%),3.42180870116162,742.617252662576
NRU,Nauru,Other,Unknown,2011,2010,0.3003003003003,0.3003003003003,Low (<2%),14.7058823529412,5417.44487923767
NZL,New Zealand,Oceania,High,2011,2010,4.0279066739204,4.0279066739204,Moderate (2-5%),2.1445004445998,35961.911959259
OED,OECD members,Other,Unknown,2011,2010,3.37429759432522,3.37429759432522,Moderate (2-5%),1.84967918104462,34082.4870465138
OMN,Oman,Middle East,High,2011,2010,4.0421886711639,4.0421886711639,Moderate (2-5%),2.89460973541192,20993.9079436935
OSS,Other small states,Other,Unknown,2011,2010,4.47388342165023,4.47388342165023,Moderate (2-5%),3.29699198601598,10048.9525362804
PAK,Pakistan,Asia,Lower Middle,2011,2010,11.9160927116277,11.9160927116277,Very High (>10%),2.68011685421705,1261.83161907857
PAN,Panama,Other,Unknown,2011,2010,5.87580243678763,5.87580243678763,High (5-10%),11.9088772249531,11761.4988547604
PER,Peru,South America,Upper Middle,2011,2010,3.36931095333853,3.36931095333853,Moderate (2-5%),6.32719240161117,5453.45718713631
PHL,Philippines,Asia,Lower Middle,2011,2010,4.7184170471842,4.7184170471842,Moderate (2-5%),3.85823282795663,2416.75212064542
PLW,Palau,Other,Unknown,2011,2010,4.6746987951807,4.6746987951807,Moderate (2-5%),4.5453422056307,13758.7587383152
PNG,Papua New Guinea,Other,Unknown,2011,2010,4.44083401028971,4.44083401028971,Moderate (2-5%),1.10754362619616,2102.03192060639
POL,Poland,Europe,Unknown,2011,2010,4.23940149625932,4.23940149625932,Moderate (2-5%),5.25546256612796,11370.313427173
PRE,Pre-demographic dividend,Other,Unknown,2011,2010,6.4293968107234,6.4293968107234,High (5-10%),4.1553757689192,1429.48857229998
PRT,Portugal,Europe,High,2011,2010,3.6530110043073,3.6530110043073,Moderate (2-5%),-1.71352745905065,19389.6395896162
PRY,Paraguay,South America,Upper Middle,2011,2010,8.2539682539683,8.2539682539683,High (5-10%),4.28637120702282,5342.19015717376
PSE,West Bank and Gaza,Other,Unknown,2011,2010,2.8772435849594,2.8772435849594,Moderate (2-5%),9.60080848913594,3128.10811061384
PSS,Pacific island small states,Other,Unknown,2011,2010,4.87864641704221,4.87864641704221,Moderate (2-5%),3.84498686299419,3527.86024214419
PST,Post-demographic dividend,Other,Unknown,2011,2010,3.3298532335065,3.3298532335065,Moderate (2-5%),1.6356329351827,38818.0285097988
QAT,Qatar,Middle East,High,2011,2010,1.13836623529202,1.13836623529202,Low (<2%),13.0214050496923,83533.4963791019
ROU,Romania,Other,Unknown,2011,2010,5.7892532881588,5.7892532881588,High (5-10%),4.49558909946313,8044.57194920892
RUS,Russian Federation,Europe,Upper Middle,2011,2010,8.4404648593257,8.4404648593257,High (5-10%),4.30002918604238,9120.8203125
RWA,Rwanda,Other,Low,2011,2010,3.0801706924026,3.0801706924026,Moderate (2-5%),7.95838869909085,610.376236415572
SAS,South Asia,Other,Unknown,2011,2010,9.0694344130466,9.0694344130466,High (5-10%),5.45109403255725,1272.07513801273
SAU,Saudi Arabia,Asia,High,2011,2010,5.8262163739404,5.8262163739404,High (5-10%),11.758820686671,23314.5576023168
SDN,Sudan,Other,Unknown,2011,2010,18.0966171221351,18.0966171221351,Very High (>10%),-3.21353209253371,1388.21813964844
SEN,Senegal,Other,Unknown,2011,2010,3.40322829786971,3.40322829786971,Moderate (2-5%),1.33409107961258,1139.74447892639
SGP,Singapore,Asia,High,2011,2010,5.25115624639373,5.25115624639373,High (5-10%),6.21493416858989,50713.5326393594
SLB,Solomon Islands,Other,Unknown,2011,2010,7.34270706018,7.34270706018,High (5-10%),7.43023752099302,2132.02844199392
SLE,Sierra Leone,Other,Unknown,2011,2010,6.79138291952621,6.79138291952621,High (5-10%),8.10065518714917,950.760763054593
SLV,El Salvador,Other,Unknown,2011,2010,5.1289237668161,5.1289237668161,High (5-10%),3.80688113429295,3515.19664634846
SMR,San Marino,Other,Unknown,2011,2010,2.89979584300123,2.89979584300123,Moderate (2-5%),-8.3147735708983,46450.0042070199
SRB,Serbia,Other,Unknown,2011,2010,11.1373976342129,11.1373976342129,Very High (>10%),0.0542724836581954,5737.00120175811
SSA,Sub-Saharan Africa (excluding high income),Other,Unknown,2011,2010,5.68631959575954,5.68631959575954,High (5-10%),4.28795897854658,1564.97360700684
SSD,South Sudan,Other,Unknown,2011,2010,46.8521757193597,46.8521757193597,Very High (>10%),-4.64031673600859,2073.23981819145
SSF,Sub-Saharan Africa,Other,Unknown,2011,2010,5.36621092948077,5.36621092948077,High (5-10%),4.29214102609687,1566.14176154754
SST,Small states,Other,Unknown,2011,2010,4.4073041447003,4.4073041447003,Moderate (2-5%),2.53147178044759,10066.3427831055
STP,Sao Tome and Principe,Other,Unknown,2011,2010,14.3271667616801,14.3271667616801,Very High (>10%),1.99943210333259,1214.96130276731
SUR,Suriname,Other,Unknown,2011,2010,17.7117796414558,17.7117796414558,Very High (>10%),5.84936767173009,9003.28597674886
SVK,Slovak Republic,Other,Unknown,2011,2010,3.91928599146291,3.91928599146291,Moderate (2-5%),2.56242473215553,14950.8735178599
SVN,Slovenia,Other,Unknown,2011,2010,1.8028517194191,1.8028517194191,Low (<2%),0.655438128379743,20535.4155754108
SWE,Sweden,Europe,High,2011,2010,2.9611507382214,2.9611507382214,Moderate (2-5%),3.16388567406926,49356.5905257047
SWZ,Eswatini,Other,Unknown,2011,2010,6.10742714590251,6.10742714590251,High (5-10%),1.83973625916165,3108.70225253092
SXM,Sint Maarten (Dutch part),Other,Unknown,2011,2010,4.58475435650401,4.58475435650401,Moderate (2-5%),4.60000341415395,39615.1371367338
SYC,Seychelles,Other,Unknown,2011,2010,2.55926772230953,2.55926772230953,Moderate (2-5%),9.5097833517957,13843.7116081878
SYR,Syrian Arab Republic,Other,Unknown,2011,2010,4.7531638888563,4.7531638888563,Moderate (2-5%),2.8502205980333,1542.71903961106
TCD,Chad,Other,Unknown,2011,2010,2.0292405367826,2.0292405367826,Moderate (2-5%),4.49542967058827,965.286963559567
TEA,East Asia & Pacific (IDA & IBRD countries),Other,Unknown,2011,2010,5.15900497684403,5.15900497684403,High (5-10%),8.58526373940811,5227.95136482515
TEC,Europe & Central Asia (IDA & IBRD countries),Other,Unknown,2011,2010,7.66862955607738,7.66862955607738,High (5-10%),5.88037781104649,7380.61822115828
TGO,Togo,Other,Unknown,2011,2010,3.5635147290396,3.5635147290396,Moderate (2-5%),5.82325622135289,706.442158827353
THA,Thailand,Asia,Upper Middle,2011,2010,3.81191694558332,3.81191694558332,Moderate (2-5%),0.840132083053334,5070.23740191942
TJK,Tajikistan,Other,Unknown,2011,2010,12.4315490430406,12.4315490430406,Very High (>10%),7.40000059956711,809.368229154093
TLA,Latin America & the Caribbean (IDA & IBRD countries),Other,Unknown,2011,2010,5.46284592944072,5.46284592944072,High (5-10%),4.56412247168292,8183.49690860235
TLS,Timor-Leste,Other,Unknown,2011,2010,13.499840238577,13.499840238577,Very High (>10%),5.95855605611087,1237.48383284275
TMN,"Middle East, North Africa, Afghanistan & Pakistan (IDA & IBRD)",Other,Unknown,2011,2010,5.33638269521995,5.33638269521995,High (5-10%),-0.432970438519078,2789.01231595172
TON,Tonga,Other,Unknown,2011,2010,6.27075302995692,6.27075302995692,High (5-10%),6.70369746238768,3892.76807750666
TSA,South Asia (IDA & IBRD),Other,Unknown,2011,2010,9.0694344130466,9.0694344130466,High (5-10%),5.45109403255725,1272.07513801273
TSS,Sub-Saharan Africa (IDA & IBRD countries),Other,Unknown,2011,2010,5.36621092948077,5.36621092948077,High (5-10%),4.2921410260969,1566.14176154754
TTO,Trinidad and Tobago,Other,Unknown,2011,2010,5.1071328926456,5.1071328926456,High (5-10%),-0.294354409043763,17746.509252615
TUN,Tunisia,Africa,Upper Middle,2011,2010,3.24002842009531,3.24002842009531,Moderate (2-5%),-2.04663389535644,3784.7412903401
TUR,Turkiye,Europe,Upper Middle,2011,2010,6.471879671151,6.471879671151,High (5-10%),10.9799625273598,9265.85910238578
TUV,Tuvalu,Other,Unknown,2011,2010,0.5005807431527,0.5005807431527,Low (<2%),6.81818181818181,3028.2511217061
TZA,Tanzania,Other,Low,2011,2010,12.6909694699162,12.6909694699162,Very High (>10%),7.67215543486064,838.999267578125
UGA,Uganda,Other,Low,2011,2010,16.5643496174515,16.5643496174515,Very High (>10%),9.3916554927176,816.516366587228
UKR,Ukraine,Other,Unknown,2011,2010,7.95572466274652,7.95572466274652,High (5-10%),5.44528081048476,2418.12084960938
UMC,Upper middle income,Other,Unknown,2011,2010,5.55389892257493,5.55389892257493,High (5-10%),6.86028171206145,5988.84011702199
URY,Uruguay,South America,High,2011,2010,8.0928320630299,8.0928320630299,High (5-10%),5.16213302463606,15443.9961926395
USA,United States,North America,High,2011,2010,3.156841568622,3.156841568622,Moderate (2-5%),1.56440685205419,53215.5362314388
UZB,Uzbekistan,Other,Unknown,2011,2010,13.7797446476602,13.7797446476602,Very High (>10%),8.12793681625645,2512.68783806993
VCT,St. Vincent and the Grenadines,Other,Unknown,2011,2010,3.1860311155246,3.1860311155246,Moderate (2-5%),-0.60627665148327,6674.58198966102
VEN,"Venezuela, RB",South America,Unknown,2011,2010,26.0902123160959,26.0902123160959,Very High (>10%),4.12186379928315,4444.55159079494
VNM,Viet Nam,Asia,Lower Middle,2011,2010,18.6777322770706,18.6777322770706,Very High (>10%),6.41316889681683,2132.90453762087
VUT,Vanuatu,Other,Unknown,2011,2010,0.8737931047811,0.8737931047811,Low (<2%),3.13980290023437,3244.13703026186
WLD,World,Other,Unknown,2011,2010,4.80063594169405,4.80063594169405,Moderate (2-5%),3.31431839310667,9514.51951048996
WSM,Samoa,Other,Unknown,2011,2010,5.23541591478434,5.23541591478434,High (5-10%),3.84907794660396,4201.45663738908
XKX,Kosovo,Other,Unknown,2011,2010,7.3364177131527,7.3364177131527,High (5-10%),6.31981022896761,2995.64811314457
YEM,"Yemen, Rep.",Other,Unknown,2011,2010,19.5435617131144,19.5435617131144,Very High (>10%),-12.7148969035133,1994.83663337222
ZAF,South Africa,Africa,Upper Middle,2011,2010,5.0008533879502,5.0008533879502,High (5-10%),3.16855627858818,6067.12482726885
ZMB,Zambia,Other,Unknown,2011,2010,6.4293968107234,6.4293968107234,High (5-10%),5.56925219263019,1208.46424569634
ZWE,Zimbabwe,Other,Unknown,2011,2010,3.4661297281749,3.4661297281749,Moderate (2-5%),14.1939156801139,1184.93421020563
ABW,Aruba,Other,Unknown,2012,2010,0.627471992893372,0.627471992893372,Low (<2%),-1.04079988436683,25444.7336646687
AFE,Africa Eastern and Southern,Other,Unknown,2012,2010,9.15870843167905,9.15870843167905,High (5-10%),1.88012979444004,1452.76568595828
AFG,Afghanistan,Other,Unknown,2012,2010,6.44121280934117,6.44121280934117,High (5-10%),12.7522870926697,568.929021458341
AFW,Africa Western and Central,Other,Unknown,2012,2010,4.57837463515948,4.57837463515948,Moderate (2-5%),5.12968971306577,1752.04877339883
AGO,Angola,Africa,Lower Middle,2012,2010,10.2779049218839,10.2779049218839,Very High (>10%),8.50312283866612,3682.35229323075
ALB,Albania,Other,Unknown,2012,2010,2.03159268395296,2.03159268395296,Moderate (2-5%),0.984129880204108,3771.84781862015
ARB,Arab World,Other,Unknown,2012,2010,4.6118443220664,4.6118443220664,Moderate (2-5%),5.48137966421484,6235.42337538268
ARE,United Arab Emirates,Middle East,High,2012,2010,0.662268900269009,0.662268900269009,Low (<2%),4.68325642918792,43958.5779670713
ARM,Armenia,Other,Unknown,2012,2010,2.55802007757907,2.55802007757907,Moderate (2-5%),7.20000000096486,3159.75860786889
ATG,Antigua and Barbuda,Other,Unknown,2012,2010,3.37688044338874,3.37688044338874,Moderate (2-5%),3.37314273947959,15989.3900199779
AUS,Australia,Oceania,High,2012,2010,1.76278299052228,1.76278299052228,Low (<2%),3.95247138119184,55465.4462872577
AUT,Austria,Europe,High,2012,2010,2.48567562177015,2.48567562177015,Moderate (2-5%),0.628246239479637,44221.4599530893
AZE,Azerbaijan,Other,Unknown,2012,2010,1.06621339720303,1.06621339720303,Low (<2%),2.20293891708398,5193.17501119552
BDI,Burundi,Other,Unknown,2012,2010,18.1610453065451,18.1610453065451,Very High (>10%),4.42303118490126,256.180393931874
BEL,Belgium,Europe,High,2012,2010,2.83966343445899,2.83966343445899,Moderate (2-5%),0.215803612089744,40074.492800399
BEN,Benin,Other,Unknown,2012,2010,6.74468253340712,6.74468253340712,High (5-10%),4.811223315688,943.918771531001
BFA,Burkina Faso,Other,Unknown,2012,2010,3.8181524025238,3.8181524025238,Moderate (2-5%),6.45267237953146,600.731343697818
BGD,Bangladesh,Asia,Lower Middle,2012,2010,6.21750422069284,6.21750422069284,High (5-10%),6.52145877906443,1050.39140404066
BGR,Bulgaria,Other,Unknown,2012,2010,2.95456829831012,2.95456829831012,Moderate (2-5%),0.748814556346105,6693.76983060797
BHR,Bahrain,Middle East,High,2012,2010,2.75739669962979,2.75739669962979,Moderate (2-5%),3.80302899043062,23894.8804447088
BHS,"Bahamas, The",Other,Unknown,2012,2010,1.97336755976254,1.97336755976254,Low (<2%),4.52003886739061,31553.4919490645
BIH,Bosnia and Herzegovina,Other,Unknown,2012,2010,2.05267452001717,2.05267452001717,Moderate (2-5%),-0.821837252962993,4139.91732773657
BLR,Belarus,Other,Unknown,2012,2010,59.2197360232519,59.2197360232519,Very High (>10%),1.70785253368828,6052.6373706236
BLZ,Belize,Other,Unknown,2012,2010,1.30058074547858,1.30058074547858,Low (<2%),3.94389321816617,5902.74234696881
BOL,Bolivia,South America,Upper Middle,2012,2010,4.51560291399376,4.51560291399376,Moderate (2-5%),5.12227560125973,2657.2388497837
BRA,Brazil,South America,Upper Middle,2012,2010,5.40349914036997,5.40349914036997,High (5-10%),1.92117598576537,9167.49923929815
BRB,Barbados,Other,Unknown,2012,2010,4.53334753888775,4.53334753888775,Moderate (2-5%),-2.85797051387257,20534.8825878653
BRN,Brunei Darussalam,Other,Unknown,2012,2010,0.111766261400307,0.111766261400307,Low (<2%),0.913135189664487,33544.5389457877
BTN,Bhutan,Other,Unknown,2012,2010,10.919656944683,10.919656944683,Very High (>10%),5.16482012683895,2654.74798946027
BWA,Botswana,Other,Unknown,2012,2010,7.53690261091916,7.53690261091916,High (5-10%),-0.170857099335691,5742.91924452636
CAF,Central African Republic,Other,Unknown,2012,2010,5.47829594346117,5.47829594346117,High (5-10%),5.05376125356918,553.729578314912
CAN,Canada,North America,High,2012,2010,1.51567823124517,1.51567823124517,Low (<2%),1.75566133205234,42320.6856530018
CEB,Central Europe and the Baltics,Other,Unknown,2012,2010,3.33492267693442,3.33492267693442,Moderate (2-5%),0.837973326874717,11544.5713277541
CHE,Switzerland,Europe,High,2012,2010,-0.692552018105163,-0.692552018105163,Low (<2%),1.12413575027705,83354.0207485188
CHL,Chile,South America,High,2012,2010,3.00744840213047,3.00744840213047,Moderate (2-5%),6.15534001855494,12882.834417927
CHN,China,Asia,Upper Middle,2012,2010,2.61952432645541,2.61952432645541,Moderate (2-5%),7.8578201481217,6723.09003744607
CIV,Cote d'Ivoire,Africa,Lower Middle,2012,2010,1.30451119915606,1.30451119915606,Low (<2%),7.62041176451649,1503.43433046682
CMR,Cameroon,Africa,Lower Middle,2012,2010,2.73529677529539,2.73529677529539,Moderate (2-5%),4.62597872209571,1319.66961634054
COD,"Congo, Dem. Rep.",Other,Unknown,2012,2010,9.72182806273364,9.72182806273364,High (5-10%),8.66859360586926,408.966232816288
COG,"Congo, Rep.",Other,Unknown,2012,2010,5.01018773134471,5.01018773134471,High (5-10%),9.94715314257564,2467.06102906839
COL,Colombia,South America,Upper Middle,2012,2010,3.16930188840055,3.16930188840055,Moderate (2-5%),3.91263576716115,5675.75617978305
COM,Comoros,Other,Unknown,2012,2010,6.31474450315177,6.31474450315177,High (5-10%),3.1684098843342,1313.58187559666
CPV,Cabo Verde,Other,Unknown,2012,2010,2.54039644167109,2.54039644167109,Moderate (2-5%),1.08364848376166,3341.7421054836
CRI,Costa Rica,Other,Unknown,2012,2010,4.49545314354605,4.49545314354605,Moderate (2-5%),4.88259252932575,11001.5193084396
CSS,Caribbean small states,Other,Unknown,2012,2010,2.50461059084482,2.50461059084482,Moderate (2-5%),4.11419015906178,14203.8255539522
CUW,Curacao,Other,Unknown,2012,2010,3.18398746349455,3.18398746349455,Moderate (2-5%),-0.34895082430242,20277.5111916571
CYM,Cayman Islands,Other,Unknown,2012,2010,1.18894845245608,1.18894845245608,Low (<2%),1.22975365701149,77074.3890872511
CYP,Cyprus,Other,Unknown,2012,2010,2.38905410042326,2.38905410042326,Moderate (2-5%),-3.44738151374587,24285.484375
CZE,Czechia,Other,Unknown,2012,2010,3.28762306610411,3.28762306610411,Moderate (2-5%),-0.770668190622743,16772.3539223328
DEU,Germany,Europe,High,2012,2010,2.00848884782956,2.00848884782956,Moderate (2-5%),0.463512036709204,40834.5088218456
DJI,Djibouti,Other,Unknown,2012,2010,3.73120950756887,3.73120950756887,Moderate (2-5%),,
DMA,Dominica,Other,Unknown,2012,2010,1.3567714780886,1.3567714780886,Low (<2%),-0.15739179314221,8532.34388117289
DNK,Denmark,Europe,High,2012,2010,2.3979148566464,2.3979148566464,Moderate (2-5%),-0.0054323016167074,51470.689845427
DOM,Dominican Republic,Other,Unknown,2012,2010,3.69449707884777,3.69449707884777,Moderate (2-5%),2.77567100848816,5860.29893321013
DZA,Algeria,Africa,Upper Middle,2012,2010,8.89145091062317,8.89145091062317,High (5-10%),2.40000000034432,4518.43978956464
EAP,East Asia & Pacific (excluding high income),Other,Unknown,2012,2010,3.02696391124796,3.02696391124796,Moderate (2-5%),7.58043870245959,5511.80083123891
EAR,Early-demographic dividend,Other,Unknown,2012,2010,5.01827254237431,5.01827254237431,High (5-10%),4.23328826662316,2939.37593158074
EAS,East Asia & Pacific,Other,Unknown,2012,2010,2.97190109848654,2.97190109848654,Moderate (2-5%),5.26477108258987,8603.6234263906
ECA,Europe & Central Asia (excluding high income),Other,Unknown,2012,2010,3.31605566687647,3.31605566687647,Moderate (2-5%),4.09057228077401,5714.90712667646
ECS,Europe & Central Asia,Other,Unknown,2012,2010,2.77333854051576,2.77333854051576,Moderate (2-5%),0.320243354807246,21930.9259023068
ECU,Ecuador,South America,Upper Middle,2012,2010,5.10172180958666,5.10172180958666,High (5-10%),5.783212336172,5579.85624282158
EGY,"Egypt, Arab Rep.",Africa,Lower Middle,2012,2010,7.11172943343083,7.11172943343083,High (5-10%),2.22619979818487,3220.99194201188
EMU,Euro area,Other,Unknown,2012,2010,2.59741386039003,2.59741386039003,Moderate (2-5%),-0.913859085753131,32959.6032104989
ESP,Spain,Europe,High,2012,2010,2.44612782366809,2.44612782366809,Moderate (2-5%),-2.86511368637748,24763.568274484
EST,Estonia,Other,Unknown,2012,2010,3.93339987296985,3.93339987296985,Moderate (2-5%),3.67201872506541,16460.6843479001
ETH,Ethiopia,Africa,Low,2012,2010,23.600417677317,23.600417677317,Very High (>10%),8.64781163513926,481.639999909808
EUU,European Union,Other,Unknown,2012,2010,2.66284165508011,2.66284165508011,Moderate (2-5%),-0.764412939041037,29700.9101574933
FIN,Finland,Europe,High,2012,2010,2.80833622561574,2.80833622561574,Moderate (2-5%),-1.52284013040689,43507.9345371578
FJI,Fiji,Other,Unknown,2012,2010,3.42337523401979,3.42337523401979,Moderate (2-5%),1.41131415220703,4427.97841523552
FRA,France,Europe,High,2012,2010,1.9541953161351,1.9541953161351,Low (<2%),0.183835264973013,36161.2918253465
FSM,"Micronesia, Fed. Sts.",Other,Unknown,2012,2010,5.01850353045616,5.01850353045616,High (5-10%),-1.61943319838058,2952.58709656817
GAB,Gabon,Other,Unknown,2012,2010,2.65241828695626,2.65241828695626,Moderate (2-5%),5.25107691750407,6803.22668079211
GBR,United Kingdom,Europe,High,2012,2010,2.5732347965453,2.5732347965453,Moderate (2-5%),1.52826034721852,43136.7006795996
GEO,Georgia,Other,Unknown,2012,2010,-0.943658853270964,-0.943658853270964,Low (<2%),6.57883101954195,3609.780798626
GHA,Ghana,Africa,Unknown,2012,2010,11.1863409441067,11.1863409441067,Very High (>10%),9.2927894063005,1640.54072088003
GIN,Guinea,Other,Unknown,2012,2010,15.2262941038638,15.2262941038638,Very High (>10%),5.91528626133322,719.505916794546
GMB,"Gambia, The",Other,Unknown,2012,2010,4.25432199813899,4.25432199813899,Moderate (2-5%),5.24156924630741,639.139881889048
GNB,Guinea-Bissau,Other,Unknown,2012,2010,2.13054580274503,2.13054580274503,Moderate (2-5%),-1.71286958446419,630.66862302825
GNQ,Equatorial Guinea,Other,Unknown,2012,2010,3.65662048278806,3.65662048278806,Moderate (2-5%),8.31287184445641,11650.7196270884
GRC,Greece,Europe,High,2012,2010,1.50152696177758,1.50152696177758,Low (<2%),-8.33113421099992,17924.6620496886
GRD,Grenada,Other,Unknown,2012,2010,2.41077704021862,2.41077704021862,Moderate (2-5%),-1.15483816409801,7559.5628483956
GTM,Guatemala,Other,Unknown,2012,2010,3.78180754679678,3.78180754679678,Moderate (2-5%),2.97470856847661,3655.57490299412
GUY,Guyana,Other,Unknown,2012,2010,2.39057526653742,2.39057526653742,Moderate (2-5%),5.27633062046809,5403.79899428921
HIC,High income,Other,Unknown,2012,2010,2.71011917735495,2.71011917735495,Moderate (2-5%),1.50928803370365,35159.0555187547
HKG,"Hong Kong SAR, China",Other,Unknown,2012,2010,4.05390950903844,4.05390950903844,Moderate (2-5%),1.70032214482865,39887.8192650568
HND,Honduras,Other,Unknown,2012,2010,5.19618615531848,5.19618615531848,High (5-10%),4.12868774866939,2188.39378817891
HPC,Heavily indebted poor countries (HIPC),Other,Unknown,2012,2010,6.31474450315177,6.31474450315177,High (5-10%),4.04293845307305,850.90537224906
HRV,Croatia,Other,Unknown,2012,2010,3.41207349081368,3.41207349081368,Moderate (2-5%),-2.23702049605232,11780.5853491253
HTI,Haiti,Other,Unknown,2012,2010,5.01804155429246,5.01804155429246,High (5-10%),0.502424403581585,1354.88546124499
HUN,Hungary,Other,Unknown,2012,2010,5.65214517088646,5.65214517088646,High (5-10%),-1.33948446518181,11440.7622718825
IBD,IBRD only,Other,Unknown,2012,2010,4.2795142691943,4.2795142691943,Moderate (2-5%),5.46243794859487,4977.09090605651
IBT,IDA & IBRD total,Other,Unknown,2012,2010,5.00686319367273,5.00686319367273,High (5-10%),5.30457218076941,4049.02401734632
IDA,IDA total,Other,Unknown,2012,2010,5.59607014268585,5.59607014268585,High (5-10%),3.45766587825051,1256.89332471361
IDB,IDA blend,Other,Unknown,2012,2010,4.17763587102515,4.17763587102515,Moderate (2-5%),4.54052627515023,1800.98680407865
IDN,Indonesia,Asia,Lower Middle,2012,2010,4.2795142691943,4.2795142691943,Moderate (2-5%),6.03005065305615,2930.518445323
IDX,IDA only,Other,Unknown,2012,2010,6.05143662139967,6.05143662139967,High (5-10%),2.36503313187852,958.993364993698
IND,India,Asia,Lower Middle,2012,2010,9.47899691419793,9.47899691419793,High (5-10%),5.45638755164772,1333.09626557649
IRL,Ireland,Europe,High,2012,2010,1.69474116680366,1.69474116680366,Low (<2%),-0.40502941658977,47147.1604669421
IRN,"Iran, Islamic Rep.",Asia,Lower Middle,2012,2010,27.2568127242908,27.2568127242908,Very High (>10%),-3.74717139864109,5058.64637811835
IRQ,Iraq,Middle East,Unknown,2012,2010,6.0890964159516,6.0890964159516,High (5-10%),13.9364301737537,4387.90469058707
ISL,Iceland,Other,Unknown,2012,2010,5.18589988750698,5.18589988750698,High (5-10%),1.16931174934061,50375.4117054195
ISR,Israel,Europe,High,2012,2010,1.67553715750052,1.67553715750052,Low (<2%),2.40993765217618,34685.0915981013
ITA,Italy,Europe,High,2012,2010,3.04136333226775,3.04136333226775,Moderate (2-5%),-3.12523877282996,30953.4147447427
JAM,Jamaica,Other,Unknown,2012,2010,6.87397708674309,6.87397708674309,High (5-10%),-0.613636042132399,5284.00852557589
JOR,Jordan,Other,Unknown,2012,2010,4.5152295667099,4.5152295667099,Moderate (2-5%),2.40465716535539,5135.0327939589
JPN,Japan,Asia,High,2012,2010,-0.0440645104432602,-0.0440645104432602,Low (<2%),1.64893452981225,33909.4911855243
KAZ,Kazakhstan,Other,Unknown,2012,2010,5.19568369035073,5.19568369035073,High (5-10%),4.79999999528297,9531.91477617058
KEN,Kenya,Africa,Low,2012,2010,9.37777003547598,9.37777003547598,High (5-10%),4.56867961444982,1396.30178709756
KGZ,Kyrgyz Republic,Other,Unknown,2012,2010,2.76844236540957,2.76844236540957,Moderate (2-5%),-0.0881501998439376,985.8472865972
KHM,Cambodia,Other,Unknown,2012,2010,2.93431609293951,2.93431609293951,Moderate (2-5%),7.65025657870362,1295.25271477893
KIR,Kiribati,Other,Unknown,2012,2010,-3.04586292775571,-3.04586292775571,Low (<2%),5.80365974645258,1405.5029344967
KNA,St. Kitts and Nevis,Other,Unknown,2012,2010,0.816089281562459,0.816089281562459,Low (<2%),-0.737636737448398,17770.4963640576
KOR,"Korea, Rep.",Asia,High,2012,2010,2.18707104433314,2.18707104433314,Moderate (2-5%),2.54766550568242,27944.0564190045
KWT,Kuwait,Middle East,High,2012,2010,3.25514600287211,3.25514600287211,Moderate (2-5%),6.62587485078971,33578.3309651964
LAC,Latin America & Caribbean (excluding high income),Other,Unknown,2012,2010,4.11150981070289,4.11150981070289,Moderate (2-5%),2.44060941447695,8023.11594740369
LAO,Lao PDR,Other,Unknown,2012,2010,4.2551267783209,4.2551267783209,Moderate (2-5%),8.02609843461283,1774.63585203672
LBN,Lebanon,Other,Unknown,2012,2010,6.58147447683677,6.58147447683677,High (5-10%),2.56479133680038,8920.8056984673
LBR,Liberia,Other,Unknown,2012,2010,6.83178703418548,6.83178703418548,High (5-10%),7.99381444555367,674.360011422232
LBY,Libya,Other,Unknown,2012,2010,6.05980392156855,6.05980392156855,High (5-10%),86.8267484395784,12599.258882136
LCA,St. Lucia,Other,Unknown,2012,2010,4.17763587102515,4.17763587102515,Moderate (2-5%),-0.108756148262358,10517.2777635533
LCN,Latin America & Caribbean,Other,Unknown,2012,2010,3.78180754679678,3.78180754679678,Moderate (2-5%),2.64583304322979,8454.76965680889
LDC,Least developed countries: UN classification,Other,Unknown,2012,2010,6.31474450315177,6.31474450315177,High (5-10%),3.29372099348686,919.308093708723
LIC,Low income,Other,Unknown,2012,2010,7.17420534041191,7.17420534041191,High (5-10%),-3.15353541968391,716.09065527899
LKA,Sri Lanka,Asia,Lower Middle,2012,2010,7.54291373239437,7.54291373239437,High (5-10%),8.6321813769906,3484.79048392653
LMC,Lower middle income,Other,Unknown,2012,2010,6.05143662139967,6.05143662139967,High (5-10%),5.04178189062404,1584.66060846163
LMY,Low & middle income,Other,Unknown,2012,2010,5.01850353045616,5.01850353045616,High (5-10%),5.49917464653294,3784.75096839907
LSO,Lesotho,Other,Unknown,2012,2010,6.05143662139967,6.05143662139967,High (5-10%),6.33408374679448,1086.39034816283
LTE,Late-demographic dividend,Other,Unknown,2012,2010,3.31605566687647,3.31605566687647,Moderate (2-5%),5.88568857687208,7306.62850181868
LTU,Lithuania,Other,Unknown,2012,2010,3.08998277055417,3.08998277055417,Moderate (2-5%),4.38290584355157,12516.6184065667
LUX,Luxembourg,Other,Unknown,2012,2010,2.66284165508011,2.66284165508011,Moderate (2-5%),1.64971134354685,104489.298083328
LVA,Latvia,Other,Unknown,2012,2010,2.25778924374585,2.25778924374585,Moderate (2-5%),7.30524057200897,11971.0107466522
MAC,"Macao SAR, China",Other,Unknown,2012,2010,6.10738928336549,6.10738928336549,High (5-10%),9.21747479596735,93192.885853941
MAR,Morocco,Africa,Lower Middle,2012,2010,1.28712240079219,1.28712240079219,Low (<2%),3.06234368502997,2927.45043945313
MDA,Moldova,Other,Unknown,2012,2010,4.54633427355302,4.54633427355302,Moderate (2-5%),-0.589733954762579,2389.08666147529
MDG,Madagascar,Other,Unknown,2012,2010,5.71384434191053,5.71384434191053,High (5-10%),3.01114811621208,442.641500123543
MDV,Maldives,Other,Unknown,2012,2010,10.884695658563,10.884695658563,Very High (>10%),2.38928797963442,8907.66134868182
MEA,"Middle East, North Africa, Afghanistan & Pakistan",Other,Unknown,2012,2010,4.5152295667099,4.5152295667099,Moderate (2-5%),4.23895465902955,5027.92406494544
MEX,Mexico,North America,Upper Middle,2012,2010,4.11150981070289,4.11150981070289,Moderate (2-5%),3.55321076010608,9782.51776251839
MIC,Middle income,Other,Unknown,2012,2010,4.54633427355302,4.54633427355302,Moderate (2-5%),5.6609285494514,4099.73864141949
MKD,North Macedonia,Other,Unknown,2012,2010,3.31605566687647,3.31605566687647,Moderate (2-5%),-0.456183223607937,4708.05168535923
MLI,Mali,Other,Unknown,2012,2010,5.32312847064058,5.32312847064058,High (5-10%),-1.07239924147837,786.323471337187
MLT,Malta,Other,Unknown,2012,2010,2.37582057760386,2.37582057760386,Moderate (2-5%),4.10167460261891,21529.3882643778
MMR,Myanmar,Other,Unknown,2012,2010,1.46758322674679,1.46758322674679,Low (<2%),7.33267044704149,953.123081923425
MNA,"Middle East, North Africa, Afghanistan & Pakistan (excluding high income)",Other,Unknown,2012,2010,6.44121280934117,6.44121280934117,High (5-10%),3.55312613106749,2833.14222876831
MNE,Montenegro,Other,Unknown,2012,2010,4.14524724981119,4.14524724981119,Moderate (2-5%),-2.48732882965353,5948.37632539014
MNG,Mongolia,Other,Unknown,2012,2010,14.3303348325838,14.3303348325838,Very High (>10%),12.3198198494032,3318.16496597089
MOZ,Mozambique,Other,Low,2012,2010,2.60245456956618,2.60245456956618,Moderate (2-5%),7.9945031610722,540.2945177803
MRT,Mauritania,Other,Unknown,2012,2010,4.90242727217997,4.90242727217997,Moderate (2-5%),4.47001318233693,1492.69966692583
MUS,Mauritius,Other,Unknown,2012,2010,3.85216033315983,3.85216033315983,Moderate (2-5%),3.51062090167264,8694.84560747968
MWI,Malawi,Other,Low,2012,2010,21.2712650013779,21.2712650013779,Very High (>10%),1.90000000072909,512.74031797451
MYS,Malaysia,Asia,Upper Middle,2012,2010,1.66357102479206,1.66357102479206,Low (<2%),5.47345419253853,8710.52671359902
NAC,North America,Other,Unknown,2012,2010,1.79250774825292,1.79250774825292,Low (<2%),2.24337856187134,52849.308994613
NAM,Namibia,Other,Unknown,2012,2010,6.72199777334886,6.72199777334886,High (5-10%),5.0616820696264,4420.96741373862
NCL,New Caledonia,Other,Unknown,2012,2010,1.74967234600262,1.74967234600262,Low (<2%),,
NER,Niger,Other,Unknown,2012,2010,0.455089820359289,0.455089820359289,Low (<2%),10.5489445763446,463.066265496402
NGA,Nigeria,Africa,Low,2012,2010,12.2242413020582,12.2242413020582,Very High (>10%),4.23006117492493,2403.65387896987
NIC,Nicaragua,Other,Unknown,2012,2010,7.1935505333896,7.1935505333896,High (5-10%),6.4961364710876,1876.1759720149
NLD,Netherlands,Europe,High,2012,2010,2.45554765291614,2.45554765291614,Moderate (2-5%),-0.977826121310997,44631.8855633239
NOR,Norway,Europe,High,2012,2010,0.696864111498263,0.696864111498263,Low (<2%),2.82395673492459,75669.0612719716
NPL,Nepal,Asia,Lower Middle,2012,2010,9.45980980357125,9.45980980357125,High (5-10%),4.67014192446953,775.310578479839
NRU,Nauru,Other,Unknown,2012,2010,-0.124750499001971,-0.124750499001971,Low (<2%),24.3589743589745,6626.18317072945
NZL,New Zealand,Oceania,High,2012,2010,1.05991318445632,1.05991318445632,Low (<2%),2.30256429520961,36588.819747177
OED,OECD members,Other,Unknown,2012,2010,2.52945520915772,2.52945520915772,Moderate (2-5%),1.40460967593552,34347.4370080791
OMN,Oman,Middle East,High,2012,2010,2.94773495257209,2.94773495257209,Moderate (2-5%),8.86312225557018,19824.1215485946
OSS,Other small states,Other,Unknown,2012,2010,4.14524724981119,4.14524724981119,Moderate (2-5%),1.20137767968762,10062.238765035
PAK,Pakistan,Asia,Lower Middle,2012,2010,9.68235186055684,9.68235186055684,High (5-10%),3.02758391088629,1275.48806898966
PAN,Panama,Other,Unknown,2012,2010,5.69819959165993,5.69819959165993,High (5-10%),9.62729346439019,12668.2945474105
PER,Peru,South America,Upper Middle,2012,2010,3.61121294940163,3.61121294940163,Moderate (2-5%),6.13972470560435,5740.04346272472
PHL,Philippines,Asia,Lower Middle,2012,2010,3.02696391124796,3.02696391124796,Moderate (2-5%),6.89695171050985,2533.74141964959
PLW,Palau,Other,Unknown,2012,2010,3.61418047882138,3.61418047882138,Moderate (2-5%),2.06132919740671,14289.7833891839
PNG,Papua New Guinea,Other,Unknown,2012,2010,4.53720508166972,4.53720508166972,Moderate (2-5%),4.65711959686239,2139.48096660428
POL,Poland,Europe,Unknown,2012,2010,3.56037151702793,3.56037151702793,Moderate (2-5%),1.51178167644575,11542.2353368014
PRE,Pre-demographic dividend,Other,Unknown,2012,2010,6.44121280934117,6.44121280934117,High (5-10%),4.32626989714218,1447.56913413737
PRT,Portugal,Europe,High,2012,2010,2.77333854051576,2.77333854051576,Moderate (2-5%),-4.05090267621935,18679.7626789594
PRY,Paraguay,South America,Upper Middle,2012,2010,3.67591897974496,3.67591897974496,Moderate (2-5%),-0.708043112316886,5230.26244858764
PSE,West Bank and Gaza,Other,Unknown,2012,2010,2.77908768282492,2.77908768282492,Moderate (2-5%),6.09645656326154,3237.91619995789
PSS,Pacific island small states,Other,Unknown,2012,2010,2.0490188352116,2.0490188352116,Moderate (2-5%),1.04275828193174,3517.62486668208
PST,Post-demographic dividend,Other,Unknown,2012,2010,2.48567562177015,2.48567562177015,Moderate (2-5%),1.27044703966143,39139.8614954799
QAT,Qatar,Middle East,High,2012,2010,2.31534853431661,2.31534853431661,Moderate (2-5%),4.62623675511804,82441.7405083009
ROU,Romania,Other,Unknown,2012,2010,3.33492267693442,3.33492267693442,Moderate (2-5%),1.90361696799603,8234.28553425194
RUS,Russian Federation,Europe,Upper Middle,2012,2010,5.07474300799149,5.07474300799149,High (5-10%),4.0240861571798,9464.0107421875
RWA,Rwanda,Other,Low,2012,2010,10.2710182318876,10.2710182318876,Very High (>10%),8.64150815708138,647.436613845487
SAS,South Asia,Other,Unknown,2012,2010,9.46940335888459,9.46940335888459,High (5-10%),5.64515915583837,1326.51107387395
SAU,Saudi Arabia,Asia,High,2012,2010,2.86627029905053,2.86627029905053,Moderate (2-5%),5.76157382270968,23643.0358324647
SDN,Sudan,Other,Unknown,2012,2010,35.5590574147024,35.5590574147024,Very High (>10%),-17.0046884048945,1288.25854492188
SEN,Senegal,Other,Unknown,2012,2010,1.41822871177854,1.41822871177854,Low (<2%),4.00299555090457,1154.05677992367
SGP,Singapore,Asia,High,2012,2010,4.58084479423094,4.58084479423094,Moderate (2-5%),4.43549759378537,51679.352717333
SLB,Solomon Islands,Other,Unknown,2012,2010,5.91200602491155,5.91200602491155,High (5-10%),2.46591837712438,2105.91423758379
SLE,Sierra Leone,Other,Unknown,2012,2010,6.58776239392585,6.58776239392585,High (5-10%),10.578331663387,1025.04366004502
SLV,El Salvador,Other,Unknown,2012,2010,1.72973481581383,1.72973481581383,Low (<2%),2.82262371802327,3600.31912505518
SMR,San Marino,Other,Unknown,2012,2010,2.8273322422258,2.8273322422258,Moderate (2-5%),-7.04453441295546,42082.5364542056
SRB,Serbia,Other,Unknown,2012,2010,7.33038589596646,7.33038589596646,High (5-10%),-0.443956070983248,5739.3075023532
SSA,Sub-Saharan Africa (excluding high income),Other,Unknown,2012,2010,6.57589970757698,6.57589970757698,High (5-10%),3.3284467382704,1573.55554656004
SSD,South Sudan,Other,Unknown,2012,2010,45.5258978371706,45.5258978371706,Very High (>10%),-46.0821223743007,1069.19619080938
SSF,Sub-Saharan Africa,Other,Unknown,2012,2010,6.58183105075141,6.58183105075141,High (5-10%),3.3282636069647,1574.72990968301
SST,Small states,Other,Unknown,2012,2010,3.51877785642059,3.51877785642059,Moderate (2-5%),2.145392566206,10180.0751029745
STP,Sao Tome and Principe,Other,Unknown,2012,2010,10.6379353431628,10.6379353431628,Very High (>10%),2.94294277416023,1225.6945255615
SUR,Suriname,Other,Unknown,2012,2010,5.00686319367273,5.00686319367273,High (5-10%),2.69034974668847,9140.92898611536
SVK,Slovak Republic,Other,Unknown,2012,2010,3.6061026352289,3.6061026352289,Moderate (2-5%),1.56917104702706,15159.6570420004
SVN,Slovenia,Other,Unknown,2012,2010,2.59741386039003,2.59741386039003,Moderate (2-5%),-2.91553782040462,19894.8697964548
SWE,Sweden,Europe,High,2012,2010,0.888377506923735,0.888377506923735,Low (<2%),-0.414397702454409,48789.7906883637
SWZ,Eswatini,Other,Unknown,2012,2010,8.93964682788212,8.93964682788212,High (5-10%),4.09048190124592,3218.50138205493
SXM,Sint Maarten (Dutch part),Other,Unknown,2012,2010,4.01518421081576,4.01518421081576,Moderate (2-5%),1.39054456773131,39298.9873567827
SYC,Seychelles,Other,Unknown,2012,2010,7.11037062326403,7.11037062326403,High (5-10%),3.1106784939243,14135.0010570653
SYR,Syrian Arab Republic,Other,Unknown,2012,2010,36.7022953364139,36.7022953364139,Very High (>10%),-26.338904668983,1142.29215064994
TCD,Chad,Other,Unknown,2012,2010,7.51662364663833,7.51662364663833,High (5-10%),9.06180392253447,1016.42152061942
TEA,East Asia & Pacific (IDA & IBRD countries),Other,Unknown,2012,2010,3.02696391124796,3.02696391124796,Moderate (2-5%),7.58039439959404,5575.01390464133
TEC,Europe & Central Asia (IDA & IBRD countries),Other,Unknown,2012,2010,3.37349808387405,3.37349808387405,Moderate (2-5%),3.46791933031466,7600.7808253936
TGO,Togo,Other,Unknown,2012,2010,2.57718174055848,2.57718174055848,Moderate (2-5%),6.30271426865185,733.683602929868
THA,Thailand,Asia,Upper Middle,2012,2010,3.00948610403357,3.00948610403357,Moderate (2-5%),7.24279620249642,5403.87846036273
TJK,Tajikistan,Other,Unknown,2012,2010,5.83116601031462,5.83116601031462,High (5-10%),7.49999946321525,849.519080831738
TLA,Latin America & the Caribbean (IDA & IBRD countries),Other,Unknown,2012,2010,4.14457284086402,4.14457284086402,Moderate (2-5%),2.71792459208542,8314.56455528008
TLS,Timor-Leste,Other,Unknown,2012,2010,11.8003096701544,11.8003096701544,Very High (>10%),4.86062186827468,1269.41629276068
TMN,"Middle East, North Africa, Afghanistan & Pakistan (IDA & IBRD)",Other,Unknown,2012,2010,6.51134364308897,6.51134364308897,High (5-10%),3.53419338600358,2830.4473285746
TON,Tonga,Other,Unknown,2012,2010,1.14753853706055,1.14753853706055,Low (<2%),0.919761024923076,3932.59367180675
TSA,South Asia (IDA & IBRD),Other,Unknown,2012,2010,9.46940335888459,9.46940335888459,High (5-10%),5.64515915583837,1326.51107387395
TSS,Sub-Saharan Africa (IDA & IBRD countries),Other,Unknown,2012,2010,6.58183105075141,6.58183105075141,High (5-10%),3.32826360696474,1574.72990968301
TTO,Trinidad and Tobago,Other,Unknown,2012,2010,9.26028137068292,9.26028137068292,High (5-10%),6.71074625448722,18835.6674122954
TUN,Tunisia,Africa,Upper Middle,2012,2010,4.6118443220664,4.6118443220664,Moderate (2-5%),4.21667711535632,3900.04620132702
TUR,Turkiye,Europe,Upper Middle,2012,2010,8.89156996512163,8.89156996512163,High (5-10%),4.80762696633448,9588.32066531438
TZA,Tanzania,Other,Low,2012,2010,16.0010938506338,16.0010938506338,Very High (>10%),4.50015356010131,851.910705566406
UGA,Uganda,Other,Low,2012,2010,12.6790377224659,12.6790377224659,Very High (>10%),3.83745560605229,823.580468285493
UKR,Ukraine,Other,Unknown,2012,2010,0.568727971803862,0.568727971803862,Low (<2%),0.152314967200653,2426.92944335938
UMC,Upper middle income,Other,Unknown,2012,2010,3.73815231282227,3.73815231282227,Moderate (2-5%),5.7971024867346,6275.99264083172
URY,Uruguay,South America,High,2012,2010,8.09776580573602,8.09776580573602,High (5-10%),3.53817872056869,15949.3176985435
USA,United States,North America,High,2012,2010,2.06933726526067,2.06933726526067,Moderate (2-5%),2.28911339009767,54000.8410778217
UZB,Uzbekistan,Other,Unknown,2012,2010,13.2088026688373,13.2088026688373,Very High (>10%),7.35682138899483,2657.09909084172
VCT,St. Vincent and the Grenadines,Other,Unknown,2012,2010,2.59844414147101,2.59844414147101,Moderate (2-5%),1.16911218376478,6790.68325958275
VEN,"Venezuela, RB",South America,Unknown,2012,2010,21.0689956331876,21.0689956331876,Very High (>10%),5.67986230636832,4638.41209800487
VNM,Viet Nam,Asia,Lower Middle,2012,2010,9.09470339557193,9.09470339557193,High (5-10%),5.5045447041189,2224.11404253256
VUT,Vanuatu,Other,Unknown,2012,2010,1.34740362877658,1.34740362877658,Low (<2%),1.01004768692017,3205.68705963169
WLD,World,Other,Unknown,2012,2010,3.72532666110646,3.72532666110646,Moderate (2-5%),2.74743359443485,9653.62748273357
WSM,Samoa,Other,Unknown,2012,2010,2.0490188352116,2.0490188352116,Moderate (2-5%),-3.73213020890266,4007.91092846814
XKX,Kosovo,Other,Unknown,2012,2010,2.47673782156533,2.47673782156533,Moderate (2-5%),1.71219595890548,3021.35000691677
YEM,"Yemen, Rep.",Other,Unknown,2012,2010,9.88538714484871,9.88538714484871,High (5-10%),2.39299021364694,1981.45800046603
ZAF,South Africa,Africa,Upper Middle,2012,2010,5.73797139141739,5.73797139141739,High (5-10%),2.39623238465745,6121.55783860713
ZMB,Zambia,Other,Unknown,2012,2010,6.57589970757698,6.57589970757698,High (5-10%),7.59738104901994,1258.78938578996
ZWE,Zimbabwe,Other,Unknown,2012,2010,3.72532666110646,3.72532666110646,Moderate (2-5%),16.6654290410337,1360.15230034275
ABW,Aruba,Other,Unknown,2013,2010,-2.37206524252261,-2.37206524252261,Low (<2%),6.43146080719245,26680.1411206342
AFE,Africa Eastern and Southern,Other,Unknown,2013,2010,5.74883133553454,5.74883133553454,High (5-10%),4.63400008423696,1478.87995623663
AFG,Afghanistan,Other,Unknown,2013,2010,7.38577178397855,7.38577178397855,High (5-10%),5.60074465863221,580.603833333096
AFW,Africa Western and Central,Other,Unknown,2013,2010,2.43920076104126,2.43920076104126,Moderate (2-5%),6.04665420359198,1808.05542437383
AGO,Angola,Africa,Lower Middle,2013,2010,8.77781429332624,8.77781429332624,High (5-10%),4.88306129688392,3716.29718727597
ALB,Albania,Other,Unknown,2013,2010,1.93762080205223,1.93762080205223,Low (<2%),1.7072283175406,3895.89975621942
ARB,Arab World,Other,Unknown,2013,2010,3.25423910998847,3.25423910998847,Moderate (2-5%),2.58564644333576,6234.27485821589
ARE,United Arab Emirates,Middle East,High,2013,2010,1.1011183637571,1.1011183637571,Low (<2%),4.9184505919085,44312.6320463505
ARM,Armenia,Other,Unknown,2013,2010,5.78966778544651,5.78966778544651,High (5-10%),3.3,3266.29882999873
ATG,Antigua and Barbuda,Other,Unknown,2013,2010,1.05949782356169,1.05949782356169,Low (<2%),-0.600982329599361,15748.1952024226
AUS,Australia,Oceania,High,2013,2010,2.44988248109259,2.44988248109259,Moderate (2-5%),2.65445302592404,55966.1509270561
AUT,Austria,Europe,High,2013,2010,2.00015616900597,2.00015616900597,Moderate (2-5%),-0.250726423318454,43851.3675497404
AZE,Azerbaijan,Other,Unknown,2013,2010,2.41571745279419,2.41571745279419,Moderate (2-5%),5.84341590483928,5425.99559780578
BDI,Burundi,Other,Unknown,2013,2010,7.93795807492418,7.93795807492418,High (5-10%),4.92392485117456,259.311117203355
BEL,Belgium,Europe,High,2013,2010,1.1130959402754,1.1130959402754,Low (<2%),0.305494549070232,40007.8997891411
BEN,Benin,Other,Unknown,2013,2010,0.428888888888884,0.428888888888884,Low (<2%),7.19143372144946,982.399206290516
BFA,Burkina Faso,Other,Unknown,2013,2010,0.533738507090536,0.533738507090536,Low (<2%),5.79258484509867,616.741331164082
BGD,Bangladesh,Asia,Lower Middle,2013,2010,7.53040640913172,7.53040640913172,High (5-10%),6.01360565834344,1103.15695907123
BGR,Bulgaria,Other,Unknown,2013,2010,0.890093540913096,0.890093540913096,Low (<2%),-0.542753400392826,6793.08253592745
BHR,Bahrain,Middle East,High,2013,2010,3.30001156888442,3.30001156888442,Moderate (2-5%),5.29262224906203,24271.6278814506
BHS,"Bahamas, The",Other,Unknown,2013,2010,0.722414784530551,0.722414784530551,Low (<2%),-2.86320081549439,30368.2631244189
BIH,Bosnia and Herzegovina,Other,Unknown,2013,2010,-0.0930456838317588,-0.0930456838317588,Low (<2%),2.34985873172397,4306.73175072214
BLR,Belarus,Other,Unknown,2013,2010,18.3122610377873,18.3122610377873,Very High (>10%),0.998719299661161,6115.43288098707
BLZ,Belize,Other,Unknown,2013,2010,0.50974776898322,0.50974776898322,Low (<2%),4.06646561608865,6013.07879895362
BOL,Bolivia,South America,Upper Middle,2013,2010,5.73640023719607,5.73640023719607,High (5-10%),6.79601141268498,2793.51457124054
BRA,Brazil,South America,Upper Middle,2013,2010,6.20431066640101,6.20431066640101,High (5-10%),3.00482266944432,9366.73932434359
BRB,Barbados,Other,Unknown,2013,2010,1.81410436049096,1.81410436049096,Low (<2%),0.195322007310409,20521.1209928514
BRN,Brunei Darussalam,Other,Unknown,2013,2010,0.389205053123632,0.389205053123632,Low (<2%),-2.12478292664558,32381.0739795231
BTN,Bhutan,Other,Unknown,2013,2010,8.77638345268213,8.77638345268213,High (5-10%),1.73634039505693,2671.07460201171
BWA,Botswana,Other,Unknown,2013,2010,5.88460707056817,5.88460707056817,High (5-10%),11.1029068737822,6284.97678002618
CAF,Central African Republic,Other,Unknown,2013,2010,6.98879341970198,6.98879341970198,High (5-10%),-36.3919770983887,349.821171688973
CAN,Canada,North America,High,2013,2010,0.938291897815317,0.938291897815317,Low (<2%),2.32581356612762,42851.2135876232
CEB,Central Europe and the Baltics,Other,Unknown,2013,2010,1.4382978723404,1.4382978723404,Low (<2%),0.667909229803371,11662.0107342389
CHE,Switzerland,Europe,High,2013,2010,-0.217323155115673,-0.217323155115673,Low (<2%),1.83612392927999,83914.0245080812
CHL,Chile,South America,High,2013,2010,1.7895555398459,1.7895555398459,Low (<2%),3.30850824710085,13182.7329619856
CHN,China,Asia,Upper Middle,2013,2010,2.62105001748115,2.62105001748115,Moderate (2-5%),7.77842954757257,7197.937319496
CIV,Cote d'Ivoire,Africa,Lower Middle,2013,2010,2.58117037252936,2.58117037252936,Moderate (2-5%),10.7602131311256,1632.32712787006
CMR,Cameroon,Africa,Lower Middle,2013,2010,2.05034718001741,2.05034718001741,Moderate (2-5%),4.99552916130783,1347.2130636706
COD,"Congo, Dem. Rep.",Other,Unknown,2013,2010,0.808223101487111,0.808223101487111,Low (<2%),17.5159124688348,464.526715460494
COG,"Congo, Rep.",Other,Unknown,2013,2010,4.63161619729461,4.63161619729461,Moderate (2-5%),-0.712434451876447,2390.65754938662
COL,Colombia,South America,Upper Middle,2013,2010,2.01699224310383,2.01699224310383,Moderate (2-5%),5.13399351995672,5910.80592301166
COM,Comoros,Other,Unknown,2013,2010,-4.29487331536756,-4.29487331536756,Low (<2%),4.46624729869704,1343.54683280656
CPV,Cabo Verde,Other,Unknown,2013,2010,1.50654285701407,1.50654285701407,Low (<2%),0.632136727385131,3361.09387702205
CRI,Costa Rica,Other,Unknown,2013,2010,5.23133614174428,5.23133614174428,High (5-10%),2.49476596233289,11151.1437937744
CSS,Caribbean small states,Other,Unknown,2013,2010,1.08324168178149,1.08324168178149,Low (<2%),1.56870134511247,14327.5751136155
CUW,Curacao,Other,Unknown,2013,2010,1.33232086152117,1.33232086152117,Low (<2%),-0.635696907591139,19921.4770634064
CYM,Cayman Islands,Other,Unknown,2013,2010,2.16061146813391,2.16061146813391,Moderate (2-5%),1.27933101999021,76038.879554035
CYP,Cyprus,Other,Unknown,2013,2010,-0.399357676464425,-0.399357676464425,Low (<2%),-6.58747751118347,22711.708984375
CZE,Czechia,Other,Unknown,2013,2010,1.4382978723404,1.4382978723404,Low (<2%),-0.0418124160447491,16759.7808635642
DEU,Germany,Europe,High,2013,2010,1.50472330251876,1.50472330251876,Low (<2%),0.396995583779145,40884.8926759028
DJI,Djibouti,Other,Unknown,2013,2010,2.70603242872186,2.70603242872186,Moderate (2-5%),,2140.13769442336
DMA,Dominica,Other,Unknown,2013,2010,-0.0464116468805992,-0.0464116468805992,Low (<2%),0.0045039972976042,8459.6586988024
DNK,Denmark,Europe,High,2013,2010,0.789071780078062,0.789071780078062,Low (<2%),1.39267343161971,51970.3909324806
DOM,Dominican Republic,Other,Unknown,2013,2010,4.830950967408,4.830950967408,Moderate (2-5%),4.93473300709881,6075.03399972737
DZA,Algeria,Africa,Upper Middle,2013,2010,3.25423910998847,3.25423910998847,Moderate (2-5%),2.60000000061164,4543.23444006767
EAP,East Asia & Pacific (excluding high income),Other,Unknown,2013,2010,2.91354193603992,2.91354193603992,Moderate (2-5%),7.31723526739178,5864.59707043702
EAR,Early-demographic dividend,Other,Unknown,2013,2010,4.82778705505169,4.82778705505169,Moderate (2-5%),4.03848297590133,3013.93253830751
EAS,East Asia & Pacific,Other,Unknown,2013,2010,2.58268766141795,2.58268766141795,Moderate (2-5%),5.26825336357302,8985.01177157421
ECA,Europe & Central Asia (excluding high income),Other,Unknown,2013,2010,4.59787897363136,4.59787897363136,Moderate (2-5%),6.55722402169654,6037.24531324726
ECS,Europe & Central Asia,Other,Unknown,2013,2010,1.73403963519162,1.73403963519162,Low (<2%),0.876266761669413,22039.7194290423
ECU,Ecuador,South America,Upper Middle,2013,2010,2.72177577710371,2.72177577710371,Moderate (2-5%),7.21123653679159,5893.32172683036
EGY,"Egypt, Arab Rep.",Africa,Lower Middle,2013,2010,9.46971981064921,9.46971981064921,High (5-10%),2.18546605363386,3216.37839024454
EMU,Euro area,Other,Unknown,2013,2010,1.21999342274306,1.21999342274306,Low (<2%),-0.168322337087545,32867.052177107
ESP,Spain,Europe,High,2013,2010,1.40858109183009,1.40858109183009,Low (<2%),-1.42732224757626,24498.5559507945
EST,Estonia,Other,Unknown,2013,2010,2.78056658954988,2.78056658954988,Moderate (2-5%),1.75649379621869,16809.5326683781
ETH,Ethiopia,Africa,Low,2013,2010,7.46402192944517,7.46402192944517,High (5-10%),10.5822700502552,518.324662208106
EUU,European Union,Other,Unknown,2013,2010,1.21999342274306,1.21999342274306,Low (<2%),-0.0330372559639187,29667.2132839257
FIN,Finland,Europe,High,2013,2010,1.4782861568881,1.4782861568881,Low (<2%),-0.979741024949618,42883.6384986417
FJI,Fiji,Other,Unknown,2013,2010,2.91354193603992,2.91354193603992,Moderate (2-5%),4.7342203729816,4630.3512738488
FRA,France,Europe,High,2013,2010,0.863715497861804,0.863715497861804,Low (<2%),0.781756446231,36256.086680981
FSM,"Micronesia, Fed. Sts.",Other,Unknown,2013,2010,1.75232737350762,1.75232737350762,Low (<2%),-3.70370370370371,2837.15746729135
GAB,Gabon,Other,Unknown,2013,2010,0.505441058915615,0.505441058915615,Low (<2%),5.63869900338696,6938.25753862236
GBR,United Kingdom,Europe,High,2013,2010,2.29166666666659,2.29166666666659,Moderate (2-5%),1.71846961308464,43585.8731772281
GEO,Georgia,Other,Unknown,2013,2010,-0.512058410947092,-0.512058410947092,Low (<2%),5.13288531209382,3806.50600649051
GHA,Ghana,Africa,Unknown,2013,2010,11.6661923071729,11.6661923071729,Very High (>10%),7.31252501678145,1718.59704769958
GIN,Guinea,Other,Unknown,2013,2010,11.8875884481828,11.8875884481828,Very High (>10%),3.94568708624053,729.833143236326
GMB,"Gambia, The",Other,Unknown,2013,2010,5.69912989637382,5.69912989637382,High (5-10%),2.872768790327,638.522368532214
GNB,Guinea-Bissau,Other,Unknown,2013,2010,1.20712555668405,1.20712555668405,Low (<2%),3.25607190852087,634.095456089352
GNQ,Equatorial Guinea,Other,Unknown,2013,2010,2.94887694639662,2.94887694639662,Moderate (2-5%),-4.13319850131583,10731.6455729191
GRC,Greece,Europe,High,2013,2010,-0.921269454256994,-0.921269454256994,Low (<2%),-2.27211699888024,17644.8766635021
GRD,Grenada,Other,Unknown,2013,2010,-0.0439997864828058,-0.0439997864828058,Low (<2%),2.35109801677905,7688.75297701343
GTM,Guatemala,Other,Unknown,2013,2010,4.34337131279521,4.34337131279521,Moderate (2-5%),3.69476814623695,3717.30457960279
GUY,Guyana,Other,Unknown,2013,2010,1.9111250917408,1.9111250917408,Low (<2%),3.65338433338232,5573.3421790463
HIC,High income,Other,Unknown,2013,2010,1.50472330251876,1.50472330251876,Low (<2%),1.61422769521758,35522.3093441449
HKG,"Hong Kong SAR, China",Other,Unknown,2013,2010,4.33799342105267,4.33799342105267,Moderate (2-5%),3.10155262780289,40959.9776349249
HND,Honduras,Other,Unknown,2013,2010,5.16189898581494,5.16189898581494,High (5-10%),2.79155975746801,2205.40126728067
HPC,Heavily indebted poor countries (HIPC),Other,Unknown,2013,2010,5.16189898581494,5.16189898581494,High (5-10%),6.16437839840991,878.389738901825
HRV,Croatia,Other,Unknown,2013,2010,2.21658206429779,2.21658206429779,Moderate (2-5%),-0.132561080066893,11838.4554388595
HTI,Haiti,Other,Unknown,2013,2010,4.76502404779142,4.76502404779142,Moderate (2-5%),4.32478411472874,1392.38204736859
HUN,Hungary,Other,Unknown,2013,2010,1.73319984983101,1.73319984983101,Low (<2%),2.03216990678146,11729.5720798501
IBD,IBRD only,Other,Unknown,2013,2010,3.89555152647667,3.89555152647667,Moderate (2-5%),5.21442724745644,5179.63613332378
IBT,IDA & IBRD total,Other,Unknown,2013,2010,4.3411548980431,4.3411548980431,Moderate (2-5%),5.23089944476254,4204.1114505155
IDA,IDA total,Other,Unknown,2013,2010,4.88516387595471,4.88516387595471,Moderate (2-5%),5.42734561353254,1297.88287583466
IDB,IDA blend,Other,Unknown,2013,2010,2.58117037252936,2.58117037252936,Moderate (2-5%),5.73609715250456,1864.20094351718
IDN,Indonesia,Asia,Lower Middle,2013,2010,6.41249457900391,6.41249457900391,High (5-10%),5.5572636889101,3055.24246006469
IDX,IDA only,Other,Unknown,2013,2010,5.16189898581494,5.16189898581494,High (5-10%),5.10918682572196,987.559506416371
IND,India,Asia,Lower Middle,2013,2010,10.0178784746104,10.0178784746104,Very High (>10%),6.38610640091713,1399.4537980281
IRL,Ireland,Europe,High,2013,2010,0.515099484900573,0.515099484900573,Low (<2%),2.1929375750029,47928.0346487005
IRN,"Iran, Islamic Rep.",Asia,Lower Middle,2013,2010,36.6030355191029,36.6030355191029,Very High (>10%),-1.52197920494184,4916.97291948475
IRQ,Iraq,Middle East,Unknown,2013,2010,1.87949800749416,1.87949800749416,Low (<2%),7.62828592298754,4504.82687537354
ISL,Iceland,Other,Unknown,2013,2010,3.8722792374824,3.8722792374824,Moderate (2-5%),3.59695697128252,51696.0876507326
ISR,Israel,Europe,High,2013,2010,1.58976347421476,1.58976347421476,Low (<2%),4.09013743330735,35436.2912873273
ITA,Italy,Europe,High,2013,2010,1.21999342274306,1.21999342274306,Low (<2%),-1.81802510749792,30330.0221599668
JAM,Jamaica,Other,Unknown,2013,2010,9.34150076569673,9.34150076569673,High (5-10%),0.517686011311724,5289.88438546111
JOR,Jordan,Other,Unknown,2013,2010,4.82462314269537,4.82462314269537,Moderate (2-5%),2.72311205964112,5007.76162067161
JPN,Japan,Asia,High,2013,2010,0.335037912184741,0.335037912184741,Low (<2%),1.99727653399265,34636.6924746166
KAZ,Kazakhstan,Other,Unknown,2013,2010,5.94283871648418,5.94283871648418,High (5-10%),5.99999999671084,9959.72586930534
KEN,Kenya,Africa,Low,2013,2010,5.71749357037733,5.71749357037733,High (5-10%),3.7978483925754,1413.94142522583
KGZ,Kyrgyz Republic,Other,Unknown,2013,2010,6.61375202358082,6.61375202358082,High (5-10%),10.9154694528045,1069.78404438716
KHM,Cambodia,Other,Unknown,2013,2010,2.94162509547349,2.94162509547349,Moderate (2-5%),7.8574997554252,1376.29557595926
KIR,Kiribati,Other,Unknown,2013,2010,-1.488059084681,-1.488059084681,Low (<2%),7.73092188699647,1493.49148676402
KNA,St. Kitts and Nevis,Other,Unknown,2013,2010,1.10698554000129,1.10698554000129,Low (<2%),5.72728087234704,18773.8926898397
KOR,"Korea, Rep.",Asia,High,2013,2010,1.30134754547413,1.30134754547413,Low (<2%),3.2913959543442,28732.711152033
KWT,Kuwait,Middle East,High,2013,2010,2.68229684085039,2.68229684085039,Moderate (2-5%),1.14946552780648,32311.1800008536
LAC,Latin America & Caribbean (excluding high income),Other,Unknown,2013,2010,2.76789666082002,2.76789666082002,Moderate (2-5%),2.72471630094604,8155.35128235007
LAO,Lao PDR,Other,Unknown,2013,2010,6.37142717782947,6.37142717782947,High (5-10%),8.02630022699017,1890.27861294875
LBN,Lebanon,Other,Unknown,2013,2010,4.82101956297399,4.82101956297399,Moderate (2-5%),3.8278734986016,8443.53856528784
LBR,Liberia,Other,Unknown,2013,2010,7.577306817414,7.577306817414,High (5-10%),8.68728781639683,717.007280358975
LBY,Libya,Other,Unknown,2013,2010,2.60581802719517,2.60581802719517,Moderate (2-5%),-17.9979615745681,10126.314927806
LCA,St. Lucia,Other,Unknown,2013,2010,1.46856511035428,1.46856511035428,Low (<2%),-1.81877603735991,10279.4155096001
LCN,Latin America & Caribbean,Other,Unknown,2013,2010,2.5286478853837,2.5286478853837,Moderate (2-5%),2.71733038737128,8594.86059532881
LDC,Least developed countries: UN classification,Other,Unknown,2013,2010,5.52412877994266,5.52412877994266,High (5-10%),6.06991554579403,952.21846887207
LIC,Low income,Other,Unknown,2013,2010,5.76277967044681,5.76277967044681,High (5-10%),4.09825706662804,726.823062758041
LKA,Sri Lanka,Asia,Lower Middle,2013,2010,6.90845034828452,6.90845034828452,High (5-10%),4.0517463303875,3728.93585962083
LMC,Lower middle income,Other,Unknown,2013,2010,5.60092502290401,5.60092502290401,High (5-10%),5.52992585202499,1645.19191940054
LMY,Low & middle income,Other,Unknown,2013,2010,4.76502404779142,4.76502404779142,Moderate (2-5%),5.61734235164751,3942.47943622101
LSO,Lesotho,Other,Unknown,2013,2010,4.86511899496385,4.86511899496385,Moderate (2-5%),1.79252555575545,1093.95323489272
LTE,Late-demographic dividend,Other,Unknown,2013,2010,2.68229684085039,2.68229684085039,Moderate (2-5%),5.62973223892911,7663.56295285725
LTU,Lithuania,Other,Unknown,2013,2010,1.04747937065344,1.04747937065344,Low (<2%),4.04691318575325,13145.8069309969
LUX,Luxembourg,Other,Unknown,2013,2010,1.73403963519162,1.73403963519162,Low (<2%),3.17168513780955,105340.41498623
LVA,Latvia,Other,Unknown,2013,2010,-0.029454778257828,-0.029454778257828,Low (<2%),2.09609028156248,12353.5386135301
MAC,"Macao SAR, China",Other,Unknown,2013,2010,5.50057779178484,5.50057779178484,High (5-10%),10.7816711590297,99054.4980289716
MAR,Morocco,Africa,Lower Middle,2013,2010,1.88065466724086,1.88065466724086,Low (<2%),4.12221286860944,3008.185546875
MDA,Moldova,Other,Unknown,2013,2010,4.59787897363136,4.59787897363136,Moderate (2-5%),9.0438656074181,2605.85029986142
MDG,Madagascar,Other,Unknown,2013,2010,5.8264294445198,5.8264294445198,High (5-10%),2.30037622800727,440.674658903628
MDV,Maldives,Other,Unknown,2013,2010,3.8056300091943,3.8056300091943,Moderate (2-5%),6.97496226412528,9213.32791442475
MEA,"Middle East, North Africa, Afghanistan & Pakistan",Other,Unknown,2013,2010,3.25423910998847,3.25423910998847,Moderate (2-5%),2.37318436266814,5037.81336990196
MEX,Mexico,North America,Upper Middle,2013,2010,3.80639069747204,3.80639069747204,Moderate (2-5%),0.852101550164704,9738.71059661101
MIC,Middle income,Other,Unknown,2013,2010,4.34337131279521,4.34337131279521,Moderate (2-5%),5.64337115018114,4276.70136715966
MKD,North Macedonia,Other,Unknown,2013,2010,2.78500056726109,2.78500056726109,Moderate (2-5%),2.92525766450484,4863.68088666968
MLI,Mali,Other,Unknown,2013,2010,-0.606736356351563,-0.606736356351563,Low (<2%),3.29068742053545,788.819448208696
MLT,Malta,Other,Unknown,2013,2010,1.1802843636655,1.1802843636655,Low (<2%),6.29233378116625,22626.4876843887
MMR,Myanmar,Other,Unknown,2013,2010,5.64303883425501,5.64303883425501,High (5-10%),8.42600102501767,1024.69060473254
MNA,"Middle East, North Africa, Afghanistan & Pakistan (excluding high income)",Other,Unknown,2013,2010,4.82462314269537,4.82462314269537,Moderate (2-5%),1.12317022582226,2810.83533998643
MNE,Montenegro,Other,Unknown,2013,2010,2.20589268141178,2.20589268141178,Moderate (2-5%),3.38612548540247,6138.24865275199
MNG,Mongolia,Other,Unknown,2013,2010,10.4906567588241,10.4906567588241,Very High (>10%),11.6489161878925,3628.90708069575
MOZ,Mozambique,Other,Low,2013,2010,4.26135250941963,4.26135250941963,Moderate (2-5%),6.57141389665537,559.393953685688
MRT,Mauritania,Other,Unknown,2013,2010,4.12910173783393,4.12910173783393,Moderate (2-5%),4.15081318627171,1506.66419033006
MUS,Mauritius,Other,Unknown,2013,2010,3.54329573934839,3.54329573934839,Moderate (2-5%),3.39755085220649,8968.51243536773
MWI,Malawi,Other,Low,2013,2010,27.2833333333334,27.2833333333334,Very High (>10%),5.41034999817167,525.357645516557
MYS,Malaysia,Asia,Upper Middle,2013,2010,2.10501231233612,2.10501231233612,Moderate (2-5%),4.69372252557893,8964.80724896203
NAC,North America,Other,Unknown,2013,2010,1.20156227672124,1.20156227672124,Low (<2%),2.13349689819631,53554.2762571962
NAM,Namibia,Other,Unknown,2013,2010,5.60092502290401,5.60092502290401,High (5-10%),5.61471962254485,4549.26759093897
NCL,New Caledonia,Other,Unknown,2013,2010,1.27761318992718,1.27761318992718,Low (<2%),,
NER,Niger,Other,Unknown,2013,2010,2.29723114955317,2.29723114955317,Moderate (2-5%),5.31513063394726,469.690214200878
NGA,Nigeria,Africa,Low,2013,2010,8.49551838265678,8.49551838265678,High (5-10%),6.67133539308232,2495.34106573862
NIC,Nicaragua,Other,Unknown,2013,2010,7.13546785289407,7.13546785289407,High (5-10%),4.92709413447304,1941.45628552626
NLD,Netherlands,Europe,High,2013,2010,2.50689852657875,2.50689852657875,Moderate (2-5%),-0.0302410184270769,44487.0378593394
NOR,Norway,Europe,High,2013,2010,2.12048620353112,2.12048620353112,Moderate (2-5%),1.27290177696287,75711.2410395262
NPL,Nepal,Asia,Lower Middle,2013,2010,9.04016311917645,9.04016311917645,High (5-10%),3.52515317129149,801.039060847856
NZL,New Zealand,Oceania,High,2013,2010,1.13442266445817,1.13442266445817,Low (<2%),2.5648360739867,37240.0279166822
OED,OECD members,Other,Unknown,2013,2010,1.45156526398378,1.45156526398378,Low (<2%),1.62369645988187,34700.9892249754
OMN,Oman,Middle East,High,2013,2010,1.05354820265932,1.05354820265932,Low (<2%),5.22770408145942,19299.9400516869
OSS,Other small states,Other,Unknown,2013,2010,2.78056658954988,2.78056658954988,Moderate (2-5%),0.795058059250948,10035.6505283227
PAK,Pakistan,Asia,Lower Middle,2013,2010,7.69215611899565,7.69215611899565,High (5-10%),4.36686504978387,1309.70080446386
PAN,Panama,Other,Unknown,2013,2010,4.02715991571061,4.02715991571061,Moderate (2-5%),6.32435388662846,13236.8306754449
PER,Peru,South America,Upper Middle,2013,2010,2.76789666082002,2.76789666082002,Moderate (2-5%),5.85251821084928,6021.46142765232
PHL,Philippines,Asia,Lower Middle,2013,2010,2.58268766141795,2.58268766141795,Moderate (2-5%),6.75053130142255,2654.41506933978
PLW,Palau,Other,Unknown,2013,2010,3.35481004221287,3.35481004221287,Moderate (2-5%),-1.39368330622723,14184.0449521037
PNG,Papua New Guinea,Other,Unknown,2013,2010,4.9603174603175,4.9603174603175,Moderate (2-5%),3.82494632800675,2162.10592595591
POL,Poland,Europe,Unknown,2013,2010,0.991982606332335,0.991982606332335,Low (<2%),0.684240607051805,11628.2286809525
PRE,Pre-demographic dividend,Other,Unknown,2013,2010,4.63161619729461,4.63161619729461,Moderate (2-5%),6.11185150793546,1490.99576376132
PRT,Portugal,Europe,High,2013,2010,0.274416666666663,0.274416666666663,Low (<2%),-0.984106574148328,18597.7214623964
PRY,Paraguay,South America,Upper Middle,2013,2010,2.68385738718582,2.68385738718582,Moderate (2-5%),8.29307648940471,5583.12274473463
PSE,West Bank and Gaza,Other,Unknown,2013,2010,1.72439933626931,1.72439933626931,Low (<2%),4.69856986552234,3309.63120243098
PSS,Pacific island small states,Other,Unknown,2013,2010,1.60563054554341,1.60563054554341,Low (<2%),3.24964380089334,3584.67594496285
PST,Post-demographic dividend,Other,Unknown,2013,2010,1.40858109183009,1.40858109183009,Low (<2%),1.52350189398453,39581.7331829371
QAT,Qatar,Middle East,High,2013,2010,3.22197756829293,3.22197756829293,Moderate (2-5%),4.43070196521455,77379.6735599552
ROU,Romania,Other,Unknown,2013,2010,3.9847123554813,3.9847123554813,Moderate (2-5%),0.278771877470234,8287.95844089676
RUS,Russian Federation,Europe,Upper Middle,2013,2010,6.75466833903486,6.75466833903486,High (5-10%),1.75542214916291,9601.537109375
RWA,Rwanda,Other,Low,2013,2010,5.92426867984854,5.92426867984854,High (5-10%),4.71984856950924,661.893969452494
SAS,South Asia,Other,Unknown,2013,2010,8.15339493090692,8.15339493090692,High (5-10%),6.23326513053635,1392.20217832083
SAU,Saudi Arabia,Asia,High,2013,2010,3.51104209799866,3.51104209799866,Moderate (2-5%),2.94563789152025,23057.3494468535
SDN,Sudan,Other,Unknown,2013,2010,36.5223449139154,36.5223449139154,Very High (>10%),1.95514463302422,1283.45922851563
SEN,Senegal,Other,Unknown,2013,2010,0.710245486695176,0.710245486695176,Low (<2%),2.41238527605579,1147.3859217191
SGP,Singapore,Asia,High,2013,2010,2.36439793742726,2.36439793742726,Moderate (2-5%),4.81763099120676,53298.9728558286
SLB,Solomon Islands,Other,Unknown,2013,2010,5.3913638858756,5.3913638858756,High (5-10%),5.23744704670068,2136.72116177034
SLE,Sierra Leone,Other,Unknown,2013,2010,5.52412877994266,5.52412877994266,High (5-10%),14.6633238075229,1146.81973456475
SLV,El Salvador,Other,Unknown,2013,2010,0.757669184522973,0.757669184522973,Low (<2%),2.23562439198375,3665.90044167854
SMR,San Marino,Other,Unknown,2013,2010,1.60439298078082,1.60439298078082,Low (<2%),-0.78397212543554,42293.4679807917
SRB,Serbia,Other,Unknown,2013,2010,7.69426362896655,7.69426362896655,High (5-10%),0.451578805330726,5793.33614525565
SSA,Sub-Saharan Africa (excluding high income),Other,Unknown,2013,2010,4.90520875694557,4.90520875694557,Moderate (2-5%),5.27788752698235,1611.85437542034
SSD,South Sudan,Other,Unknown,2013,2010,-0.0580909784225664,-0.0580909784225664,Low (<2%),13.1297311406943,1165.16202707495
SSF,Sub-Saharan Africa,Other,Unknown,2013,2010,4.88516387595471,4.88516387595471,Moderate (2-5%),5.27451055861322,1613.00691852166
SST,Small states,Other,Unknown,2013,2010,1.75232737350762,1.75232737350762,Low (<2%),1.16517400770937,10195.8863691367
STP,Sao Tome and Principe,Other,Unknown,2013,2010,8.10583270875476,8.10583270875476,High (5-10%),5.11967735428513,1263.70423995281
SUR,Suriname,Other,Unknown,2013,2010,1.92343604108305,1.92343604108305,Low (<2%),2.9334416518612,9303.46008775809
SVK,Slovak Republic,Other,Unknown,2013,2010,1.40047368963025,1.40047368963025,Low (<2%),0.703323545247201,15249.8824513785
SVN,Slovenia,Other,Unknown,2013,2010,1.76920085881897,1.76920085881897,Low (<2%),-0.823776417691676,19704.2186005128
SWE,Sweden,Europe,High,2013,2010,-0.044292970148682,-0.044292970148682,Low (<2%),1.13766671801426,48928.4994141291
SWZ,Eswatini,Other,Unknown,2013,2010,5.62130623468948,5.62130623468948,High (5-10%),4.09458522119226,3332.11983927912
SXM,Sint Maarten (Dutch part),Other,Unknown,2013,2010,2.5286478853837,2.5286478853837,Moderate (2-5%),1.30673103459678,38889.7715088035
SYC,Seychelles,Other,Unknown,2013,2010,4.33893848329099,4.33893848329099,Moderate (2-5%),1.25373496242949,14050.3135581314
SYR,Syrian Arab Republic,Other,Unknown,2013,2010,40.0318378290723,40.0318378290723,Very High (>10%),-26.3002577493205,884.328816905262
TCD,Chad,Other,Unknown,2013,2010,0.222671564624551,0.222671564624551,Low (<2%),2.83821524730293,1008.61711428961
TEA,East Asia & Pacific (IDA & IBRD countries),Other,Unknown,2013,2010,2.92758351575671,2.92758351575671,Moderate (2-5%),7.3170154101466,5931.54927372231
TEC,Europe & Central Asia (IDA & IBRD countries),Other,Unknown,2013,2010,3.38485646137119,3.38485646137119,Moderate (2-5%),3.37336805240554,7818.91433979736
TGO,Togo,Other,Unknown,2013,2010,1.82539475909162,1.82539475909162,Low (<2%),5.82425069283059,759.841612443554
THA,Thailand,Asia,Upper Middle,2013,2010,2.18617704418967,2.18617704418967,Moderate (2-5%),2.68749556320556,5516.61164164135
TJK,Tajikistan,Other,Unknown,2013,2010,5.00964645344951,5.00964645344951,High (5-10%),7.39999974700379,889.882383099979
TLA,Latin America & the Caribbean (IDA & IBRD countries),Other,Unknown,2013,2010,2.74483621896186,2.74483621896186,Moderate (2-5%),2.8059330343136,8456.92525770353
TLS,Timor-Leste,Other,Unknown,2013,2010,11.0849085109954,11.0849085109954,Very High (>10%),3.10436683211147,1281.92864092574
TMN,"Middle East, North Africa, Afghanistan & Pakistan (IDA & IBRD)",Other,Unknown,2013,2010,5.07042922798113,5.07042922798113,High (5-10%),1.09589599784469,2807.49675855009
TON,Tonga,Other,Unknown,2013,2010,0.77562932236742,0.77562932236742,Low (<2%),0.393922530137331,3962.16980948788
TSA,South Asia (IDA & IBRD),Other,Unknown,2013,2010,8.15339493090692,8.15339493090692,High (5-10%),6.23326513053635,1392.20217832083
TSS,Sub-Saharan Africa (IDA & IBRD countries),Other,Unknown,2013,2010,4.88516387595471,4.88516387595471,Moderate (2-5%),5.27451055861317,1613.00691852166
TTO,Trinidad and Tobago,Other,Unknown,2013,2010,5.19981740465611,5.19981740465611,High (5-10%),3.36819291689019,19392.1974593783
TUN,Tunisia,Africa,Upper Middle,2013,2010,5.31623531326689,5.31623531326689,High (5-10%),2.42993096446429,3947.58763533174
TUR,Turkiye,Europe,Upper Middle,2013,2010,7.49309030547693,7.49309030547693,High (5-10%),8.48825689298511,10269.4489140773
TZA,Tanzania,Other,Low,2013,2010,7.87072364573959,7.87072364573959,High (5-10%),6.78158560065316,882.8115234375
UGA,Uganda,Other,Low,2013,2010,4.90520875694557,4.90520875694557,Moderate (2-5%),3.58690582623025,828.988669729986
UKR,Ukraine,Other,Unknown,2013,2010,-0.238948626045407,-0.238948626045407,Low (<2%),0.045439094492707,2432.41625976563
UMC,Upper middle income,Other,Unknown,2013,2010,2.70281658214477,2.70281658214477,Moderate (2-5%),5.66814396000228,6569.48480689983
URY,Uruguay,South America,High,2013,2010,8.57513504005397,8.57513504005397,High (5-10%),4.63753862902416,16639.4054750651
USA,United States,North America,High,2013,2010,1.46483265562717,1.46483265562717,Low (<2%),2.11783009443471,54728.860179812
UZB,Uzbekistan,Other,Unknown,2013,2010,11.8414333622049,11.8414333622049,Very High (>10%),7.9217749261021,2823.00205379328
VCT,St. Vincent and the Grenadines,Other,Unknown,2013,2010,0.805127804267928,0.805127804267928,Low (<2%),2.4624841721544,6996.57386151332
VEN,"Venezuela, RB",South America,Unknown,2013,2010,40.6394275161589,40.6394275161589,Very High (>10%),1.30293159609121,4642.55149314778
VNM,Viet Nam,Asia,Lower Middle,2013,2010,6.59267475899192,6.59267475899192,High (5-10%),5.55351081026072,2320.08431444934
VUT,Vanuatu,Other,Unknown,2013,2010,1.45893371757921,1.45893371757921,Low (<2%),0.463390415135436,3149.6849727764
WLD,World,Other,Unknown,2013,2010,2.65167342916577,2.65167342916577,Moderate (2-5%),2.88974765617324,9811.02619687608
WSM,Samoa,Other,Unknown,2013,2010,0.61008572090503,0.61008572090503,Low (<2%),0.107293276488932,3976.39289268132
XKX,Kosovo,Other,Unknown,2013,2010,1.76732428354892,1.76732428354892,Low (<2%),5.34079911900278,3163.4704088827
YEM,"Yemen, Rep.",Other,Unknown,2013,2010,10.9684421500198,10.9684421500198,Very High (>10%),4.82351908493912,2014.7289059487
ZAF,South Africa,Africa,Upper Middle,2013,2010,5.78016910069176,5.78016910069176,High (5-10%),2.48546800826588,6170.87670863373
ZMB,Zambia,Other,Unknown,2013,2010,6.97767605490307,6.97767605490307,High (5-10%),5.05753695047252,1280.77012176778
ZWE,Zimbabwe,Other,Unknown,2013,2010,1.63495041543822,1.63495041543822,Low (<2%),1.98948554025198,1367.81831689463
ABW,Aruba,Other,Unknown,2014,2010,0.421440918881214,0.421440918881214,Low (<2%),1.42609951155575,26773.8229102391
AFE,Africa Eastern and Southern,Other,Unknown,2014,2010,5.52581923392517,5.52581923392517,High (5-10%),3.91636174876319,1495.79844862987
AFG,Afghanistan,Other,Unknown,2014,2010,4.67399603536345,4.67399603536345,Moderate (2-5%),2.72454336219565,575.146245808546
AFW,Africa Western and Central,Other,Unknown,2014,2010,1.76843582146224,1.76843582146224,Low (<2%),5.69152337171586,1859.65082949513
AGO,Angola,Africa,Lower Middle,2014,2010,7.28038730361121,7.28038730361121,High (5-10%),4.65572356315585,3746.81619978931
ALB,Albania,Other,Unknown,2014,2010,1.62586504402614,1.62586504402614,Low (<2%),2.24022695382642,4045.11934884933
ARB,Arab World,Other,Unknown,2014,2010,2.89947905006057,2.89947905006057,Moderate (2-5%),2.58777358070404,6247.36371197299
ARE,United Arab Emirates,Middle East,High,2014,2010,2.34626865671643,2.34626865671643,Moderate (2-5%),4.63291785879667,44257.6652085451
ARM,Armenia,Other,Unknown,2014,2010,2.98130868933672,2.98130868933672,Moderate (2-5%),3.60000000058993,3393.09252326884
ATG,Antigua and Barbuda,Other,Unknown,2014,2010,1.08944157435355,1.08944157435355,Low (<2%),2.19829188738797,15967.284996712
AUS,Australia,Oceania,High,2014,2010,2.48792932080492,2.48792932080492,Moderate (2-5%),2.60118978187332,56571.8062524437
AUT,Austria,Europe,High,2014,2010,1.60581182954474,1.60581182954474,Low (<2%),0.755798850316665,43838.8345892137
AZE,Azerbaijan,Other,Unknown,2014,2010,1.37344181533176,1.37344181533176,Low (<2%),2.79758521448559,5508.60265612676
BDI,Burundi,Other,Unknown,2014,2010,4.40535234185293,4.40535234185293,Moderate (2-5%),4.24490803087248,261.296721752002
BEL,Belgium,Europe,High,2014,2010,0.340002833356922,0.340002833356922,Low (<2%),1.76554038149924,40533.9135027898
BEN,Benin,Other,Unknown,2014,2010,-0.548757550948181,-0.548757550948181,Low (<2%),6.35767909791932,1014.4330062135
BFA,Burkina Faso,Other,Unknown,2014,2010,-0.258089517535291,-0.258089517535291,Low (<2%),4.32684561452976,624.576885187665
BGD,Bangladesh,Asia,Lower Middle,2014,2010,6.99163889220849,6.99163889220849,High (5-10%),6.0610593588495,1159.40753475981
BGR,Bulgaria,Other,Unknown,2014,2010,-1.4181838026484,-1.4181838026484,Low (<2%),0.949449772002041,6941.37319825776
BHR,Bahrain,Middle East,High,2014,2010,2.64755321246189,2.64755321246189,Moderate (2-5%),4.30885692657077,24135.4991304849
BHS,"Bahamas, The",Other,Unknown,2014,2010,1.51375643050831,1.51375643050831,Low (<2%),1.8469701294558,30658.5344563722
BIH,Bosnia and Herzegovina,Other,Unknown,2014,2010,-0.897194054194333,-0.897194054194333,Low (<2%),1.15384793371298,4412.67617817734
BLR,Belarus,Other,Unknown,2014,2010,18.1195543526734,18.1195543526734,Very High (>10%),1.65112470228097,6212.91667418659
BLZ,Belize,Other,Unknown,2014,2010,1.20139964481058,1.20139964481058,Low (<2%),3.89226067249989,6116.49578852783
BOL,Bolivia,South America,Upper Middle,2014,2010,5.76660074579144,5.76660074579144,High (5-10%),5.46056949136766,2900.90241571477
BRA,Brazil,South America,Upper Middle,2014,2010,6.32904015516139,6.32904015516139,High (5-10%),0.503955740242247,9338.34278278114
BRB,Barbados,Other,Unknown,2014,2010,1.76950322089729,1.76950322089729,Low (<2%),0.807325350394564,20636.0327188055
BRN,Brunei Darussalam,Other,Unknown,2014,2010,-0.207108731719822,-0.207108731719822,Low (<2%),-2.50788727590711,31148.7297405401
BTN,Bhutan,Other,Unknown,2014,2010,8.27106093949328,8.27106093949328,High (5-10%),5.88108550658288,2797.81883971908
BWA,Botswana,Other,Unknown,2014,2010,4.40225309243427,4.40225309243427,Moderate (2-5%),5.69714422072884,6547.12254115892
CAF,Central African Republic,Other,Unknown,2014,2010,14.898684179755,14.898684179755,Very High (>10%),0.0810705153264877,351.561554911625
CAN,Canada,North America,High,2014,2010,1.90663590717861,1.90663590717861,Low (<2%),2.87346675579731,43643.2794910996
CEB,Central Europe and the Baltics,Other,Unknown,2014,2010,0.0538213132399802,0.0538213132399802,Low (<2%),3.26192805394494,12076.1823856167
CHE,Switzerland,Europe,High,2014,2010,-0.0132025387515946,-0.0132025387515946,Low (<2%),2.54342347675991,85004.8134534
CHL,Chile,South America,High,2014,2010,4.71867527854672,4.71867527854672,Moderate (2-5%),1.79264947139259,13285.9540361192
CHN,China,Asia,Upper Middle,2014,2010,1.92164162788521,1.92164162788521,Low (<2%),7.46100735778161,7686.37369520403
CIV,Cote d'Ivoire,Africa,Lower Middle,2014,2010,0.448682076766141,0.448682076766141,Low (<2%),9.37199994240375,1742.53693001178
CMR,Cameroon,Africa,Lower Middle,2014,2010,1.85489850366777,1.85489850366777,Low (<2%),5.71981814509198,1381.81938454907
COD,"Congo, Dem. Rep.",Other,Unknown,2014,2010,1.24303889760803,1.24303889760803,Low (<2%),7.30227750870263,481.830241883776
COG,"Congo, Rep.",Other,Unknown,2014,2010,0.912139545450097,0.912139545450097,Low (<2%),6.64606540928447,2488.68118548992
COL,Colombia,South America,Upper Middle,2014,2010,2.89883787761738,2.89883787761738,Moderate (2-5%),4.49903000110972,6121.83982019825
COM,Comoros,Other,Unknown,2014,2010,7.54755379096711,7.54755379096711,High (5-10%),2.10665760321017,1342.3295858321
CPV,Cabo Verde,Other,Unknown,2014,2010,-0.238778144990624,-0.238778144990624,Low (<2%),0.696666840118581,3383.8422809791
CRI,Costa Rica,Other,Unknown,2014,2010,4.51920098516954,4.51920098516954,Moderate (2-5%),3.54210997703849,11422.6735972442
CSS,Caribbean small states,Other,Unknown,2014,2010,1.14542060958206,1.14542060958206,Low (<2%),2.59734828019873,14600.729767324
CUW,Curacao,Other,Unknown,2014,2010,1.4987396961643,1.4987396961643,Low (<2%),-0.637397373327133,19529.5286704975
CYM,Cayman Islands,Other,Unknown,2014,2010,1.27397911533388,1.27397911533388,Low (<2%),2.65452798451271,76104.6215727416
CYP,Cyprus,Other,Unknown,2014,2010,-1.35498885446315,-1.35498885446315,Low (<2%),-1.77605867728616,22373.56640625
CZE,Czechia,Other,Unknown,2014,2010,0.343988589646794,0.343988589646794,Low (<2%),2.24521219862635,17118.0425571578
DEU,Germany,Europe,High,2014,2010,0.906794000434246,0.906794000434246,Low (<2%),2.18018602168017,41602.4661281668
DJI,Djibouti,Other,Unknown,2014,2010,1.34186494340162,1.34186494340162,Low (<2%),7.19298728463697,2253.14082249768
DMA,Dominica,Other,Unknown,2014,2010,0.799250372687492,0.799250372687492,Low (<2%),2.33521742067693,8576.26367623609
DNK,Denmark,Europe,High,2014,2010,0.56402054044954,0.56402054044954,Low (<2%),1.27799983192831,52368.3625969272
DOM,Dominican Republic,Other,Unknown,2014,2010,2.99864226125219,2.99864226125219,Moderate (2-5%),7.11122629673892,6430.27811051339
DZA,Algeria,Africa,Upper Middle,2014,2010,2.91692692067458,2.91692692067458,Moderate (2-5%),4.09999999866501,4634.10149179952
EAP,East Asia & Pacific (excluding high income),Other,Unknown,2014,2010,3.14299050879095,3.14299050879095,Moderate (2-5%),7.0222319266325,6225.56359132253
EAR,Early-demographic dividend,Other,Unknown,2014,2010,4.07392957476225,4.07392957476225,Moderate (2-5%),3.99422690284999,3091.3641287626
EAS,East Asia & Pacific,Other,Unknown,2014,2010,2.51087633253696,2.51087633253696,Moderate (2-5%),4.9189377834641,9355.53149899712
ECA,Europe & Central Asia (excluding high income),Other,Unknown,2014,2010,3.06881210379543,3.06881210379543,Moderate (2-5%),3.25564045264228,6178.94474790458
ECS,Europe & Central Asia,Other,Unknown,2014,2010,0.620490636732421,0.620490636732421,Low (<2%),1.94365333398217,22377.2366286294
ECU,Ecuador,South America,Upper Middle,2014,2010,3.58922016616663,3.58922016616663,Moderate (2-5%),4.22606520388456,6055.04172761485
EGY,"Egypt, Arab Rep.",Africa,Lower Middle,2014,2010,10.0702154687481,10.0702154687481,Very High (>10%),2.91591188052836,3235.66246235519
EMU,Euro area,Other,Unknown,2014,2010,0.199343826570844,0.199343826570844,Low (<2%),1.45371535311074,33296.8666974398
ESP,Spain,Europe,High,2014,2010,-0.151114837527235,-0.151114837527235,Low (<2%),1.52048593647231,24947.8512505913
EST,Estonia,Other,Unknown,2014,2010,-0.10617514652171,-0.10617514652171,Low (<2%),3.32278988182702,17413.6867560212
ETH,Ethiopia,Africa,Low,2014,2010,6.89001951597192,6.89001951597192,High (5-10%),10.2574929627477,556.362532243867
EUU,European Union,Other,Unknown,2014,2010,0.199343826570844,0.199343826570844,Low (<2%),1.63271198328248,30117.891265209
FIN,Finland,Europe,High,2014,2010,1.0411962117843,1.0411962117843,Low (<2%),-0.4780684247837,42502.4880199858
FJI,Fiji,Other,Unknown,2014,2010,0.519306474579107,0.519306474579107,Low (<2%),5.60351397766961,4883.24299340799
FRA,France,Europe,High,2014,2010,0.50775882293799,0.50775882293799,Low (<2%),0.997832947295251,36444.3949089146
FSM,"Micronesia, Fed. Sts.",Other,Unknown,2014,2010,0.650284891767944,0.650284891767944,Low (<2%),-2.56410256410257,2757.39654878889
GAB,Gabon,Other,Unknown,2014,2010,4.69045751826284,4.69045751826284,Moderate (2-5%),4.31496444107469,6998.60545439576
GBR,United Kingdom,Europe,High,2014,2010,1.45112016293279,1.45112016293279,Low (<2%),3.16017351468152,44628.5724578217
GEO,Georgia,Other,Unknown,2014,2010,3.06881210379543,3.06881210379543,Moderate (2-5%),4.09049059581743,3960.35080091901
GHA,Ghana,Africa,Unknown,2014,2010,15.4896160333318,15.4896160333318,Very High (>10%),2.85624016330883,1726.36930134647
GIN,Guinea,Other,Unknown,2014,2010,6.1505055670642,6.1505055670642,High (5-10%),3.69655311664086,738.272274481308
GMB,"Gambia, The",Other,Unknown,2014,2010,5.94799935696626,5.94799935696626,High (5-10%),-1.40738249510954,611.879472952196
GNB,Guinea-Bissau,Other,Unknown,2014,2010,-1.50924460570494,-1.50924460570494,Low (<2%),0.964525745841428,623.610159103365
GNQ,Equatorial Guinea,Other,Unknown,2014,2010,4.30999866149107,4.30999866149107,Moderate (2-5%),0.415066301596866,10363.4872473549
GRC,Greece,Europe,High,2014,2010,-1.31226096405506,-1.31226096405506,Low (<2%),0.792225060962835,17903.5252440012
GRD,Grenada,Other,Unknown,2014,2010,-0.98360305555498,-0.98360305555498,Low (<2%),7.34212396037948,8206.62862112333
GTM,Guatemala,Other,Unknown,2014,2010,3.4183616966296,3.4183616966296,Moderate (2-5%),4.44397825774911,3809.61584332802
GUY,Guyana,Other,Unknown,2014,2010,0.683700250354637,0.683700250354637,Low (<2%),1.68649445019584,5635.71704117947
HIC,High income,Other,Unknown,2014,2010,1.0411962117843,1.0411962117843,Low (<2%),2.21112181112177,36111.2634992428
HKG,"Hong Kong SAR, China",Other,Unknown,2014,2010,4.42364532019699,4.42364532019699,Moderate (2-5%),2.76241378329884,41796.8593150091
HND,Honduras,Other,Unknown,2014,2010,6.12924930313031,6.12924930313031,High (5-10%),3.0580805621437,2229.24772232218
HPC,Heavily indebted poor countries (HIPC),Other,Unknown,2014,2010,4.40535234185293,4.40535234185293,Moderate (2-5%),5.45421217506326,900.23327280781
HRV,Croatia,Other,Unknown,2014,2010,-0.215196159576176,-0.215196159576176,Low (<2%),-0.559537666687092,11862.7815706266
HTI,Haiti,Other,Unknown,2014,2010,3.43816659958601,3.43816659958601,Moderate (2-5%),2.88877250863379,1411.76834802154
HUN,Hungary,Other,Unknown,2014,2010,-0.227566270988219,-0.227566270988219,Low (<2%),4.33435364113967,12287.3779441033
IBD,IBRD only,Other,Unknown,2014,2010,3.50379093139812,3.50379093139812,Moderate (2-5%),4.78001444086,5370.20489610287
IBT,IDA & IBRD total,Other,Unknown,2014,2010,3.52566203758282,3.52566203758282,Moderate (2-5%),4.82932919233134,4349.50164662377
IDA,IDA total,Other,Unknown,2014,2010,3.52566203758282,3.52566203758282,Moderate (2-5%),5.41564567632231,1339.89861488766
IDB,IDA blend,Other,Unknown,2014,2010,1.20139964481058,1.20139964481058,Low (<2%),5.8248246616925,1932.2366467346
IDN,Indonesia,Asia,Lower Middle,2014,2010,6.39492882396559,6.39492882396559,High (5-10%),5.006668425755,3170.72103011429
IDX,IDA only,Other,Unknown,2014,2010,4.40535234185293,4.40535234185293,Moderate (2-5%),4.9923958045545,1015.3734765589
IND,India,Asia,Lower Middle,2014,2010,6.66565671867899,6.66565671867899,High (5-10%),7.41022760516977,1484.31640682961
IRL,Ireland,Europe,High,2014,2010,0.190916398713745,0.190916398713745,Low (<2%),9.38579335130922,52044.6201181887
IRN,"Iran, Islamic Rep.",Asia,Lower Middle,2014,2010,16.6065532357449,16.6065532357449,Very High (>10%),4.98477506709476,5093.20319702187
IRQ,Iraq,Middle East,Unknown,2014,2010,2.23597407904726,2.23597407904726,Moderate (2-5%),2.26368817563613,4446.97343234862
ISL,Iceland,Other,Unknown,2014,2010,2.04461481539342,2.04461481539342,Moderate (2-5%),1.91381613095174,52102.575810195
ISR,Israel,Europe,High,2014,2010,0.467557251908503,0.467557251908503,Low (<2%),3.718144149431,36055.08530225
ITA,Italy,Europe,High,2014,2010,0.241047429826756,0.241047429826756,Low (<2%),-0.0013876173045446,30325.0287793923
JAM,Jamaica,Other,Unknown,2014,2010,8.27407886231419,8.27407886231419,High (5-10%),0.689822359762587,5307.19165380801
JOR,Jordan,Other,Unknown,2014,2010,2.89947905006057,2.89947905006057,Moderate (2-5%),3.32287328047509,4703.39944986815
JPN,Japan,Asia,High,2014,2010,2.75922671353253,2.75922671353253,Moderate (2-5%),0.905915486065865,34996.8796756631
KAZ,Kazakhstan,Other,Unknown,2014,2010,6.84944977003358,6.84944977003358,High (5-10%),4.20000000566705,10226.7100539683
KEN,Kenya,Africa,Low,2014,2010,6.87815499275949,6.87815499275949,High (5-10%),5.02011100232484,1450.59338202277
KGZ,Kyrgyz Republic,Other,Unknown,2014,2010,7.5342472977589,7.5342472977589,High (5-10%),4.02403863083252,1088.58214229508
KHM,Cambodia,Other,Unknown,2014,2010,3.85568861424207,3.85568861424207,Moderate (2-5%),8.00032074618566,1464.53115866927
KIR,Kiribati,Other,Unknown,2014,2010,2.10398520925043,2.10398520925043,Moderate (2-5%),1.26366268044595,1492.8508200481
KNA,St. Kitts and Nevis,Other,Unknown,2014,2010,0.247865392364942,0.247865392364942,Low (<2%),7.57696602328922,20187.8061975481
KOR,"Korea, Rep.",Asia,High,2014,2010,1.27477446401322,1.27477446401322,Low (<2%),3.21468019683108,29470.6732991655
KWT,Kuwait,Middle East,High,2014,2010,2.90892672858625,2.90892672858625,Moderate (2-5%),0.500914669444924,31073.1537300624
LAC,Latin America & Caribbean (excluding high income),Other,Unknown,2014,2010,3.43816659958601,3.43816659958601,Moderate (2-5%),1.11641330983845,8162.13622465638
LAO,Lao PDR,Other,Unknown,2014,2010,4.12924306873771,4.12924306873771,Moderate (2-5%),7.61196343979319,2006.31195444447
LBN,Lebanon,Other,Unknown,2014,2010,1.8546042134091,1.8546042134091,Low (<2%),2.48406010500743,7830.4151113336
LBR,Liberia,Other,Unknown,2014,2010,9.86111285574904,9.86111285574904,High (5-10%),0.701393100287518,707.157694930142
LBY,Libya,Other,Unknown,2014,2010,2.43294141599233,2.43294141599233,Moderate (2-5%),-23.0428058282215,7644.24843947404
LCA,St. Lucia,Other,Unknown,2014,2010,3.51695551369241,3.51695551369241,Moderate (2-5%),1.32809022110105,10369.9382566513
LCN,Latin America & Caribbean,Other,Unknown,2014,2010,3.38341272749477,3.38341272749477,Moderate (2-5%),1.19675253046894,8610.20897998125
LDC,Least developed countries: UN classification,Other,Unknown,2014,2010,4.40535234185293,4.40535234185293,Moderate (2-5%),5.34524804033678,979.669421273234
LIC,Low income,Other,Unknown,2014,2010,4.5223320279748,4.5223320279748,Moderate (2-5%),3.78812661472445,736.000091581386
LKA,Sri Lanka,Asia,Lower Middle,2014,2010,3.1790022823606,3.1790022823606,Moderate (2-5%),6.37797889684965,3929.92061307909
LMC,Lower middle income,Other,Unknown,2014,2010,5.37028961008587,5.37028961008587,High (5-10%),5.78869944897494,1713.01012069776
LMY,Low & middle income,Other,Unknown,2014,2010,3.58922016616663,3.58922016616663,Moderate (2-5%),5.13797592071302,4089.19933719999
LSO,Lesotho,Other,Unknown,2014,2010,5.37028961008587,5.37028961008587,High (5-10%),1.71054990545476,1100.04993684215
LTE,Late-demographic dividend,Other,Unknown,2014,2010,2.04461481539342,2.04461481539342,Moderate (2-5%),5.27993047692303,8010.17156732513
LTU,Lithuania,Other,Unknown,2014,2010,0.103758009433708,0.103758009433708,Low (<2%),3.7725437958099,13753.1895982305
LUX,Luxembourg,Other,Unknown,2014,2010,0.628543985440717,0.628543985440717,Low (<2%),2.62308838097542,105585.401767492
LVA,Latvia,Other,Unknown,2014,2010,0.620490636732421,0.620490636732421,Low (<2%),2.0949597710559,12731.6771959342
MAC,"Macao SAR, China",Other,Unknown,2014,2010,6.04823452094076,6.04823452094076,High (5-10%),-2.03874227961819,92383.8434915276
MAR,Morocco,Africa,Lower Middle,2014,2010,0.442310053557048,0.442310053557048,Low (<2%),2.7192440802029,3051.458984375
MDA,Moldova,Other,Unknown,2014,2010,5.08878554625869,5.08878554625869,High (5-10%),4.99962585407656,2737.80185056647
MDG,Madagascar,Other,Unknown,2014,2010,6.08040811088302,6.08040811088302,High (5-10%),3.33920311195367,443.343869908205
MDV,Maldives,Other,Unknown,2014,2010,2.12000175718134,2.12000175718134,Moderate (2-5%),7.86068643108074,9612.07861806739
MEA,"Middle East, North Africa, Afghanistan & Pakistan",Other,Unknown,2014,2010,2.64755321246189,2.64755321246189,Moderate (2-5%),3.06417065422428,5091.0962863676
MEX,Mexico,North America,Upper Middle,2014,2010,4.01861608078679,4.01861608078679,Moderate (2-5%),2.50376350783593,9862.4812534745
MIC,Middle income,Other,Unknown,2014,2010,3.53436856147324,3.53436856147324,Moderate (2-5%),5.16076456655694,4441.95318528448
MKD,North Macedonia,Other,Unknown,2014,2010,-0.281705032928494,-0.281705032928494,Low (<2%),3.62912351276373,5053.75001236367
MLI,Mali,Other,Unknown,2014,2010,0.883814547137841,0.883814547137841,Low (<2%),6.50263878386326,813.97566128646
MLT,Malta,Other,Unknown,2014,2010,0.310306472181665,0.310306472181665,Low (<2%),7.6313628225042,23866.0555833557
MMR,Myanmar,Other,Unknown,2014,2010,4.953299184844,4.953299184844,Moderate (2-5%),8.16990745558277,1099.24387750099
MNA,"Middle East, North Africa, Afghanistan & Pakistan (excluding high income)",Other,Unknown,2014,2010,2.91692692067458,2.91692692067458,Moderate (2-5%),2.39697080828884,2825.61617270762
MNE,Montenegro,Other,Unknown,2014,2010,-0.710514051710227,-0.710514051710227,Low (<2%),2.37030892464516,6272.08821761355
MNG,Mongolia,Other,Unknown,2014,2010,12.2539808129759,12.2539808129759,Very High (>10%),7.88522548204762,3830.35892049593
MOZ,Mozambique,Other,Low,2014,2010,2.55974875844295,2.55974875844295,Moderate (2-5%),7.70256844839309,585.266716133984
MRT,Mauritania,Other,Unknown,2014,2010,3.53436856147324,3.53436856147324,Moderate (2-5%),4.27482327130284,1524.45340969502
MUS,Mauritius,Other,Unknown,2014,2010,3.21769191994684,3.21769191994684,Moderate (2-5%),3.85773905280689,9297.64820128968
MWI,Malawi,Other,Low,2014,2010,23.7920649469687,23.7920649469687,Very High (>10%),5.62527000105139,539.562601918057
MYS,Malaysia,Asia,Upper Middle,2014,2010,3.14299050879095,3.14299050879095,Moderate (2-5%),6.00672194558203,9341.73055971278
NAC,North America,Other,Unknown,2014,2010,1.76442944229339,1.76442944229339,Low (<2%),2.54944716424754,54473.0949224699
NAM,Namibia,Other,Unknown,2014,2010,5.35016966859602,5.35016966859602,High (5-10%),6.09251915977956,4701.95694189098
NCL,New Caledonia,Other,Unknown,2014,2010,0.178851060785511,0.178851060785511,Low (<2%),,
NER,Niger,Other,Unknown,2014,2010,-0.930287259984466,-0.930287259984466,Low (<2%),6.64213665495603,482.74524741946
NGA,Nigeria,Africa,Low,2014,2010,8.04741087967907,8.04741087967907,High (5-10%),6.30971865521856,2583.61556958171
NIC,Nicaragua,Other,Unknown,2014,2010,6.03596861798425,6.03596861798425,High (5-10%),4.78546013589983,2006.64869646533
NLD,Netherlands,Europe,High,2014,2010,0.976035079699679,0.976035079699679,Low (<2%),1.61255885112396,45042.0515907444
NOR,Norway,Europe,High,2014,2010,2.04170286707211,2.04170286707211,Moderate (2-5%),2.09521388080101,76430.7374974687
NPL,Nepal,Asia,Lower Middle,2014,2010,8.36415469659563,8.36415469659563,High (5-10%),6.01148284250441,846.665541773599
NZL,New Zealand,Oceania,High,2014,2010,1.227507505974,1.227507505974,Low (<2%),3.81933619307242,38025.4674998632
OED,OECD members,Other,Unknown,2014,2010,0.624517311086569,0.624517311086569,Low (<2%),2.23873423415506,35262.5460710348
OMN,Oman,Middle East,High,2014,2010,1.01401483924156,1.01401483924156,Low (<2%),1.29225229411081,18726.2026946971
OSS,Other small states,Other,Unknown,2014,2010,1.34186494340162,1.34186494340162,Low (<2%),2.10170241796435,10136.4144598495
PAK,Pakistan,Asia,Lower Middle,2014,2010,7.18938402847028,7.18938402847028,High (5-10%),4.11642817161422,1343.30778121043
PAN,Panama,Other,Unknown,2014,2010,2.62652699929143,2.62652699929143,Moderate (2-5%),4.62581375565551,13611.5490809559
PER,Peru,South America,Upper Middle,2014,2010,3.41194579807465,3.41194579807465,Moderate (2-5%),2.38215737180541,6103.91864749969
PHL,Philippines,Asia,Lower Middle,2014,2010,3.59782343864211,3.59782343864211,Moderate (2-5%),6.34798748260867,2776.92005909479
PLW,Palau,Other,Unknown,2014,2010,4.19174548581256,4.19174548581256,Moderate (2-5%),4.21392368136632,14725.8436432778
PNG,Papua New Guinea,Other,Unknown,2014,2010,5.22211720226841,5.22211720226841,High (5-10%),13.5437706216546,2391.3578028163
POL,Poland,Europe,Unknown,2014,2010,0.0538213132399802,0.0538213132399802,Low (<2%),3.92050862390032,12093.1622787394
PRE,Pre-demographic dividend,Other,Unknown,2014,2010,3.53436856147324,3.53436856147324,Moderate (2-5%),5.17291765109749,1523.1979782259
PRT,Portugal,Europe,High,2014,2010,-0.278153367467428,-0.278153367467428,Low (<2%),0.741391420706506,18836.8967978906
PRY,Paraguay,South America,Upper Middle,2014,2010,5.02882767456766,5.02882767456766,High (5-10%),5.30123864473624,5794.4764468976
PSE,West Bank and Gaza,Other,Unknown,2014,2010,1.73298510037447,1.73298510037447,Low (<2%),-0.157866650855297,3227.84934482645
PSS,Pacific island small states,Other,Unknown,2014,2010,1.45142452367373,1.45142452367373,Low (<2%),3.57900775268514,3664.67145222981
PST,Post-demographic dividend,Other,Unknown,2014,2010,0.906794000434246,0.906794000434246,Low (<2%),2.08004088630904,40234.9561373078
QAT,Qatar,Middle East,High,2014,2010,3.34972085659523,3.34972085659523,Moderate (2-5%),4.11911527912761,71756.0649338302
ROU,Romania,Other,Unknown,2014,2010,1.06830987684298,1.06830987684298,Low (<2%),4.11600109267832,8661.47397274241
RUS,Russian Federation,Europe,Upper Middle,2014,2010,7.82016970013845,7.82016970013845,High (5-10%),0.736267221403651,9493.8125
RWA,Rwanda,Other,Low,2014,2010,2.35449052820358,2.35449052820358,Moderate (2-5%),5.66845354233575,682.709499066795
SAS,South Asia,Other,Unknown,2014,2010,6.82864780544374,6.82864780544374,High (5-10%),7.24547986703887,1475.21676492149
SAU,Saudi Arabia,Asia,High,2014,2010,2.24185348779063,2.24185348779063,Moderate (2-5%),4.02467158380668,23404.7306039825
SDN,Sudan,Other,Unknown,2014,2010,36.9066427863595,36.9066427863595,Very High (>10%),4.66137954229873,1307.3896484375
SEN,Senegal,Other,Unknown,2014,2010,-1.09025507446895,-1.09025507446895,Low (<2%),6.22407443790986,1180.7987108505
SGP,Singapore,Asia,High,2014,2010,1.03316955857629,1.03316955857629,Low (<2%),3.93554027709007,54681.9336458253
SLB,Solomon Islands,Other,Unknown,2014,2010,5.16590237925171,5.16590237925171,High (5-10%),1.18945509547778,2085.16067273086
SLE,Sierra Leone,Other,Unknown,2014,2010,4.63931171409667,4.63931171409667,Moderate (2-5%),-7.81501512457241,1032.23789355905
SLV,El Salvador,Other,Unknown,2014,2010,1.14134467538233,1.14134467538233,Low (<2%),1.70870628357073,3713.94992016222
SMR,San Marino,Other,Unknown,2014,2010,1.11296303373851,1.11296303373851,Low (<2%),-0.702370500438988,42492.831738275
SRB,Serbia,Other,Unknown,2014,2010,2.08244793880154,2.08244793880154,Moderate (2-5%),-1.80427041681132,5716.54047153506
SSA,Sub-Saharan Africa (excluding high income),Other,Unknown,2014,2010,4.40535234185293,4.40535234185293,Moderate (2-5%),4.72767581662336,1642.90241998613
SSD,South Sudan,Other,Unknown,2014,2010,1.6742990629552,1.6742990629552,Low (<2%),3.37364847715736,1197.09491969479
SSF,Sub-Saharan Africa,Other,Unknown,2014,2010,4.4038027171436,4.4038027171436,Moderate (2-5%),4.72713989905584,1644.07050150089
SST,Small states,Other,Unknown,2014,2010,1.20139964481058,1.20139964481058,Low (<2%),2.33382759269183,10328.383721223
STP,Sao Tome and Principe,Other,Unknown,2014,2010,6.99849943966421,6.99849943966421,High (5-10%),4.90621048664867,1301.32146445028
SUR,Suriname,Other,Unknown,2014,2010,3.38341272749477,3.38341272749477,Moderate (2-5%),0.255503031645475,9224.24378410547
SVK,Slovak Republic,Other,Unknown,2014,2010,-0.0761653295419871,-0.0761653295419871,Low (<2%),2.70795151449488,15647.6491763517
SVN,Slovenia,Other,Unknown,2014,2010,0.199343826570844,0.199343826570844,Low (<2%),2.76283327639742,20228.7081986391
SWE,Sweden,Europe,High,2014,2010,-0.179638494114635,-0.179638494114635,Low (<2%),2.29577238758284,49557.6183647959
SWZ,Eswatini,Other,Unknown,2014,2010,5.68134885776447,5.68134885776447,High (5-10%),2.05738179246586,3381.79292071291
SXM,Sint Maarten (Dutch part),Other,Unknown,2014,2010,1.88675466275266,1.88675466275266,Low (<2%),1.58038221539113,38623.1999405819
SYC,Seychelles,Other,Unknown,2014,2010,1.38583454581263,1.38583454581263,Low (<2%),4.0636918123521,14395.6158118771
SYR,Syrian Arab Republic,Other,Unknown,2014,2010,10.9271141804297,10.9271141804297,Very High (>10%),-10.3103412087823,847.658909813856
TCD,Chad,Other,Unknown,2014,2010,1.6819731392567,1.6819731392567,Low (<2%),2.06283074361411,993.321157706456
TEA,East Asia & Pacific (IDA & IBRD countries),Other,Unknown,2014,2010,3.37040697371653,3.37040697371653,Moderate (2-5%),7.02222532623085,6296.37014710907
TEC,Europe & Central Asia (IDA & IBRD countries),Other,Unknown,2014,2010,2.53187831406913,2.53187831406913,Moderate (2-5%),2.30298411904455,7958.16097502701
TGO,Togo,Other,Unknown,2014,2010,0.19087507624975,0.19087507624975,Low (<2%),5.63323739145223,786.587399651446
THA,Thailand,Asia,Upper Middle,2014,2010,1.89455652481545,1.89455652481545,Low (<2%),0.984468863619426,5541.46599361845
TJK,Tajikistan,Other,Unknown,2014,2010,6.10442765129667,6.10442765129667,High (5-10%),6.70000069016253,925.970961482804
TLA,Latin America & the Caribbean (IDA & IBRD countries),Other,Unknown,2014,2010,3.4282641481078,3.4282641481078,Moderate (2-5%),1.24870826294293,8473.41365340212
TLS,Timor-Leste,Other,Unknown,2014,2010,0.726275016139465,0.726275016139465,Low (<2%),4.47249846569638,1312.96494079465
TMN,"Middle East, North Africa, Afghanistan & Pakistan (IDA & IBRD)",Other,Unknown,2014,2010,3.77123895800744,3.77123895800744,Moderate (2-5%),2.41712951869309,2822.91033070601
TON,Tonga,Other,Unknown,2014,2010,2.51087633253696,2.51087633253696,Moderate (2-5%),1.99053769890816,4058.81584447473
TSA,South Asia (IDA & IBRD),Other,Unknown,2014,2010,6.82864780544374,6.82864780544374,High (5-10%),7.24547986703887,1475.21676492149
TSS,Sub-Saharan Africa (IDA & IBRD countries),Other,Unknown,2014,2010,4.4038027171436,4.4038027171436,Moderate (2-5%),4.72713989905583,1644.07050150089
TTO,Trinidad and Tobago,Other,Unknown,2014,2010,5.68441814595659,5.68441814595659,High (5-10%),3.67086851032413,20032.5402001718
TUN,Tunisia,Africa,Upper Middle,2014,2010,4.62555099534031,4.62555099534031,Moderate (2-5%),3.09032803070775,4021.59954703591
TUR,Turkiye,Europe,Upper Middle,2014,2010,8.85457271364316,8.85457271364316,High (5-10%),4.60079447270559,10597.9801881716
TZA,Tanzania,Other,Low,2014,2010,6.13161432988012,6.13161432988012,High (5-10%),6.73246186832483,913.811218261719
UGA,Uganda,Other,Low,2014,2010,3.07570668958641,3.07570668958641,Moderate (2-5%),5.10630732539796,845.978664791099
UKR,Ukraine,Other,Unknown,2014,2010,12.0718562874251,12.0718562874251,Very High (>10%),-10.0788949840953,2308.6435546875
UMC,Upper middle income,Other,Unknown,2014,2010,3.03372718252381,3.03372718252381,Moderate (2-5%),5.02375276809626,6835.14391841545
URY,Uruguay,South America,High,2014,2010,8.87735333229828,8.87735333229828,High (5-10%),3.23879122952364,17122.0364563225
USA,United States,North America,High,2014,2010,1.62222297740817,1.62222297740817,Low (<2%),2.52381981757846,55665.2411187802
UZB,Uzbekistan,Other,Unknown,2014,2010,9.28309356162695,9.28309356162695,High (5-10%),7.71373911707978,2990.56339751192
VCT,St. Vincent and the Grenadines,Other,Unknown,2014,2010,0.193858560794015,0.193858560794015,Low (<2%),1.1457271877622,7116.22071347207
VEN,"Venezuela, RB",South America,Unknown,2014,2010,62.1686499794829,62.1686499794829,Very High (>10%),-3.85852090032154,4412.9795921313
VNM,Viet Nam,Asia,Lower Middle,2014,2010,4.08455446637625,4.08455446637625,Moderate (2-5%),6.42224312118567,2439.28655744423
VUT,Vanuatu,Other,Unknown,2014,2010,0.798863838097023,0.798863838097023,Low (<2%),3.10512947273315,3175.63375342175
WLD,World,Other,Unknown,2014,2010,2.39371597209796,2.39371597209796,Moderate (2-5%),3.16849193058366,10000.5832738734
WSM,Samoa,Other,Unknown,2014,2010,-0.40681608842489,-0.40681608842489,Low (<2%),0.659923768782861,3967.23730470679
XKX,Kosovo,Other,Unknown,2014,2010,0.428957808324092,0.428957808324092,Low (<2%),3.34880478431623,3279.02345017707
YEM,"Yemen, Rep.",Other,Unknown,2014,2010,8.10472583623915,8.10472583623915,High (5-10%),-0.188690241954504,1950.1625450589
ZAF,South Africa,Africa,Upper Middle,2014,2010,6.13282953059149,6.13282953059149,High (5-10%),1.41382645223793,6155.00589462516
ZMB,Zambia,Other,Unknown,2014,2010,7.80687553566333,7.80687553566333,High (5-10%),4.69328316376705,1299.01241762504
ZWE,Zimbabwe,Other,Unknown,2014,2010,-0.19778481012661,-0.19778481012661,Low (<2%),2.37698561663417,1381.25404125871
ABW,Aruba,Other,Unknown,2015,2010,0.474763597342641,0.474763597342641,Low (<2%),3.61147906591042,27458.2201537506
AFE,Africa Eastern and Southern,Other,Unknown,2015,2010,5.09856164363687,5.09856164363687,High (5-10%),2.93390345864022,1498.71597073834
AFG,Afghanistan,Other,Unknown,2015,2010,-0.661709164713742,-0.661709164713742,Low (<2%),1.45131466066431,565.569730408751
AFW,Africa Western and Central,Other,Unknown,2015,2010,2.13081738058791,2.13081738058791,Moderate (2-5%),2.93291103762179,1863.40151301991
AGO,Angola,Africa,Lower Middle,2015,2010,9.35597215533784,9.35597215533784,High (5-10%),0.763177710914789,3641.72893920253
ALB,Albania,Other,Unknown,2015,2010,1.89617402592356,1.89617402592356,Low (<2%),2.2277040745779,4199.53912925398
ARB,Arab World,Other,Unknown,2015,2010,1.83135233156369,1.83135233156369,Low (<2%),3.34998278420424,6299.87807685552
ARE,United Arab Emirates,Middle East,High,2015,2010,4.06996608361593,4.06996608361593,Moderate (2-5%),7.08766622657654,44910.3458860776
ARM,Armenia,Other,Unknown,2015,2010,3.73169119261693,3.73169119261693,Moderate (2-5%),3.19999999896625,3512.39350276709
ATG,Antigua and Barbuda,Other,Unknown,2015,2010,0.968993458825638,0.968993458825638,Low (<2%),1.42161997595372,16077.6340769406
AUS,Australia,Oceania,High,2015,2010,1.50836803138463,1.50836803138463,Low (<2%),2.16434780647852,56970.3613028094
AUT,Austria,Europe,High,2015,2010,0.89656333526032,0.89656333526032,Low (<2%),1.30352331826198,43915.228020857
AZE,Azerbaijan,Other,Unknown,2015,2010,4.02768573742726,4.02768573742726,Moderate (2-5%),1.04954641215085,5500.50364628486
BDI,Burundi,Other,Unknown,2015,2010,5.54468891259779,5.54468891259779,High (5-10%),-0.404525595204191,254.402585226788
BEL,Belgium,Europe,High,2015,2010,0.561429152790158,0.561429152790158,Low (<2%),1.47416433731927,40893.804537772
BEN,Benin,Other,Unknown,2015,2010,0.218785923536245,0.218785923536245,Low (<2%),1.77815106030278,1002.41886879614
BFA,Burkina Faso,Other,Unknown,2015,2010,0.724838981070517,0.724838981070517,Low (<2%),3.9212287937935,630.124750752312
BGD,Bangladesh,Asia,Lower Middle,2015,2010,6.19428022984984,6.19428022984984,High (5-10%),6.55263987816197,1224.38647668165
BGR,Bulgaria,Other,Unknown,2015,2010,-0.104633261008479,-0.104633261008479,Low (<2%),3.39755351999294,7269.02586513711
BHR,Bahrain,Middle East,High,2015,2010,1.84862742374977,1.84862742374977,Low (<2%),2.50787205267615,23734.0551143019
BHS,"Bahamas, The",Other,Unknown,2015,2010,1.86148302863371,1.86148302863371,Low (<2%),0.997411675486745,30719.405417469
BIH,Bosnia and Herzegovina,Other,Unknown,2015,2010,-1.03602303425474,-1.03602303425474,Low (<2%),4.28413016137854,4662.25869219448
BLR,Belarus,Other,Unknown,2015,2010,13.5344897649734,13.5344897649734,Very High (>10%),-3.82957056812593,5967.05595058777
BLZ,Belize,Other,Unknown,2015,2010,-0.861584009427748,-0.861584009427748,Low (<2%),2.7602602736023,6154.62264230369
BOL,Bolivia,South America,Upper Middle,2015,2010,4.05961041135645,4.05961041135645,Moderate (2-5%),4.85718718508603,2996.01289811344
BRA,Brazil,South America,Upper Middle,2015,2010,9.02990102416136,9.02990102416136,High (5-10%),-3.54576339269425,8936.19661712113
BRB,Barbados,Other,Unknown,2015,2010,-1.11278992510958,-1.11278992510958,Low (<2%),-0.772620078410995,20429.4747123553
BRN,Brunei Darussalam,Other,Unknown,2015,2010,-0.488347420743522,-0.488347420743522,Low (<2%),-0.392383749502031,30625.1287744656
BTN,Bhutan,Other,Unknown,2015,2010,4.54814395082205,4.54814395082205,Moderate (2-5%),6.66080128866197,2954.04081911097
BWA,Botswana,Other,Unknown,2015,2010,3.06203169580558,3.06203169580558,Moderate (2-5%),-4.85132507409779,6141.20394726616
CAF,Central African Republic,Other,Unknown,2015,2010,1.40297017136816,1.40297017136816,Low (<2%),4.33712103020231,366.322853938121
CAN,Canada,North America,High,2015,2010,1.12524136094277,1.12524136094277,Low (<2%),0.64997101491096,43594.2379080706
CEB,Central Europe and the Baltics,Other,Unknown,2015,2010,-0.464499004645003,-0.464499004645003,Low (<2%),4.0016836383322,12596.9151136003
CHE,Switzerland,Europe,High,2015,2010,-1.14390867228178,-1.14390867228178,Low (<2%),1.45450336491099,85265.06205193
CHL,Chile,South America,High,2015,2010,4.34877353217044,4.34877353217044,Moderate (2-5%),2.15194249981184,13433.9202987032
CHN,China,Asia,Upper Middle,2015,2010,1.43702380935655,1.43702380935655,Low (<2%),6.98162255562367,8175.33285077393
CIV,Cote d'Ivoire,Africa,Lower Middle,2015,2010,1.25149954781468,1.25149954781468,Low (<2%),7.19494942728191,1814.71855088017
CMR,Cameroon,Africa,Lower Middle,2015,2010,2.676235314199,2.676235314199,Moderate (2-5%),5.66695298703932,1415.00009710569
COD,"Congo, Dem. Rep.",Other,Unknown,2015,2010,0.74419899478147,0.74419899478147,Low (<2%),6.35973756164829,495.826633014883
COG,"Congo, Rep.",Other,Unknown,2015,2010,3.16909796750829,3.16909796750829,Moderate (2-5%),0.415193061293763,2439.35189403696
COL,Colombia,South America,Upper Middle,2015,2010,4.9898311584953,4.9898311584953,Moderate (2-5%),2.95590137527523,6248.51490534512
COM,Comoros,Other,Unknown,2015,2010,-0.11717388419007,-0.11717388419007,Low (<2%),1.14735632260047,1329.37048235986
CPV,Cabo Verde,Other,Unknown,2015,2010,0.131187999024545,0.131187999024545,Low (<2%),0.936026507808833,3415.06266730931
CRI,Costa Rica,Other,Unknown,2015,2010,0.801982005099623,0.801982005099623,Low (<2%),3.65208093006359,11714.7106121672
CSS,Caribbean small states,Other,Unknown,2015,2010,-0.852705497033039,-0.852705497033039,Low (<2%),-0.064034306514273,14497.8798625347
CUW,Curacao,Other,Unknown,2015,2010,-0.476542049801405,-0.476542049801405,Low (<2%),0.458151544160046,19361.8130008678
CYM,Cayman Islands,Other,Unknown,2015,2010,-2.34752770165615,-2.34752770165615,Low (<2%),2.8331222262961,76379.2095108681
CYP,Cyprus,Other,Unknown,2015,2010,-2.0969976905312,-2.0969976905312,Low (<2%),3.41892038889013,23088.4296875
CZE,Czechia,Other,Unknown,2015,2010,0.309364548494975,0.309364548494975,Low (<2%),4.95875848915604,17931.5987670768
DEU,Germany,Europe,High,2015,2010,0.514426137125456,0.514426137125456,Low (<2%),1.66300602334775,41929.7549110722
DJI,Djibouti,Other,Unknown,2015,2010,-0.522166521445793,-0.522166521445793,Low (<2%),7.30898563450799,2376.12554719873
DMA,Dominica,Other,Unknown,2015,2010,-0.84382698463833,-0.84382698463833,Low (<2%),-3.37338262476895,8282.59874702141
DNK,Denmark,Europe,High,2015,2010,0.452034153691575,0.452034153691575,Low (<2%),2.10441456445301,53094.0133607574
DOM,Dominican Republic,Other,Unknown,2015,2010,0.836746346724557,0.836746346724557,Low (<2%),6.98771131236387,6800.95309395474
DZA,Algeria,Africa,Upper Middle,2015,2010,4.78444700693889,4.78444700693889,Moderate (2-5%),3.20000000089023,4685.05902729002
EAP,East Asia & Pacific (excluding high income),Other,Unknown,2015,2010,1.22393195511119,1.22393195511119,Low (<2%),6.66372817923681,6589.81824245918
EAR,Early-demographic dividend,Other,Unknown,2015,2010,3.12900274473925,3.12900274473925,Moderate (2-5%),4.25265763904281,3178.86716124226
EAS,East Asia & Pacific,Other,Unknown,2015,2010,0.795279630579839,0.795279630579839,Low (<2%),4.75890325549717,9730.64405529046
ECA,Europe & Central Asia (excluding high income),Other,Unknown,2015,2010,4.02768573742726,4.02768573742726,Moderate (2-5%),3.4855285083172,6338.80741019255
ECS,Europe & Central Asia,Other,Unknown,2015,2010,0.36804684232536,0.36804684232536,Low (<2%),2.07832382006356,22742.4739859372
ECU,Ecuador,South America,Upper Middle,2015,2010,3.96664623255358,3.96664623255358,Moderate (2-5%),0.119692109287612,5976.1596805651
EGY,"Egypt, Arab Rep.",Africa,Lower Middle,2015,2010,10.370490343517,10.370490343517,Very High (>10%),4.37201907781687,3306.98159414141
EMU,Euro area,Other,Unknown,2015,2010,-0.104633261008479,-0.104633261008479,Low (<2%),2.14894477032594,33928.614137702
ESP,Spain,Europe,High,2015,2010,-0.500365709903243,-0.500365709903243,Low (<2%),4.06086672473866,25982.4416197775
EST,Estonia,Other,Unknown,2015,2010,-0.49232600654737,-0.49232600654737,Low (<2%),1.83815262882932,17722.1557669523
ETH,Ethiopia,Africa,Low,2015,2010,9.56889955968623,9.56889955968623,High (5-10%),10.3924630141307,597.912113218663
EUU,European Union,Other,Unknown,2015,2010,-0.0616446800641672,-0.0616446800641672,Low (<2%),2.37195113797821,30771.6635221374
FIN,Finland,Europe,High,2015,2010,-0.207928839905177,-0.207928839905177,Low (<2%),0.466503766322674,42560.3456767103
FJI,Fiji,Other,Unknown,2015,2010,1.37488542621447,1.37488542621447,Low (<2%),4.50120064471365,5097.53106864695
FRA,France,Europe,High,2015,2010,0.0375143805125182,0.0375143805125182,Low (<2%),1.06675474783462,36702.4323733379
FSM,"Micronesia, Fed. Sts.",Other,Unknown,2015,2010,-0.2981158373807,-0.2981158373807,Low (<2%),4.3859649122807,2869.86276169101
GAB,Gabon,Other,Unknown,2015,2010,-0.338795188753406,-0.338795188753406,Low (<2%),3.8788993950789,7047.12654634355
GBR,United Kingdom,Europe,High,2015,2010,0.36804684232536,0.36804684232536,Low (<2%),2.14040560033371,45256.040227057
GEO,Georgia,Other,Unknown,2015,2010,4.00357820695097,4.00357820695097,Moderate (2-5%),3.35102350265353,4086.6223465965
GHA,Ghana,Africa,Unknown,2015,2010,17.1499695007878,17.1499695007878,Very High (>10%),2.12075933817334,1722.77282833606
GIN,Guinea,Other,Unknown,2015,2010,11.7800825029834,11.7800825029834,Very High (>10%),3.82591056949435,747.356966759448
GMB,"Gambia, The",Other,Unknown,2015,2010,6.8084549457961,6.8084549457961,High (5-10%),4.0580738039996,619.536364296461
GNB,Guinea-Bissau,Other,Unknown,2015,2010,1.47672048910485,1.47672048910485,Low (<2%),6.1340893623123,645.066837207039
GNQ,Equatorial Guinea,Other,Unknown,2015,2010,1.67663085315988,1.67663085315988,Low (<2%),-9.11004114881537,9068.91003238645
GRC,Greece,Europe,High,2015,2010,-1.73588804765284,-1.73588804765284,Low (<2%),-0.228301892172851,17980.7298238137
GRD,Grenada,Other,Unknown,2015,2010,-0.515448031435329,-0.515448031435329,Low (<2%),6.44522314693144,8694.12438005692
GTM,Guatemala,Other,Unknown,2015,2010,2.3887203283955,2.3887203283955,Moderate (2-5%),4.09217170075418,3893.50533299068
GUY,Guyana,Other,Unknown,2015,2010,-0.865401289233742,-0.865401289233742,Low (<2%),0.687404590619494,5640.41560569466
HIC,High income,Other,Unknown,2015,2010,0.330027165141066,0.330027165141066,Low (<2%),2.36450358189597,36734.6310227088
HKG,"Hong Kong SAR, China",Other,Unknown,2015,2010,2.99084819322581,2.99084819322581,Moderate (2-5%),2.38780116013344,42432.1619740441
HND,Honduras,Other,Unknown,2015,2010,3.15783117980915,3.15783117980915,Moderate (2-5%),3.84007997093951,2271.20265980349
HPC,Heavily indebted poor countries (HIPC),Other,Unknown,2015,2010,3.55075967356746,3.55075967356746,Moderate (2-5%),4.90646824015406,917.924140878178
HRV,Croatia,Other,Unknown,2015,2010,-0.464499004645003,-0.464499004645003,Low (<2%),2.32056679330526,12283.8750299177
HTI,Haiti,Other,Unknown,2015,2010,6.73184069658997,6.73184069658997,High (5-10%),1.40000000859727,1411.12684746796
HUN,Hungary,Other,Unknown,2015,2010,-0.0616446800641672,-0.0616446800641672,Low (<2%),3.65981615406955,12782.9412577973
IBD,IBRD only,Other,Unknown,2015,2010,3.09551722027242,3.09551722027242,Moderate (2-5%),4.31854010648796,5546.81934137697
IBT,IDA & IBRD total,Other,Unknown,2015,2010,3.12900274473925,3.12900274473925,Moderate (2-5%),4.25326636645823,4477.24409653758
IDA,IDA total,Other,Unknown,2015,2010,3.15783117980915,3.15783117980915,Moderate (2-5%),3.48188857013798,1357.9051932623
IDB,IDA blend,Other,Unknown,2015,2010,1.37488542621447,1.37488542621447,Low (<2%),3.9277692964975,1967.8941145813
IDN,Indonesia,Asia,Lower Middle,2015,2010,6.36312061196646,6.36312061196646,High (5-10%),4.87632230022123,3288.22269725538
IDX,IDA only,Other,Unknown,2015,2010,3.40274327737188,3.40274327737188,Moderate (2-5%),3.01701813615682,1024.03892548547
IND,India,Asia,Lower Middle,2015,2010,4.90697344127249,4.90697344127249,Moderate (2-5%),7.99625378567987,1583.99815907985
IRL,Ireland,Europe,High,2015,2010,-0.330959783371788,-0.330959783371788,Low (<2%),24.6239856364006,64250.1385181257
IRN,"Iran, Islamic Rep.",Asia,Lower Middle,2015,2010,12.4846815611533,12.4846815611533,Very High (>10%),-1.42488493937503,4952.73355532178
IRQ,Iraq,Middle East,Unknown,2015,2010,1.39333028780268,1.39333028780268,Low (<2%),2.60676642939541,4440.14189252367
ISL,Iceland,Other,Unknown,2015,2010,1.63305558181335,1.63305558181335,Low (<2%),3.76859020213645,53505.6964079339
ISR,Israel,Europe,High,2015,2010,-0.617342577642765,-0.617342577642765,Low (<2%),2.23599889603805,36138.13561386
ITA,Italy,Europe,High,2015,2010,0.0387903996579733,0.0387903996579733,Low (<2%),0.885667635240807,30639.8829751432
JAM,Jamaica,Other,Unknown,2015,2010,3.69154228855725,3.69154228855725,Moderate (2-5%),0.92148712399856,5339.30718256806
JOR,Jordan,Other,Unknown,2015,2010,-0.876851359704049,-0.876851359704049,Low (<2%),2.52261671092148,4441.61896013754
JPN,Japan,Asia,High,2015,2010,0.795279630579839,0.795279630579839,Low (<2%),1.79997735783475,35664.6446110613
KAZ,Kazakhstan,Other,Unknown,2015,2010,6.67828585615236,6.67828585615236,High (5-10%),1.20000000053288,10196.1226255982
KEN,Kenya,Africa,Low,2015,2010,6.58215429284779,6.58215429284779,High (5-10%),4.96772112759767,1489.11959777284
KGZ,Kyrgyz Republic,Other,Unknown,2015,2010,6.50331838993384,6.50331838993384,High (5-10%),3.87582544512439,1105.65193844261
KHM,Cambodia,Other,Unknown,2015,2010,1.22393195511119,1.22393195511119,Low (<2%),7.20703472529512,1547.32010444393
KIR,Kiribati,Other,Unknown,2015,2010,0.572015743634256,0.572015743634256,Low (<2%),11.2653209431294,1639.85274740652
KNA,St. Kitts and Nevis,Other,Unknown,2015,2010,-2.30187563045616,-2.30187563045616,Low (<2%),0.694135527876625,20328.8003530109
KOR,"Korea, Rep.",Asia,High,2015,2010,0.70633177245575,0.70633177245575,Low (<2%),2.92029267301234,30171.7906545222
KWT,Kuwait,Middle East,High,2015,2010,3.27170166092133,3.27170166092133,Moderate (2-5%),0.592770817217982,29882.2126495698
LAC,Latin America & Caribbean (excluding high income),Other,Unknown,2015,2010,3.15783117980915,3.15783117980915,Moderate (2-5%),0.0699385356183484,8087.33242325425
LAO,Lao PDR,Other,Unknown,2015,2010,1.27735427102992,1.27735427102992,Low (<2%),7.27006584373785,2121.01339097363
LBN,Lebanon,Other,Unknown,2015,2010,-3.74914524799629,-3.74914524799629,Low (<2%),0.462320792597581,7714.1099998804
LBR,Liberia,Other,Unknown,2015,2010,7.74869687621322,7.74869687621322,High (5-10%),-0.0185649695590939,692.590082351257
LBY,Libya,Other,Unknown,2015,2010,10.4022933588151,10.4022933588151,Very High (>10%),-0.842656252118843,7458.48917756374
LCA,St. Lucia,Other,Unknown,2015,2010,-0.983600952696996,-0.983600952696996,Low (<2%),0.101917836412952,10334.9860823918
LCN,Latin America & Caribbean,Other,Unknown,2015,2010,1.86148302863371,1.86148302863371,Low (<2%),0.239853960080666,8546.91790238019
LDC,Least developed countries: UN classification,Other,Unknown,2015,2010,3.40274327737188,3.40274327737188,Moderate (2-5%),2.75018770897304,983.414934367096
LIC,Low income,Other,Unknown,2015,2010,5.54468891259779,5.54468891259779,High (5-10%),-0.422605997956367,714.836450326294
LKA,Sri Lanka,Asia,Lower Middle,2015,2010,3.76836783062096,3.76836783062096,Moderate (2-5%),4.20595547501601,4057.71582716521
LMC,Lower middle income,Other,Unknown,2015,2010,3.99737996694396,3.99737996694396,Moderate (2-5%),5.54051938384552,1780.68853695471
LMY,Low & middle income,Other,Unknown,2015,2010,3.1937715520338,3.1937715520338,Moderate (2-5%),4.65256634204385,4223.77742891002
LSO,Lesotho,Other,Unknown,2015,2010,3.21844513655931,3.21844513655931,Moderate (2-5%),3.12406678044546,1121.19851342518
LTE,Late-demographic dividend,Other,Unknown,2015,2010,1.5579071134626,1.5579071134626,Low (<2%),4.70954361182743,8331.63288950883
LTU,Lithuania,Other,Unknown,2015,2010,-0.884097405500596,-0.884097405500596,Low (<2%),2.83280643343234,14269.8039878287
LUX,Luxembourg,Other,Unknown,2015,2010,0.474743161437871,0.474743161437871,Low (<2%),2.26836572735107,105462.012584423
LVA,Latvia,Other,Unknown,2015,2010,0.174242243625186,0.174242243625186,Low (<2%),3.78336712084972,13321.9753140616
MAC,"Macao SAR, China",Other,Unknown,2015,2010,4.56056338028173,4.56056338028173,Moderate (2-5%),-21.7540078753246,69902.9605741233
MAR,Morocco,Africa,Lower Middle,2015,2010,1.5579071134626,1.5579071134626,Low (<2%),4.34458297635238,3146.24780273438
MDA,Moldova,Other,Unknown,2015,2010,9.67624033101859,9.67624033101859,High (5-10%),-0.338235622387202,2749.55137054338
MDG,Madagascar,Other,Unknown,2015,2010,7.40419174202129,7.40419174202129,High (5-10%),3.13229807490305,445.320069480568
MDV,Maldives,Other,Unknown,2015,2010,0.953206658777607,0.953206658777607,Low (<2%),3.86813536494475,9644.90655028145
MEA,"Middle East, North Africa, Afghanistan & Pakistan",Other,Unknown,2015,2010,1.6859921764201,1.6859921764201,Low (<2%),2.77014189000649,5130.25978607342
MEX,Mexico,North America,Upper Middle,2015,2010,2.72064064964023,2.72064064964023,Moderate (2-5%),2.70232343024026,10021.2386113616
MIC,Middle income,Other,Unknown,2015,2010,3.12900274473925,3.12900274473925,Moderate (2-5%),4.73712887124695,4597.60474958281
MKD,North Macedonia,Other,Unknown,2015,2010,-0.299920475631462,-0.299920475631462,Low (<2%),3.85586514041738,5262.68671928674
MLI,Mali,Other,Unknown,2015,2010,1.45069057605961,1.45069057605961,Low (<2%),6.23887890181064,838.11986940103
MLT,Malta,Other,Unknown,2015,2010,1.10054826378929,1.10054826378929,Low (<2%),9.62070302842181,25529.6693210673
MMR,Myanmar,Other,Unknown,2015,2010,9.45417189526018,9.45417189526018,High (5-10%),6.99284029026121,1166.73305546337
MNA,"Middle East, North Africa, Afghanistan & Pakistan (excluding high income)",Other,Unknown,2015,2010,2.04361764300244,2.04361764300244,Moderate (2-5%),1.11561157880718,2808.6233441937
MNE,Montenegro,Other,Unknown,2015,2010,1.54869158222486,1.54869158222486,Low (<2%),2.52306333975571,6421.00005731419
MNG,Mongolia,Other,Unknown,2015,2010,5.73568281938327,5.73568281938327,High (5-10%),2.37983580731722,3838.92126989984
MOZ,Mozambique,Other,Low,2015,2010,3.55075967356746,3.55075967356746,Moderate (2-5%),7.3930936986377,610.563774706589
MRT,Mauritania,Other,Unknown,2015,2010,3.25472688117631,3.25472688117631,Moderate (2-5%),5.37633923694936,1558.84205473416
MUS,Mauritius,Other,Unknown,2015,2010,1.28654970760232,1.28654970760232,Low (<2%),3.71766362108832,9630.5437837507
MWI,Malawi,Other,Low,2015,2010,21.8673475542553,21.8673475542553,Very High (>10%),2.80000000003355,539.605363240686
MYS,Malaysia,Asia,Upper Middle,2015,2010,2.10438980238359,2.10438980238359,Moderate (2-5%),5.09153242155011,9648.6797937523
NAC,North America,Other,Unknown,2015,2010,0.621934248247613,0.621934248247613,Low (<2%),2.76110438770922,55534.4614029189
NAM,Namibia,Other,Unknown,2015,2010,3.39401538410559,3.39401538410559,Moderate (2-5%),4.26417453763675,4774.10650865775
NCL,New Caledonia,Other,Unknown,2015,2010,0.570508141048402,0.570508141048402,Low (<2%),,30858.7237060533
NER,Niger,Other,Unknown,2015,2010,-0.576090369833189,-0.576090369833189,Low (<2%),4.39264883207291,485.662574175279
NGA,Nigeria,Africa,Low,2015,2010,9.00943498007706,9.00943498007706,High (5-10%),2.65269329541779,2585.73360671797
NIC,Nicaragua,Other,Unknown,2015,2010,3.99737996694396,3.99737996694396,Moderate (2-5%),4.79226768332697,2074.45620634731
NLD,Netherlands,Europe,High,2015,2010,0.600248147278776,0.600248147278776,Low (<2%),2.12064007193544,45793.8135434697
NOR,Norway,Europe,High,2015,2010,2.17113665389527,2.17113665389527,Moderate (2-5%),2.04428845501438,77220.9524311414
NPL,Nepal,Asia,Lower Middle,2015,2010,7.86890895590891,7.86890895590891,High (5-10%),3.97605327162971,875.543635474862
NZL,New Zealand,Oceania,High,2015,2010,0.292704628136101,0.292704628136101,Low (<2%),3.72968312125018,38648.7302562109
OED,OECD members,Other,Unknown,2015,2010,0.338705695410168,0.338705695410168,Low (<2%),2.53080900311944,35931.9232791311
OMN,Oman,Middle East,High,2015,2010,0.0652901330286599,0.0652901330286599,Low (<2%),5.01705799719045,18808.3077921839
OSS,Other small states,Other,Unknown,2015,2010,0.953206658777607,0.953206658777607,Low (<2%),3.35379601684932,10359.1167773921
PAK,Pakistan,Asia,Lower Middle,2015,2010,2.52932817254229,2.52932817254229,Moderate (2-5%),4.21794209572506,1380.47020838317
PAN,Panama,Other,Unknown,2015,2010,0.137492058461588,0.137492058461588,Low (<2%),5.26691719595516,14082.6548502728
PER,Peru,South America,Upper Middle,2015,2010,3.39809194746308,3.39809194746308,Moderate (2-5%),3.25224477218451,6231.71150338894
PHL,Philippines,Asia,Lower Middle,2015,2010,0.674192536845408,0.674192536845408,Low (<2%),6.34830971672761,2909.85818010301
PLW,Palau,Other,Unknown,2015,2010,0.949040643697081,0.949040643697081,Low (<2%),8.57000568228419,15938.3652222848
PNG,Papua New Guinea,Other,Unknown,2015,2010,5.99595778127107,5.99595778127107,High (5-10%),6.57835632304275,2484.5963398603
POL,Poland,Europe,Unknown,2015,2010,-0.874125874125862,-0.874125874125862,Low (<2%),4.43176700264478,12637.5220324406
PRE,Pre-demographic dividend,Other,Unknown,2015,2010,3.25472688117631,3.25472688117631,Moderate (2-5%),3.04225473776046,1526.04099231967
PRT,Portugal,Europe,High,2015,2010,0.48793862390472,0.48793862390472,Low (<2%),1.58979803702681,19215.7813014347
PRY,Paraguay,South America,Upper Middle,2015,2010,3.12900274473925,3.12900274473925,Moderate (2-5%),2.95715168367079,5879.33792308671
PSE,West Bank and Gaza,Other,Unknown,2015,2010,1.43161145810476,1.43161145810476,Low (<2%),3.72129967114788,3272.15432360708
PSS,Pacific island small states,Other,Unknown,2015,2010,0.648242939254492,0.648242939254492,Low (<2%),3.97583679136102,3761.06673610832
PST,Post-demographic dividend,Other,Unknown,2015,2010,0.36804684232536,0.36804684232536,Low (<2%),2.25737860257307,40960.9089975197
QAT,Qatar,Middle East,High,2015,2010,1.8140772393776,1.8140772393776,Low (<2%),4.75334572438737,68985.2946961507
ROU,Romania,Other,Unknown,2015,2010,-0.594156437495203,-0.594156437495203,Low (<2%),3.1570360543854,8977.01748158196
RUS,Russian Federation,Europe,Upper Middle,2015,2010,15.5343959935701,15.5343959935701,Very High (>10%),-1.9727192264298,9277.7138671875
RWA,Rwanda,Other,Low,2015,2010,2.52850284192421,2.52850284192421,Moderate (2-5%),8.87036752872743,725.691418696952
SAS,South Asia,Other,Unknown,2015,2010,4.72755869604727,4.72755869604727,Moderate (2-5%),7.68973935190233,1570.54142452744
SAU,Saudi Arabia,Asia,High,2015,2010,1.22269318552328,1.22269318552328,Low (<2%),4.65512316652699,23256.1549553531
SDN,Sudan,Other,Unknown,2015,2010,16.9095706050977,16.9095706050977,Very High (>10%),1.91017689052751,1292.37963867188
SEN,Senegal,Other,Unknown,2015,2010,0.135211933635165,0.135211933635165,Low (<2%),6.36704365066983,1218.00613555438
SGP,Singapore,Asia,High,2015,2010,-0.521975611895763,-0.521975611895763,Low (<2%),2.97679931634806,55645.6068614606
SLB,Solomon Islands,Other,Unknown,2015,2010,-0.57446928635949,-0.57446928635949,Low (<2%),1.67578612030815,2045.47721526649
SLE,Sierra Leone,Other,Unknown,2015,2010,6.68943562498681,6.68943562498681,High (5-10%),-4.36333262093788,964.575980888989
SLV,El Salvador,Other,Unknown,2015,2010,-0.731384487387957,-0.731384487387957,Low (<2%),2.40000008852115,3790.34089108162
SMR,San Marino,Other,Unknown,2015,2010,0.145686073241066,0.145686073241066,Low (<2%),2.29150309460655,43146.8035302005
SRB,Serbia,Other,Unknown,2015,2010,1.39235822000187,1.39235822000187,Low (<2%),1.2957386351958,5820.3215576888
SSA,Sub-Saharan Africa (excluding high income),Other,Unknown,2015,2010,3.39401538410559,3.39401538410559,Moderate (2-5%),2.92864568387523,1646.07300085129
SSD,South Sudan,Other,Unknown,2015,2010,52.7663304192143,52.7663304192143,Very High (>10%),-10.7933646271143,1080.14718624765
SSF,Sub-Saharan Africa,Other,Unknown,2015,2010,3.47238752883652,3.47238752883652,Moderate (2-5%),2.93344601140815,1647.32085826836
SST,Small states,Other,Unknown,2015,2010,0.552796026277853,0.552796026277853,Low (<2%),2.25069098311559,10451.9964952878
STP,Sao Tome and Principe,Other,Unknown,2015,2010,5.24587835022454,5.24587835022454,High (5-10%),1.5397042826735,1298.10946596396
SUR,Suriname,Other,Unknown,2015,2010,6.89390359168238,6.89390359168238,High (5-10%),-3.41304268067621,8813.61705392067
SVK,Slovak Republic,Other,Unknown,2015,2010,-0.325219777427765,-0.325219777427765,Low (<2%),5.17687909722133,16442.0760860018
SVN,Slovenia,Other,Unknown,2015,2010,-0.525552285820783,-0.525552285820783,Low (<2%),2.39330621338168,20697.2748530619
SWE,Sweden,Europe,High,2015,2010,-0.0467847449832812,-0.0467847449832812,Low (<2%),4.38824673608589,51188.1652120493
SWZ,Eswatini,Other,Unknown,2015,2010,4.95124493704919,4.95124493704919,Moderate (2-5%),1.70425806017289,3419.82276559528
SXM,Sint Maarten (Dutch part),Other,Unknown,2015,2010,0.330027165141066,0.330027165141066,Low (<2%),0.105813149997005,37839.6283815163
SYC,Seychelles,Other,Unknown,2015,2010,4.04194410725617,4.04194410725617,Moderate (2-5%),8.9140088750469,15333.1051727105
SYR,Syrian Arab Republic,Other,Unknown,2015,2010,38.4611429599733,38.4611429599733,Very High (>10%),-4.17969204561759,847.731545352582
TCD,Chad,Other,Unknown,2015,2010,4.37712665065654,4.37712665065654,Moderate (2-5%),3.30415979779805,993.990730610869
TEA,East Asia & Pacific (IDA & IBRD countries),Other,Unknown,2015,2010,1.08648629940414,1.08648629940414,Low (<2%),6.66374638813893,6664.53447337008
TEC,Europe & Central Asia (IDA & IBRD countries),Other,Unknown,2015,2010,3.86763469978395,3.86763469978395,Moderate (2-5%),1.46022367131448,8034.6842596255
TGO,Togo,Other,Unknown,2015,2010,2.58500390801595,2.58500390801595,Moderate (2-5%),5.4680413807304,813.894676975085
THA,Thailand,Asia,Upper Middle,2015,2010,-0.898143410569433,-0.898143410569433,Low (<2%),3.13404724911635,5688.85335397884
TJK,Tajikistan,Other,Unknown,2015,2010,5.7145594964971,5.7145594964971,High (5-10%),6.01930331771186,956.916310930656
TLA,Latin America & the Caribbean (IDA & IBRD countries),Other,Unknown,2015,2010,2.92482169718974,2.92482169718974,Moderate (2-5%),0.189496368114675,8404.04978849743
TLS,Timor-Leste,Other,Unknown,2015,2010,0.552796026277853,0.552796026277853,Low (<2%),2.48004040218397,1319.59297370991
TMN,"Middle East, North Africa, Afghanistan & Pakistan (IDA & IBRD)",Other,Unknown,2015,2010,2.52932817254229,2.52932817254229,Moderate (2-5%),1.09556855918702,2805.48695611112
TON,Tonga,Other,Unknown,2015,2010,-1.05399831971283,-1.05399831971283,Low (<2%),1.11374402398066,4123.90347238813
TSA,South Asia (IDA & IBRD),Other,Unknown,2015,2010,4.72755869604727,4.72755869604727,Moderate (2-5%),7.68973935190233,1570.54142452744
TSS,Sub-Saharan Africa (IDA & IBRD countries),Other,Unknown,2015,2010,3.47238752883652,3.47238752883652,Moderate (2-5%),2.93344601140815,1647.32085826836
TTO,Trinidad and Tobago,Other,Unknown,2015,2010,4.66121598098264,4.66121598098264,Moderate (2-5%),-0.406283288730492,19887.2327716498
TUN,Tunisia,Africa,Upper Middle,2015,2010,4.437371273215,4.437371273215,Moderate (2-5%),0.967834205635981,4014.94773686432
TUR,Turkiye,Europe,Upper Middle,2015,2010,7.67085364845885,7.67085364845885,High (5-10%),5.80557386628684,11064.6494504662
TZA,Tanzania,Other,Low,2015,2010,5.58816952959298,5.58816952959298,High (5-10%),6.16062877406682,939.127319335938
UGA,Uganda,Other,Low,2015,2010,5.58968606251725,5.58968606251725,High (5-10%),5.18785986002466,862.934610355811
UKR,Ukraine,Other,Unknown,2015,2010,48.6998646434424,48.6998646434424,Very High (>10%),-9.7729872128676,2094.47387695313
UMC,Upper middle income,Other,Unknown,2015,2010,1.78640243954172,1.78640243954172,Low (<2%),4.56055688519767,7083.47780015619
URY,Uruguay,South America,High,2015,2010,8.66626987079328,8.66626987079328,High (5-10%),0.370741257681345,17125.9016800298
USA,United States,North America,High,2015,2010,0.118627135552451,0.118627135552451,Low (<2%),2.94555045227337,56849.4697923159
UZB,Uzbekistan,Other,Unknown,2015,2010,8.75188196737508,8.75188196737508,High (5-10%),7.94477659311639,3172.89899391083
VCT,St. Vincent and the Grenadines,Other,Unknown,2015,2010,-1.73361194953959,-1.73361194953959,Low (<2%),2.78509791763551,7353.73556054184
VEN,"Venezuela, RB",South America,Unknown,2015,2010,121.738085297503,121.738085297503,Very High (>10%),-6.18729096989966,4096.61989137473
VNM,Viet Nam,Asia,Lower Middle,2015,2010,0.631200905175685,0.631200905175685,Low (<2%),6.98715430598611,2577.56885340113
VUT,Vanuatu,Other,Unknown,2015,2010,2.48326875660439,2.48326875660439,Moderate (2-5%),3.50101268962098,3214.41948587141
WLD,World,Other,Unknown,2015,2010,1.43702380935655,1.43702380935655,Low (<2%),3.12721325699906,10191.9752512662
WSM,Samoa,Other,Unknown,2015,2010,0.724470134874729,0.724470134874729,Low (<2%),3.8503618166494,4084.36083819933
XKX,Kosovo,Other,Unknown,2015,2010,-0.536929392740659,-0.536929392740659,Low (<2%),5.91623128345211,3520.62685324451
ZAF,South Africa,Africa,Upper Middle,2015,2010,4.51869094892506,4.51869094892506,Moderate (2-5%),1.32186223678229,6112.27382485974
ZMB,Zambia,Other,Unknown,2015,2010,10.1105928909618,10.1105928909618,Very High (>10%),2.92037511217961,1295.87788680068
ZWE,Zimbabwe,Other,Unknown,2015,2010,-2.43096842383404,-2.43096842383404,Low (<2%),1.77985356392176,1387.12632595026
ABW,Aruba,Other,Unknown,2016,2010,-0.93119598707956,-0.93119598707956,Low (<2%),1.23433537363427,27587.2498040483
AFE,Africa Eastern and Southern,Other,Unknown,2016,2010,6.44687722255584,6.44687722255584,High (5-10%),2.2925005812875,1493.11936575691
AFG,Afghanistan,Other,Unknown,2016,2010,4.38389195513915,4.38389195513915,Moderate (2-5%),2.26031420279821,563.872336723147
AFW,Africa Western and Central,Other,Unknown,2016,2010,1.48741550755546,1.48741550755546,Low (<2%),0.176171718599761,1817.66095620629
AGO,Angola,Africa,Lower Middle,2016,2010,30.6944150806719,30.6944150806719,Very High (>10%),-0.233076954805284,3505.59634681792
ALB,Albania,Other,Unknown,2016,2010,1.27543168367423,1.27543168367423,Low (<2%),3.90893551362245,4431.55635814168
ARB,Arab World,Other,Unknown,2016,2010,2.22799991129428,2.22799991129428,Moderate (2-5%),3.57245633977796,6375.45441645456
ARE,United Arab Emirates,Middle East,High,2016,2010,1.61748808904198,1.61748808904198,Low (<2%),5.65790147196586,45168.4955973912
ARM,Armenia,Other,Unknown,2016,2010,-1.403607559009,-1.403607559009,Low (<2%),0.199999999825991,3533.88503607007
ATG,Antigua and Barbuda,Other,Unknown,2016,2010,-0.489437796230499,-0.489437796230499,Low (<2%),4.1203675438061,16635.895232831
AUS,Australia,Oceania,High,2016,2010,1.27699365720306,1.27699365720306,Low (<2%),2.75564065529868,57632.9995925594
AUT,Austria,Europe,High,2016,2010,0.891591752655362,0.891591752655362,Low (<2%),2.11721964494312,44362.6702805116
AZE,Azerbaijan,Other,Unknown,2016,2010,12.4433748584372,12.4433748584372,Very High (>10%),-3.06359842251706,5272.71817141861
BDI,Burundi,Other,Unknown,2016,2010,5.55768961400965,5.55768961400965,High (5-10%),3.20017470408993,258.061970804063
BEL,Belgium,Europe,High,2016,2010,1.97385264653163,1.97385264653163,Low (<2%),1.19350273007754,41172.8862831209
BEN,Benin,Other,Unknown,2016,2010,-0.793310145785624,-0.793310145785624,Low (<2%),3.33967342629693,1006.03926633023
BFA,Burkina Faso,Other,Unknown,2016,2010,0.441041448058809,0.441041448058809,Low (<2%),5.95797670754024,648.420480176012
BGD,Bangladesh,Asia,Lower Middle,2016,2010,5.51352572692995,5.51352572692995,High (5-10%),7.11347821270093,1299.83091360792
BGR,Bulgaria,Other,Unknown,2016,2010,-0.798649886453617,-0.798649886453617,Low (<2%),3.02662820096305,7586.89174668116
BHR,Bahrain,Middle East,High,2016,2010,2.78679347602044,2.78679347602044,Moderate (2-5%),3.81499327422425,23715.2791328712
BHS,"Bahamas, The",Other,Unknown,2016,2010,-0.346376929989397,-0.346376929989397,Low (<2%),-1.15650811269629,30152.1619246021
BIH,Bosnia and Herzegovina,Other,Unknown,2016,2010,-1.58400833333336,-1.58400833333336,Low (<2%),3.24225822231566,4876.53471495633
BLR,Belarus,Other,Unknown,2016,2010,11.8365807653497,11.8365807653497,Very High (>10%),-2.5264464460425,5811.20159182547
BLZ,Belize,Other,Unknown,2016,2010,0.663427167917601,0.663427167917601,Low (<2%),-0.0187414958130319,6012.21296983668
BOL,Bolivia,South America,Upper Middle,2016,2010,3.62321431764138,3.62321431764138,Moderate (2-5%),4.26392086992173,3077.57057582774
BRA,Brazil,South America,Upper Middle,2016,2010,8.73914352329393,8.73914352329393,High (5-10%),-3.27591690782192,8577.84376650911
BRB,Barbados,Other,Unknown,2016,2010,1.28192813061895,1.28192813061895,Low (<2%),1.41632446821541,20673.7682337375
BRN,Brunei Darussalam,Other,Unknown,2016,2010,-0.278693265753083,-0.278693265753083,Low (<2%),-2.47791771833224,29492.4145927789
BTN,Bhutan,Other,Unknown,2016,2010,3.21988689395718,3.21988689395718,Moderate (2-5%),8.47594339232963,3173.36773217431
BWA,Botswana,Other,Unknown,2016,2010,2.81495791361944,2.81495791361944,Moderate (2-5%),7.20442475914267,6490.83463593483
CAF,Central African Republic,Other,Unknown,2016,2010,4.94543276106518,4.94543276106518,Moderate (2-5%),4.75031684122342,376.858254120398
CAN,Canada,North America,High,2016,2010,1.42875954701085,1.42875954701085,Low (<2%),1.03855091989323,43551.3863558236
CEB,Central Europe and the Baltics,Other,Unknown,2016,2010,-0.0549995416705683,-0.0549995416705683,Low (<2%),2.80724942330426,12991.5742193095
CHE,Switzerland,Europe,High,2016,2010,-0.434618664285815,-0.434618664285815,Low (<2%),1.91159094214852,85951.2234148345
CHL,Chile,South America,High,2016,2010,3.78619355893118,3.78619355893118,Moderate (2-5%),1.753038749071,13505.097711133
CHN,China,Asia,Upper Middle,2016,2010,2.00000182191943,2.00000182191943,Moderate (2-5%),6.7736886867727,8679.22528805041
CIV,Cote d'Ivoire,Africa,Lower Middle,2016,2010,0.723178457513308,0.723178457513308,Low (<2%),7.17275963956332,1889.27777949938
CMR,Cameroon,Africa,Lower Middle,2016,2010,0.874190383288856,0.874190383288856,Low (<2%),4.53579423678801,1435.61830727839
COD,"Congo, Dem. Rep.",Other,Unknown,2016,2010,2.88585107289988,2.88585107289988,Moderate (2-5%),0.393832798154563,480.461377880475
COG,"Congo, Rep.",Other,Unknown,2016,2010,3.19056179723773,3.19056179723773,Moderate (2-5%),-8.68524343913786,2174.19310251224
COL,Colombia,South America,Upper Middle,2016,2010,7.51346024627675,7.51346024627675,High (5-10%),2.08738250162794,6316.07067782542
COM,Comoros,Other,Unknown,2016,2010,0.797517430888487,0.797517430888487,Low (<2%),3.3204465548877,1345.6261652831
CPV,Cabo Verde,Other,Unknown,2016,2010,-1.40781637091706,-1.40781637091706,Low (<2%),4.28071482662371,3560.1400729534
CRI,Costa Rica,Other,Unknown,2016,2010,-0.0174788505908217,-0.0174788505908217,Low (<2%),4.20432320775184,12084.4351419988
CSS,Caribbean small states,Other,Unknown,2016,2010,0.402621696824957,0.402621696824957,Low (<2%),-3.08739815275796,13962.4303282906
CUW,Curacao,Other,Unknown,2016,2010,-0.0472079848940293,-0.0472079848940293,Low (<2%),-1.06770848655277,18953.0537415003
CYM,Cayman Islands,Other,Unknown,2016,2010,-0.62525835861814,-0.62525835861814,Low (<2%),3.23997433895669,77031.8643873625
CYP,Cyprus,Other,Unknown,2016,2010,-1.42916666666665,-1.42916666666665,Low (<2%),6.57359080924678,24477.974609375
CZE,Czechia,Other,Unknown,2016,2010,0.683504209385703,0.683504209385703,Low (<2%),2.58087013921376,18359.0978103904
DEU,Germany,Europe,High,2016,2010,0.491747008445174,0.491747008445174,Low (<2%),2.22222216259371,42516.9337063103
DJI,Djibouti,Other,Unknown,2016,2010,2.4025290543489,2.4025290543489,Moderate (2-5%),7.1234323372872,2502.85181449431
DMA,Dominica,Other,Unknown,2016,2010,0.141816225732312,0.141816225732312,Low (<2%),1.44724556489263,8499.52291903149
DNK,Denmark,Europe,High,2016,2010,0.250000000000031,0.250000000000031,Low (<2%),3.07304549209093,54300.2039621991
DOM,Dominican Republic,Other,Unknown,2016,2010,1.61416607245223,1.61416607245223,Low (<2%),6.71974078681295,7177.75376475488
DZA,Algeria,Africa,Upper Middle,2016,2010,6.39769480268757,6.39769480268757,High (5-10%),3.90000000017621,4768.73140081027
EAP,East Asia & Pacific (excluding high income),Other,Unknown,2016,2010,1.91731090233378,1.91731090233378,Low (<2%),6.50852874508779,6966.41995023195
EAR,Early-demographic dividend,Other,Unknown,2016,2010,3.52317317628473,3.52317317628473,Moderate (2-5%),4.14710614319185,3266.95703994597
EAS,East Asia & Pacific,Other,Unknown,2016,2010,1.27699365720306,1.27699365720306,Low (<2%),4.63114688285732,10109.9616270695
ECA,Europe & Central Asia (excluding high income),Other,Unknown,2016,2010,2.13492713939121,2.13492713939121,Moderate (2-5%),2.85797309720172,6462.34464500545
ECS,Europe & Central Asia,Other,Unknown,2016,2010,0.388838296895799,0.388838296895799,Low (<2%),1.90825385031148,23073.4498063679
ECU,Ecuador,South America,Upper Middle,2016,2010,1.72826463324533,1.72826463324533,Low (<2%),-0.687954245877947,5849.13587933672
EGY,"Egypt, Arab Rep.",Africa,Lower Middle,2016,2010,13.813606214829,13.813606214829,Very High (>10%),4.34664345601914,3381.22246307712
EMU,Euro area,Other,Unknown,2016,2010,0.148684907627373,0.148684907627373,Low (<2%),1.80681433573471,34456.7787485334
ESP,Spain,Europe,High,2016,2010,-0.202598000426358,-0.202598000426358,Low (<2%),2.91515598595787,26719.2442268615
EST,Estonia,Other,Unknown,2016,2010,0.148684907627373,0.148684907627373,Low (<2%),3.09301920751959,18264.9873304279
ETH,Ethiopia,Africa,Low,2016,2010,6.62813337230924,6.62813337230924,High (5-10%),9.43348265981905,636.835680951429
EUU,European Union,Other,Unknown,2016,2010,0.183334861123765,0.183334861123765,Low (<2%),1.91997902907598,31300.1655435498
FIN,Finland,Europe,High,2016,2010,0.356684500891695,0.356684500891695,Low (<2%),2.57193414898754,43529.6761616969
FJI,Fiji,Other,Unknown,2016,2010,3.86322538221278,3.86322538221278,Moderate (2-5%),2.44565202449249,5218.85824573477
FRA,France,Europe,High,2016,2010,0.183334861123765,0.183334861123765,Low (<2%),0.860031075424033,36920.5342846914
FSM,"Micronesia, Fed. Sts.",Other,Unknown,2016,2010,-1.03746806405349,-1.03746806405349,Low (<2%),1.26050420168067,2896.47282245468
GAB,Gabon,Other,Unknown,2016,2010,2.10670712784054,2.10670712784054,Moderate (2-5%),2.09144220829562,6991.3251446736
GBR,United Kingdom,Europe,High,2016,2010,1.0084173681141,1.0084173681141,Low (<2%),2.20652020635357,45888.7099614563
GEO,Georgia,Other,Unknown,2016,2010,2.13492713939121,2.13492713939121,Moderate (2-5%),3.45021517996871,4225.09154904806
GHA,Ghana,Africa,Unknown,2016,2010,17.4546347070868,17.4546347070868,Very High (>10%),3.37346574966936,1740.81101902928
GIN,Guinea,Other,Unknown,2016,2010,8.17268112275132,8.17268112275132,High (5-10%),10.82062719659,807.236421043888
GMB,"Gambia, The",Other,Unknown,2016,2010,7.22879272057922,7.22879272057922,High (5-10%),1.94335965478776,615.193365494386
GNB,Guinea-Bissau,Other,Unknown,2016,2010,1.50312055861088,1.50312055861088,Low (<2%),5.4326782650304,663.242608032005
GNQ,Equatorial Guinea,Other,Unknown,2016,2010,1.41193915479015,1.41193915479015,Low (<2%),-8.81641723219757,7971.83401904573
GRC,Greece,Europe,High,2016,2010,-0.825653978390973,-0.825653978390973,Low (<2%),-0.0317947678412054,18049.928997892
GRD,Grenada,Other,Unknown,2016,2010,1.65038994431573,1.65038994431573,Low (<2%),3.7396039558691,8983.68397337899
GTM,Guatemala,Other,Unknown,2016,2010,4.44844199942827,4.44844199942827,Moderate (2-5%),2.6778031930216,3924.7789643024
GUY,Guyana,Other,Unknown,2016,2010,0.826177341246544,0.826177341246544,Low (<2%),3.80745626378814,5818.61682204646
HIC,High income,Other,Unknown,2016,2010,0.394769306686392,0.394769306686392,Low (<2%),1.83965907046031,37185.2771759522
HKG,"Hong Kong SAR, China",Other,Unknown,2016,2010,2.40930743862224,2.40930743862224,Moderate (2-5%),2.17544820327555,43087.5537128127
HND,Honduras,Other,Unknown,2016,2010,2.72461223295289,2.72461223295289,Moderate (2-5%),3.89297219726413,2315.72983058198
HPC,Heavily indebted poor countries (HIPC),Other,Unknown,2016,2010,4.38389195513915,4.38389195513915,Moderate (2-5%),4.30006123912206,930.303195845621
HRV,Croatia,Other,Unknown,2016,2010,-1.12500000000002,-1.12500000000002,Low (<2%),3.46613146011039,12848.473748279
HTI,Haiti,Other,Unknown,2016,2010,11.5029073942666,11.5029073942666,Very High (>10%),1.81246807847532,1416.74881879698
HUN,Hungary,Other,Unknown,2016,2010,0.394769306686392,0.394769306686392,Low (<2%),2.43864141309342,13145.6559885563
IBD,IBRD only,Other,Unknown,2016,2010,2.12081713361588,2.12081713361588,Moderate (2-5%),4.44703872345713,5738.52582613831
IBT,IDA & IBRD total,Other,Unknown,2016,2010,2.81495791361944,2.81495791361944,Moderate (2-5%),4.35480936392952,4614.08685562372
IDA,IDA total,Other,Unknown,2016,2010,3.21988689395718,3.21988689395718,Moderate (2-5%),3.25606924193475,1372.7296442096
IDB,IDA blend,Other,Unknown,2016,2010,1.65038994431573,1.65038994431573,Low (<2%),2.37410124286114,1975.50456585507
IDN,Indonesia,Asia,Lower Middle,2016,2010,3.52580452815451,3.52580452815451,Moderate (2-5%),5.03306918280177,3416.81005170972
IDX,IDA only,Other,Unknown,2016,2010,3.74103082110771,3.74103082110771,Moderate (2-5%),4.18372892932952,1043.61712928397
IND,India,Asia,Lower Middle,2016,2010,4.94821634062134,4.94821634062134,Moderate (2-5%),8.25630550176662,1694.46534973787
IRL,Ireland,Europe,High,2016,2010,0.0201247735963237,0.0201247735963237,Low (<2%),1.22271661130947,64205.979777351
IRN,"Iran, Islamic Rep.",Asia,Lower Middle,2016,2010,7.24542548952979,7.24542548952979,High (5-10%),8.8150866425182,5312.61724954192
IRQ,Iraq,Middle East,Unknown,2016,2010,0.556521397155548,0.556521397155548,Low (<2%),13.7873730187089,4932.9272911439
ISL,Iceland,Other,Unknown,2016,2010,1.69692761997734,1.69692761997734,Low (<2%),6.21808764670307,56049.2928672039
ISR,Israel,Europe,High,2016,2010,-0.535168195718695,-0.535168195718695,Low (<2%),4.53601939236572,37044.0118623764
ITA,Italy,Europe,High,2016,2010,-0.09401665691575,-0.09401665691575,Low (<2%),1.23622108511661,31077.6792675211
JAM,Jamaica,Other,Unknown,2016,2010,2.35102197485846,2.35102197485846,Moderate (2-5%),2.76043761369557,5472.28314023034
JOR,Jordan,Other,Unknown,2016,2010,-0.778430463054142,-0.778430463054142,Low (<2%),2.11166806967252,4326.17261571505
JPN,Japan,Asia,High,2016,2010,-0.127258844489754,-0.127258844489754,Low (<2%),0.704986495111257,35934.4467886662
KAZ,Kazakhstan,Other,Unknown,2016,2010,14.3610942386248,14.3610942386248,Very High (>10%),1.09999999910173,10151.423313302
KEN,Kenya,Africa,Low,2016,2010,6.29724953814625,6.29724953814625,High (5-10%),4.21351706814744,1517.97796057742
KGZ,Kyrgyz Republic,Other,Unknown,2016,2010,0.388838296895799,0.388838296895799,Low (<2%),4.33585592190116,1128.3161612818
KHM,Cambodia,Other,Unknown,2016,2010,3.01913975139128,3.01913975139128,Moderate (2-5%),7.90550116130704,1645.46671578126
KIR,Kiribati,Other,Unknown,2016,2010,1.91731090233378,1.91731090233378,Low (<2%),7.08803465778669,1731.43702001694
KNA,St. Kitts and Nevis,Other,Unknown,2016,2010,-0.687037123294039,-0.687037123294039,Low (<2%),3.93270319273282,21133.6575914414
KOR,"Korea, Rep.",Asia,High,2016,2010,0.971685739912168,0.971685739912168,Low (<2%),3.17152748983935,31005.4072876388
KWT,Kuwait,Middle East,High,2016,2010,3.19839776658374,3.19839776658374,Moderate (2-5%),2.92607584256388,29454.4426388829
LAC,Latin America & Caribbean (excluding high income),Other,Unknown,2016,2010,2.8217078474766,2.8217078474766,Moderate (2-5%),-0.977477793493975,7932.49607746858
LAO,Lao PDR,Other,Unknown,2016,2010,1.59691227583204,1.59691227583204,Low (<2%),7.02283625501138,2234.76098741846
LBN,Lebanon,Other,Unknown,2016,2010,-0.783359624361508,-0.783359624361508,Low (<2%),1.55454940856943,8019.1416913426
LBR,Liberia,Other,Unknown,2016,2010,8.83424868336488,8.83424868336488,High (5-10%),-1.5549586174878,668.031513175601
LBY,Libya,Other,Unknown,2016,2010,25.853874212446,25.853874212446,Very High (>10%),-1.4909411172622,7236.16409923502
LCA,St. Lucia,Other,Unknown,2016,2010,-3.07821765676927,-3.07821765676927,Low (<2%),3.42787214525211,10644.1612913407
LCN,Latin America & Caribbean,Other,Unknown,2016,2010,1.65038994431573,1.65038994431573,Low (<2%),-0.730974962811146,8404.73192746461
LDC,Least developed countries: UN classification,Other,Unknown,2016,2010,5.34414600997244,5.34414600997244,High (5-10%),3.79797989969202,997.08869308831
LIC,Low income,Other,Unknown,2016,2010,6.03575858154679,6.03575858154679,High (5-10%),1.79417060199694,708.867855344742
LKA,Sri Lanka,Asia,Lower Middle,2016,2010,3.9588884659307,3.9588884659307,Moderate (2-5%),5.05362488993089,4214.74117217382
LMC,Lower middle income,Other,Unknown,2016,2010,3.62321431764138,3.62321431764138,Moderate (2-5%),5.00300529129822,1842.15082274922
LMY,Low & middle income,Other,Unknown,2016,2010,3.10485077431451,3.10485077431451,Moderate (2-5%),4.64827928186369,4363.46432262705
LSO,Lesotho,Other,Unknown,2016,2010,6.59650490696543,6.59650490696543,High (5-10%),3.60890731687714,1147.58748801671
LTE,Late-demographic dividend,Other,Unknown,2016,2010,1.10920805807027,1.10920805807027,Low (<2%),4.44982415289267,8645.98435648163
LTU,Lithuania,Other,Unknown,2016,2010,0.905525075460342,0.905525075460342,Low (<2%),2.67192215053329,14823.107153522
LUX,Luxembourg,Other,Unknown,2016,2010,0.290833333333225,0.290833333333225,Low (<2%),4.97819047122638,108351.452194449
LVA,Latvia,Other,Unknown,2016,2010,0.140633334505327,0.140633334505327,Low (<2%),2.55168601974034,13787.3367440023
MAC,"Macao SAR, China",Other,Unknown,2016,2010,2.36895749705898,2.36895749705898,Moderate (2-5%),-0.701510212552961,68391.3415491921
MAR,Morocco,Africa,Lower Middle,2016,2010,1.63531114327064,1.63531114327064,Low (<2%),0.52118550608968,3124.42504882813
MDA,Moldova,Other,Unknown,2016,2010,6.35930898037931,6.35930898037931,High (5-10%),4.64601436259409,2910.95486872376
MDG,Madagascar,Other,Unknown,2016,2010,6.03575858154679,6.03575858154679,High (5-10%),3.99314606199499,451.15659433146
MDV,Maldives,Other,Unknown,2016,2010,0.502509413611612,0.502509413611612,Low (<2%),6.37528306716864,9909.07669723415
MEA,"Middle East, North Africa, Afghanistan & Pakistan",Other,Unknown,2016,2010,2.5395603776654,2.5395603776654,Moderate (2-5%),4.50367765418986,5264.32028463837
MEX,Mexico,North America,Upper Middle,2016,2010,2.8217078474766,2.8217078474766,Moderate (2-5%),1.7724932254128,10100.5021195819
MIC,Middle income,Other,Unknown,2016,2010,2.66824816969082,2.66824816969082,Moderate (2-5%),4.69349170335944,4758.47326248274
MKD,North Macedonia,Other,Unknown,2016,2010,-0.239290787684501,-0.239290787684501,Low (<2%),2.84820519363306,5429.94678358359
MLI,Mali,Other,Unknown,2016,2010,-1.79964707083386,-1.79964707083386,Low (<2%),6.00506308559498,860.75307554569
MLT,Malta,Other,Unknown,2016,2010,0.642702771527304,0.642702771527304,Low (<2%),4.07800422216982,25969.4999809345
MMR,Myanmar,Other,Unknown,2016,2010,6.92882525816076,6.92882525816076,High (5-10%),5.86247291518572,1225.37913970989
MNA,"Middle East, North Africa, Afghanistan & Pakistan (excluding high income)",Other,Unknown,2016,2010,3.69725926870481,3.69725926870481,Moderate (2-5%),5.56210361617076,2916.70744518601
MNE,Montenegro,Other,Unknown,2016,2010,-0.271385023385176,-0.271385023385176,Low (<2%),3.4393056210999,6634.38197201003
MNG,Mongolia,Other,Unknown,2016,2010,0.733272227314397,0.733272227314397,Low (<2%),1.48978448679577,3817.91962716702
MOZ,Mozambique,Other,Low,2016,2010,17.4180418197597,17.4180418197597,Very High (>10%),4.69699024225795,620.779714954555
MRT,Mauritania,Other,Unknown,2016,2010,1.47171045650004,1.47171045650004,Low (<2%),1.26090922448303,1531.87725661699
MUS,Mauritius,Other,Unknown,2016,2010,0.977675134718965,0.977675134718965,Low (<2%),3.88576121076034,9997.89198315532
MWI,Malawi,Other,Low,2016,2010,21.7111132136499,21.7111132136499,Very High (>10%),2.49999999914311,538.221990810959
MYS,Malaysia,Asia,Upper Middle,2016,2010,2.09056659525742,2.09056659525742,Moderate (2-5%),4.44978139761541,9901.47960179812
NAC,North America,Other,Unknown,2016,2010,1.34517137635811,1.34517137635811,Low (<2%),1.7574135378599,56048.8982873869
NAM,Namibia,Other,Unknown,2016,2010,6.72858234593338,6.72858234593338,High (5-10%),0.0337944502063294,4648.62713460213
NCL,New Caledonia,Other,Unknown,2016,2010,0.578317435520754,0.578317435520754,Low (<2%),,
NER,Niger,Other,Unknown,2016,2010,1.65388922387806,1.65388922387806,Low (<2%),4.28137558478143,488.184823801581
NGA,Nigeria,Africa,Low,2016,2010,15.6968126387972,15.6968126387972,Very High (>10%),-1.61686894903467,2481.81490350403
NIC,Nicaragua,Other,Unknown,2016,2010,3.52317317628473,3.52317317628473,Moderate (2-5%),4.56314739524967,2140.14405941606
NLD,Netherlands,Europe,High,2016,2010,0.316666666666652,0.316666666666652,Low (<2%),2.42428065449427,46655.0340264754
NOR,Norway,Europe,High,2016,2010,3.55000000000007,3.55000000000007,Moderate (2-5%),1.29158732771135,77532.2750022669
NPL,Nepal,Asia,Lower Middle,2016,2010,8.7903433200464,8.7903433200464,High (5-10%),0.433113719381524,875.188943730855
NZL,New Zealand,Oceania,High,2016,2010,0.646240284454524,0.646240284454524,Low (<2%),3.7435247472109,39205.0341298225
OED,OECD members,Other,Unknown,2016,2010,0.443258157565783,0.443258157565783,Low (<2%),1.85463774155879,36367.1062221549
OMN,Oman,Middle East,High,2016,2010,1.10920805807027,1.10920805807027,Low (<2%),5.04642394571691,18830.6057208608
OSS,Other small states,Other,Unknown,2016,2010,0.642702771527304,0.642702771527304,Low (<2%),4.11324521484462,10667.3498101902
PAK,Pakistan,Asia,Lower Middle,2016,2010,3.7651191635658,3.7651191635658,Moderate (2-5%),6.57383828511043,1452.18658269177
PAN,Panama,Other,Unknown,2016,2010,0.73973402529995,0.73973402529995,Low (<2%),4.57196707937275,14474.1243636349
PER,Peru,South America,Upper Middle,2016,2010,3.55717663556279,3.55717663556279,Moderate (2-5%),3.95331871520767,6392.25474941014
PHL,Philippines,Asia,Lower Middle,2016,2010,1.25369880080982,1.25369880080982,Low (<2%),7.14945675000752,3076.3374186759
PLW,Palau,Other,Unknown,2016,2010,-1.04230533415074,-1.04230533415074,Low (<2%),1.66650688235592,16179.3959628749
PNG,Papua New Guinea,Other,Unknown,2016,2010,6.6737288135593,6.6737288135593,High (5-10%),5.48957315278187,2557.09463030035
POL,Poland,Europe,Unknown,2016,2010,-0.664767331433962,-0.664767331433962,Low (<2%),3.03117767594847,13026.1858988718
PRE,Pre-demographic dividend,Other,Unknown,2016,2010,4.38389195513915,4.38389195513915,Moderate (2-5%),2.48790883634129,1521.02292118899
PRT,Portugal,Europe,High,2016,2010,0.607397074641719,0.607397074641719,Low (<2%),2.00414129666575,19662.82312462
PRY,Paraguay,South America,Upper Middle,2016,2010,4.08682280577241,4.08682280577241,Moderate (2-5%),4.26802583314583,6041.95879367268
PSE,West Bank and Gaza,Other,Unknown,2016,2010,-0.219106604907316,-0.219106604907316,Low (<2%),8.86461881995935,3483.09903532972
PSS,Pacific island small states,Other,Unknown,2016,2010,1.07339388853343,1.07339388853343,Low (<2%),3.74906305678715,3851.98445284976
PST,Post-demographic dividend,Other,Unknown,2016,2010,0.607397074641719,0.607397074641719,Low (<2%),1.80639608099386,41508.8826356411
QAT,Qatar,Middle East,High,2016,2010,2.6765917009819,2.6765917009819,Moderate (2-5%),3.06419188430156,67294.4585771356
ROU,Romania,Other,Unknown,2016,2010,-1.54479666813897,-1.54479666813897,Low (<2%),2.85993252302089,9286.87678236598
RUS,Russian Federation,Europe,Upper Middle,2016,2010,7.04243725413707,7.04243725413707,High (5-10%),0.193671130698817,9269.3173828125
RWA,Rwanda,Other,Low,2016,2010,7.17434301982009,7.17434301982009,High (5-10%),5.65874584202778,748.798132068173
SAS,South Asia,Other,Unknown,2016,2010,4.45355240327602,4.45355240327602,Moderate (2-5%),7.96912333644603,1676.35409771736
SAU,Saudi Arabia,Asia,High,2016,2010,2.05347076823965,2.05347076823965,Moderate (2-5%),1.70404739202878,22783.0328538685
SDN,Sudan,Other,Unknown,2016,2010,17.750253831196,17.750253831196,Very High (>10%),3.46764218409288,1297.15454101563
SEN,Senegal,Other,Unknown,2016,2010,0.837284942557434,0.837284942557434,Low (<2%),6.35606857208136,1257.40906916238
SGP,Singapore,Asia,High,2016,2010,-0.529809760375464,-0.529809760375464,Low (<2%),3.91095306322606,57076.5241936787
SLB,Solomon Islands,Other,Unknown,2016,2010,0.512485626268792,0.512485626268792,Low (<2%),5.55494348257992,2084.24845745225
SLE,Sierra Leone,Other,Unknown,2016,2010,10.8860609413903,10.8860609413903,Very High (>10%),6.43743652764257,1002.77862282013
SLV,El Salvador,Other,Unknown,2016,2010,0.60404908699661,0.60404908699661,Low (<2%),2.53906241135864,3875.84691357954
SMR,San Marino,Other,Unknown,2016,2010,0.644075340346552,0.644075340346552,Low (<2%),2.34441211810459,43886.1965081114
SRB,Serbia,Other,Unknown,2016,2010,1.12231397417769,1.12231397417769,Low (<2%),2.97519807160826,6024.95754653784
SSA,Sub-Saharan Africa (excluding high income),Other,Unknown,2016,2010,5.43051966119156,5.43051966119156,High (5-10%),1.30783035327565,1624.00199620793
SSD,South Sudan,Other,Unknown,2016,2010,379.999585624026,180.13687701067877,Very High (>10%),,
SSF,Sub-Saharan Africa,Other,Unknown,2016,2010,5.30264297710325,5.30264297710325,High (5-10%),1.31700355850863,1625.38221431193
SST,Small states,Other,Unknown,2016,2010,0.644075340346552,0.644075340346552,Low (<2%),1.764520691762,10529.0592324888
STP,Sao Tome and Principe,Other,Unknown,2016,2010,5.43051966119156,5.43051966119156,High (5-10%),5.17682468684113,1342.533807689
SUR,Suriname,Other,Unknown,2016,2010,55.4123879763196,55.4123879763196,Very High (>10%),-4.91166050905851,8293.31553031406
SVK,Slovak Republic,Other,Unknown,2016,2010,-0.520010196278358,-0.520010196278358,Low (<2%),1.94781841524558,16740.7413996428
SVN,Slovenia,Other,Unknown,2016,2010,-0.0549995416705683,-0.0549995416705683,Low (<2%),3.03441486663654,21309.7122138949
SWE,Sweden,Europe,High,2016,2010,0.984269244577992,0.984269244577992,Low (<2%),2.13117914731151,51626.3235312369
SWZ,Eswatini,Other,Unknown,2016,2010,7.8472745908568,7.8472745908568,High (5-10%),2.94916821059911,3500.17688847942
SXM,Sint Maarten (Dutch part),Other,Unknown,2016,2010,0.111682655737579,0.111682655737579,Low (<2%),0.96775836306881,37428.7027557069
SYC,Seychelles,Other,Unknown,2016,2010,-1.01548191697626,-1.01548191697626,Low (<2%),12.1175272453913,16962.6753972731
SYR,Syrian Arab Republic,Other,Unknown,2016,2010,47.7051615298923,47.7051615298923,Very High (>10%),-6.40568496867387,802.968607901263
TCD,Chad,Other,Unknown,2016,2010,-0.792440525236102,-0.792440525236102,Low (<2%),-4.12250332637034,923.565872051196
TEA,East Asia & Pacific (IDA & IBRD countries),Other,Unknown,2016,2010,1.75711158908291,1.75711158908291,Low (<2%),6.50841250220505,7045.16072110558
TEC,Europe & Central Asia (IDA & IBRD countries),Other,Unknown,2016,2010,1.19887282892596,1.19887282892596,Low (<2%),1.89511334774663,8146.53010473417
TGO,Togo,Other,Unknown,2016,2010,1.28544847051417,1.28544847051417,Low (<2%),4.21490387414525,832.959515987733
THA,Thailand,Asia,Upper Middle,2016,2010,0.186235191075453,0.186235191075453,Low (<2%),3.43515771692182,5857.78052935926
TJK,Tajikistan,Other,Unknown,2016,2010,6.00458082322139,6.00458082322139,High (5-10%),6.89999999999999,997.352614556708
TLA,Latin America & the Caribbean (IDA & IBRD countries),Other,Unknown,2016,2010,2.53781710390567,2.53781710390567,Moderate (2-5%),-0.748991632597836,8259.95033794012
TLS,Timor-Leste,Other,Unknown,2016,2010,-1.33853876185163,-1.33853876185163,Low (<2%),3.00993062553351,1333.6585468432
TMN,"Middle East, North Africa, Afghanistan & Pakistan (IDA & IBRD)",Other,Unknown,2016,2010,3.7651191635658,3.7651191635658,Moderate (2-5%),5.53604079765444,2912.85149131795
TON,Tonga,Other,Unknown,2016,2010,2.57815515245081,2.57815515245081,Moderate (2-5%),6.59869879417958,4419.8147470039
TSA,South Asia (IDA & IBRD),Other,Unknown,2016,2010,4.45355240327602,4.45355240327602,Moderate (2-5%),7.96912333644603,1676.35409771736
TSS,Sub-Saharan Africa (IDA & IBRD countries),Other,Unknown,2016,2010,5.30264297710325,5.30264297710325,High (5-10%),1.31700355850862,1625.38221431193
TTO,Trinidad and Tobago,Other,Unknown,2016,2010,3.07066742464024,3.07066742464024,Moderate (2-5%),-7.53636305379372,18331.034459758
TUN,Tunisia,Africa,Upper Middle,2016,2010,3.62939937384381,3.62939937384381,Moderate (2-5%),1.117231963992,4015.28893802703
TUR,Turkiye,Europe,Upper Middle,2016,2010,7.7751341532833,7.7751341532833,High (5-10%),3.32366508200445,11279.6169531569
TZA,Tanzania,Other,Low,2016,2010,5.17476629301493,5.17476629301493,High (5-10%),6.86711619644551,970.156127929688
UGA,Uganda,Other,Low,2016,2010,5.70637504616212,5.70637504616212,High (5-10%),4.78100029254482,874.648370639216
UKR,Ukraine,Other,Unknown,2016,2010,13.9127101997797,13.9127101997797,Very High (>10%),2.44098194492067,2156.0830078125
UMC,Upper middle income,Other,Unknown,2016,2010,2.04528420858843,2.04528420858843,Moderate (2-5%),4.62482816773941,7348.66781323555
URY,Uruguay,South America,High,2016,2010,9.6394134763508,9.6394134763508,High (5-10%),1.68979822971775,17357.2349992841
USA,United States,North America,High,2016,2010,1.26158320570536,1.26158320570536,Low (<2%),1.81945147909089,57430.8499298804
UZB,Uzbekistan,Other,Unknown,2016,2010,8.130886695236,8.130886695236,High (5-10%),6.71108022628,3327.90932206401
VCT,St. Vincent and the Grenadines,Other,Unknown,2016,2010,-0.149641647633284,-0.149641647633284,Low (<2%),4.1496810046981,7702.8942635647
VEN,"Venezuela, RB",South America,Unknown,2016,2010,254.948534781816,180.13687701067877,Very High (>10%),-17.1122994652406,3374.43091608185
VNM,Viet Nam,Asia,Lower Middle,2016,2010,2.66824816969082,2.66824816969082,Moderate (2-5%),6.69000892660424,2715.57887431272
VUT,Vanuatu,Other,Unknown,2016,2010,0.842069084035061,0.842069084035061,Low (<2%),3.61980830670927,3257.49719984988
WLD,World,Other,Unknown,2016,2010,1.59691227583204,1.59691227583204,Low (<2%),2.78974074234593,10355.0449873521
WSM,Samoa,Other,Unknown,2016,2010,1.30471869303179,1.30471869303179,Low (<2%),7.9838628784713,4373.23792440391
XKX,Kosovo,Other,Unknown,2016,2010,0.273169431045468,0.273169431045468,Low (<2%),5.57177504731632,3739.17386677497
ZAF,South Africa,Africa,Upper Middle,2016,2010,6.60290842394872,6.60290842394872,High (5-10%),0.664552307858116,6095.295060428
ZMB,Zambia,Other,Unknown,2016,2010,17.8697300795268,17.8697300795268,Very High (>10%),3.75510031678988,1303.57513869133
ZWE,Zimbabwe,Other,Unknown,2016,2010,-1.54366960054161,-1.54366960054161,Low (<2%),0.75579405855224,1378.34256192374
ABW,Aruba,Other,Unknown,2017,2010,-1.02828178762012,-1.02828178762012,Low (<2%),3.49342985290626,28548.8904317739
AFE,Africa Eastern and Southern,Other,Unknown,2017,2010,6.22137528933118,6.22137528933118,High (5-10%),2.67886266771569,1493.1423907296
AFG,Afghanistan,Other,Unknown,2017,2010,4.97595150553833,4.97595150553833,Moderate (2-5%),2.6470032027451,562.769574140988
AFW,Africa Western and Central,Other,Unknown,2017,2010,1.72548602374731,1.72548602374731,Low (<2%),2.30276059142707,1811.55471646765
AGO,Angola,Africa,Lower Middle,2017,2010,29.8444799015679,29.8444799015679,Very High (>10%),-0.164688656961076,3378.07588102598
ALB,Albania,Other,Unknown,2017,2010,1.98666133171194,1.98666133171194,Low (<2%),3.28317593330073,4648.23078660658
ARB,Arab World,Other,Unknown,2017,2010,2.06932928164424,2.06932928164424,Moderate (2-5%),1.33126991214532,6332.00881888743
ARE,United Arab Emirates,Middle East,High,2017,2010,1.96682557818842,1.96682557818842,Low (<2%),-1.06137114472548,43293.0202360765
ARM,Armenia,Other,Unknown,2017,2010,0.969553268816138,0.969553268816138,Low (<2%),7.50000000164144,3815.3747426037
ATG,Antigua and Barbuda,Other,Unknown,2017,2010,2.43248789041363,2.43248789041363,Moderate (2-5%),2.71272657973627,16992.9327495236
AUS,Australia,Oceania,High,2017,2010,1.94864309065653,1.94864309065653,Low (<2%),2.29331030192918,57991.771347333
AUT,Austria,Europe,High,2017,2010,2.08126911385587,2.08126911385587,Moderate (2-5%),2.27224992038207,45056.6385912412
AZE,Azerbaijan,Other,Unknown,2017,2010,12.9359184187335,12.9359184187335,Very High (>10%),0.153614661745507,5229.25259993413
BDI,Burundi,Other,Unknown,2017,2010,16.0525353030392,16.0525353030392,Very High (>10%),3.83185757061784,261.725839287239
BEL,Belgium,Europe,High,2017,2010,2.12597086002616,2.12597086002616,Moderate (2-5%),1.47446761556785,41619.328629169
BEN,Benin,Other,Unknown,2017,2010,0.0432648555103608,0.0432648555103608,Low (<2%),5.67156195150444,1032.90471194182
BFA,Burkina Faso,Other,Unknown,2017,2010,1.48299897161326,1.48299897161326,Low (<2%),6.20348941121868,669.276310328333
BGD,Bangladesh,Asia,Lower Middle,2017,2010,5.70207015717239,5.70207015717239,High (5-10%),6.59024999794057,1373.75363740186
BGR,Bulgaria,Other,Unknown,2017,2010,2.06159619443141,2.06159619443141,Moderate (2-5%),2.74592737750996,7899.11056589871
BHR,Bahrain,Middle East,High,2017,2010,1.38671830576406,1.38671830576406,Low (<2%),4.95383534123657,23606.8867501313
BHS,"Bahamas, The",Other,Unknown,2017,2010,1.51820700736147,1.51820700736147,Low (<2%),3.3713988456489,30974.7477261317
BIH,Bosnia and Herzegovina,Other,Unknown,2017,2010,0.810039425333895,0.810039425333895,Low (<2%),3.24409895306594,5099.81602856447
BLR,Belarus,Other,Unknown,2017,2010,6.03183725177795,6.03183725177795,High (5-10%),2.53218349471909,5964.89668834561
BLZ,Belize,Other,Unknown,2017,2010,1.14765339305816,1.14765339305816,Low (<2%),-1.83323729057784,5767.61921963762
BOL,Bolivia,South America,Upper Middle,2017,2010,2.8227580554717,2.8227580554717,Moderate (2-5%),4.19520633364647,3160.16421247588
BRA,Brazil,South America,Upper Middle,2017,2010,3.44637335032669,3.44637335032669,Moderate (2-5%),1.32286905404399,8628.25308908043
BRB,Barbados,Other,Unknown,2017,2010,4.66018463955995,4.66018463955995,Moderate (2-5%),0.654655602860373,20766.5518491129
BRN,Brunei Darussalam,Other,Unknown,2017,2010,-1.2605056462896,-1.2605056462896,Low (<2%),1.32872661057823,29524.65912789
BTN,Bhutan,Other,Unknown,2017,2010,4.95508366985129,4.95508366985129,Moderate (2-5%),2.08684522733067,3211.80903275593
BWA,Botswana,Other,Unknown,2017,2010,3.30828076768219,3.30828076768219,Moderate (2-5%),4.11437856445083,6662.57644805467
CAF,Central African Republic,Other,Unknown,2017,2010,4.18072331871267,4.18072331871267,Moderate (2-5%),4.52727821346231,387.35795131742
CAN,Canada,North America,High,2017,2010,1.59688412852977,1.59688412852977,Low (<2%),3.03383491841392,44339.4332217878
CEB,Central Europe and the Baltics,Other,Unknown,2017,2010,2.07593553673859,2.07593553673859,Moderate (2-5%),5.10713071566526,13696.4931794299
CHE,Switzerland,Europe,High,2017,2010,0.533787839825876,0.533787839825876,Low (<2%),1.42034612231261,86362.360972862
CHL,Chile,South America,High,2017,2010,2.18271846868519,2.18271846868519,Moderate (2-5%),1.35769537343957,13473.3458532934
CHN,China,Asia,Upper Middle,2017,2010,1.59313600071436,1.59313600071436,Low (<2%),6.89123916636191,9221.35045639842
CIV,Cote d'Ivoire,Africa,Lower Middle,2017,2010,0.685881065304603,0.685881065304603,Low (<2%),7.41076242592504,1972.81431788947
CMR,Cameroon,Africa,Lower Middle,2017,2010,0.64040914988195,0.64040914988195,Low (<2%),3.54117654926007,1444.90682916573
COG,"Congo, Rep.",Other,Unknown,2017,2010,0.450063823285546,0.450063823285546,Low (<2%),-5.59477371915547,2003.27121075187
COL,Colombia,South America,Upper Middle,2017,2010,4.31431325695011,4.31431325695011,Moderate (2-5%),1.35936086788746,6309.67745292518
COM,Comoros,Other,Unknown,2017,2010,-0.237362224154613,-0.237362224154613,Low (<2%),3.81576287489548,1369.41180275963
CPV,Cabo Verde,Other,Unknown,2017,2010,0.784415251101334,0.784415251101334,Low (<2%),4.5513148102974,3719.71306047915
CRI,Costa Rica,Other,Unknown,2017,2010,1.62590692991732,1.62590692991732,Low (<2%),4.15769914676933,12468.5654849336
CSS,Caribbean small states,Other,Unknown,2017,2010,1.6992957045984,1.6992957045984,Low (<2%),-0.750655745538538,13778.886010068
CUW,Curacao,Other,Unknown,2017,2010,1.58558801700345,1.58558801700345,Low (<2%),-1.2762081008495,18651.4798142441
CYP,Cyprus,Other,Unknown,2017,2010,0.531766496174467,0.531766496174467,Low (<2%),5.75083236554525,25665.990234375
CZE,Czechia,Other,Unknown,2017,2010,2.4505339846014,2.4505339846014,Moderate (2-5%),5.17356529967881,19257.6930680911
DEU,Germany,Europe,High,2017,2010,1.50949485109628,1.50949485109628,Low (<2%),2.797906720551,43543.4807050551
DJI,Djibouti,Other,Unknown,2017,2010,0.577285724560661,0.577285724560661,Low (<2%),5.458091517212,2596.45134698268
DMA,Dominica,Other,Unknown,2017,2010,0.296252889279487,0.296252889279487,Low (<2%),-7.5443637547282,7985.6341102129
DNK,Denmark,Europe,High,2017,2010,1.14713216957602,1.14713216957602,Low (<2%),3.05647723922718,55601.0145717787
DOM,Dominican Republic,Other,Unknown,2017,2010,3.27955694678546,3.27955694678546,Moderate (2-5%),3.93386176401576,7379.39978067137
DZA,Algeria,Africa,Upper Middle,2017,2010,5.59111590961664,5.59111590961664,High (5-10%),1.49999999895587,4742.90075532529
EAP,East Asia & Pacific (excluding high income),Other,Unknown,2017,2010,2.91263557371478,2.91263557371478,Moderate (2-5%),6.66666534648019,7374.76727155093
EAR,Early-demographic dividend,Other,Unknown,2017,2010,3.32817337461305,3.32817337461305,Moderate (2-5%),4.49000658496557,3370.86780261045
EAS,East Asia & Pacific,Other,Unknown,2017,2010,1.80034222468621,1.80034222468621,Low (<2%),5.03667021498299,10544.5364751924
ECA,Europe & Central Asia (excluding high income),Other,Unknown,2017,2010,4.60357355778867,4.60357355778867,Moderate (2-5%),6.00896760124667,6792.21425054227
ECS,Europe & Central Asia,Other,Unknown,2017,2010,1.91558846458249,1.91558846458249,Low (<2%),2.96168679697557,23666.3148569145
ECU,Ecuador,South America,Upper Middle,2017,2010,0.417335588666825,0.417335588666825,Low (<2%),5.97039880954841,6104.27253521751
EGY,"Egypt, Arab Rep.",Africa,Lower Middle,2017,2010,29.5066083940039,29.5066083940039,Very High (>10%),4.18122099961562,3452.90961245976
EMU,Euro area,Other,Unknown,2017,2010,1.38145871407216,1.38145871407216,Low (<2%),2.62315671239708,35301.6485495203
ESP,Spain,Europe,High,2017,2010,1.95607633363954,1.95607633363954,Low (<2%),2.89604207865007,27426.281015093
EST,Estonia,Other,Unknown,2017,2010,3.41723549488054,3.41723549488054,Moderate (2-5%),5.63467248963991,19270.8141210511
ETH,Ethiopia,Africa,Low,2017,2010,10.6871150284238,10.6871150284238,Very High (>10%),9.56418965754014,678.98541915757
EUU,European Union,Other,Unknown,2017,2010,1.42910743319306,1.42910743319306,Low (<2%),2.81810835521954,32135.668371076
FIN,Finland,Europe,High,2017,2010,0.754015047084438,0.754015047084438,Low (<2%),3.30337003591039,44862.220404205
FJI,Fiji,Other,Unknown,2017,2010,3.34757834757831,3.34757834757831,Moderate (2-5%),5.35336434979577,5500.67840280072
FRA,France,Europe,High,2017,2010,1.03228275064681,1.03228275064681,Low (<2%),2.08361485997399,37580.5979329356
FSM,"Micronesia, Fed. Sts.",Other,Unknown,2017,2010,0.58225373525489,0.58225373525489,Low (<2%),2.07468879668049,2945.60147384462
GAB,Gabon,Other,Unknown,2017,2010,2.65192583143902,2.65192583143902,Moderate (2-5%),0.472642030911146,6840.05959347802
GBR,United Kingdom,Europe,High,2017,2010,2.55775577557747,2.55775577557747,Moderate (2-5%),3.02322219840339,47019.4510419999
GEO,Georgia,Other,Unknown,2017,2010,6.03531725272117,6.03531725272117,High (5-10%),5.15990261658827,4442.50744127374
GHA,Ghana,Africa,Unknown,2017,2010,12.3719215507048,12.3719215507048,Very High (>10%),8.12889488100956,1841.44636153249
GIN,Guinea,Other,Unknown,2017,2010,8.91435947913097,8.91435947913097,High (5-10%),10.3000053427355,867.907502577607
GMB,"Gambia, The",Other,Unknown,2017,2010,8.03418974545911,8.03418974545911,High (5-10%),4.8226112492757,628.777299272925
GNB,Guinea-Bissau,Other,Unknown,2017,2010,1.69111461822298,1.69111461822298,Low (<2%),4.66367943913264,677.466131311367
GNQ,Equatorial Guinea,Other,Unknown,2017,2010,0.74435474661241,0.74435474661241,Low (<2%),-5.66750850486686,7259.10936454803
GRC,Greece,Europe,High,2017,2010,1.12125452031419,1.12125452031419,Low (<2%),1.47312472702352,18352.0884461258
GRD,Grenada,Other,Unknown,2017,2010,0.908458255874249,0.908458255874249,Low (<2%),4.43867566948151,9357.40728883583
GTM,Guatemala,Other,Unknown,2017,2010,4.42453655182546,4.42453655182546,Moderate (2-5%),3.0798512212244,3972.74059262672
GUY,Guyana,Other,Unknown,2017,2010,1.94571617739331,1.94571617739331,Low (<2%),3.73449154571284,5997.18271426826
HIC,High income,Other,Unknown,2017,2010,1.58909413567799,1.58909413567799,Low (<2%),2.49197626247846,37945.3076510303
HKG,"Hong Kong SAR, China",Other,Unknown,2017,2010,1.49387243939522,1.49387243939522,Low (<2%),3.79610937243891,44380.8176753147
HND,Honduras,Other,Unknown,2017,2010,3.93436084442037,3.93436084442037,Moderate (2-5%),4.84291391050387,2383.37398439714
HPC,Heavily indebted poor countries (HIPC),Other,Unknown,2017,2010,4.5783374121255,4.5783374121255,Moderate (2-5%),5.06377966448277,949.269457689577
HRV,Croatia,Other,Unknown,2017,2010,1.12937210282347,1.12937210282347,Low (<2%),3.2840626939789,13485.3711360576
HTI,Haiti,Other,Unknown,2017,2010,10.6800887242584,10.6800887242584,Very High (>10%),2.51027134544685,1432.67228609541
HUN,Hungary,Other,Unknown,2017,2010,2.34824281150154,2.34824281150154,Moderate (2-5%),4.12418389451805,13734.2442804335
IBD,IBRD only,Other,Unknown,2017,2010,3.32389447576097,3.32389447576097,Moderate (2-5%),5.16179362572515,5978.75957459242
IBT,IDA & IBRD total,Other,Unknown,2017,2010,3.33787586109568,3.33787586109568,Moderate (2-5%),5.07330968455011,4788.10478996534
IDA,IDA total,Other,Unknown,2017,2010,3.85067166284727,3.85067166284727,Moderate (2-5%),4.00703084076721,1397.38370461298
IDB,IDA blend,Other,Unknown,2017,2010,1.14765339305816,1.14765339305816,Low (<2%),2.82463712924834,1991.50582003859
IDN,Indonesia,Asia,Lower Middle,2017,2010,3.80879857691949,3.80879857691949,Moderate (2-5%),5.06978590134916,3553.51999262321
IDX,IDA only,Other,Unknown,2017,2010,4.31421134623784,4.31421134623784,Moderate (2-5%),5.22907858100467,1073.84673193105
IND,India,Asia,Lower Middle,2017,2010,3.32817337461305,3.32817337461305,Moderate (2-5%),6.79538341902422,1788.69770318481
IRL,Ireland,Europe,High,2017,2010,0.362173038229378,0.362173038229378,Low (<2%),10.1088576065965,69748.6221034014
IRN,"Iran, Islamic Rep.",Asia,Lower Middle,2017,2010,8.04492437660278,8.04492437660278,High (5-10%),3.02685468694025,5395.2398398598
IRQ,Iraq,Middle East,Unknown,2017,2010,0.184058898847553,0.184058898847553,Low (<2%),-1.81975035118309,4736.32710809857
ISL,Iceland,Other,Unknown,2017,2010,1.76041559180605,1.76041559180605,Low (<2%),3.48506704155555,56657.9800322797
ISR,Israel,Europe,High,2017,2010,0.249807840123008,0.249807840123008,Low (<2%),4.34394518932547,37911.0217281157
ITA,Italy,Europe,High,2017,2010,1.22653316645812,1.22653316645812,Low (<2%),1.60369995294101,31635.52277108
JAM,Jamaica,Other,Unknown,2017,2010,4.37839864991561,4.37839864991561,Moderate (2-5%),2.29303371291363,5586.1365723133
JOR,Jordan,Other,Unknown,2017,2010,3.32389447576097,3.32389447576097,Moderate (2-5%),2.50770398070352,4335.92512689541
JPN,Japan,Asia,High,2017,2010,0.484199796126385,0.484199796126385,Low (<2%),1.62345062245441,36547.7357437305
KAZ,Kazakhstan,Other,Unknown,2017,2010,7.44266321306792,7.44266321306792,High (5-10%),4.10000000257358,10404.2718646317
KEN,Kenya,Africa,Low,2017,2010,8.00564967709945,8.00564967709945,High (5-10%),3.83795817364721,1542.33773973372
KGZ,Kyrgyz Republic,Other,Unknown,2017,2010,3.1753098637994,3.1753098637994,Moderate (2-5%),4.73993722377884,1157.18275758067
KHM,Cambodia,Other,Unknown,2017,2010,2.91263557371478,2.91263557371478,Moderate (2-5%),8.07503915535979,1753.93530504662
KIR,Kiribati,Other,Unknown,2017,2010,0.355520888546828,0.355520888546828,Low (<2%),3.71200171622053,1768.87874841933
KNA,St. Kitts and Nevis,Other,Unknown,2017,2010,0.694916711613604,0.694916711613604,Low (<2%),0.220941147299996,21191.6047083703
KOR,"Korea, Rep.",Asia,High,2017,2010,1.94433230786366,1.94433230786366,Low (<2%),3.433191763972,31979.9027302467
KWT,Kuwait,Middle East,High,2017,2010,2.17183298510006,2.17183298510006,Moderate (2-5%),-4.71222270495362,27048.3706935958
LAC,Latin America & Caribbean (excluding high income),Other,Unknown,2017,2010,3.36296514855608,3.36296514855608,Moderate (2-5%),1.58746258230468,7986.11604858229
LAO,Lao PDR,Other,Unknown,2017,2010,0.825478607568026,0.825478607568026,Low (<2%),6.8925308726989,2351.57441747595
LBN,Lebanon,Other,Unknown,2017,2010,4.32135218303191,4.32135218303191,Moderate (2-5%),0.903028464073813,8305.57405425721
LBR,Liberia,Other,Unknown,2017,2010,12.4196323907138,12.4196323907138,Very High (>10%),2.45515592012239,671.260899835355
LBY,Libya,Other,Unknown,2017,2010,25.8036184788337,25.8036184788337,Very High (>10%),32.4918021862688,9435.60060040046
LCA,St. Lucia,Other,Unknown,2017,2010,0.104262078958441,0.104262078958441,Low (<2%),3.37982617272246,10960.4843512477
LCN,Latin America & Caribbean,Other,Unknown,2017,2010,2.19201010962985,2.19201010962985,Moderate (2-5%),1.55352771899284,8458.43713679231
LDC,Least developed countries: UN classification,Other,Unknown,2017,2010,4.5725365531752,4.5725365531752,Moderate (2-5%),4.50257523548829,1017.69408591328
LIC,Low income,Other,Unknown,2017,2010,8.44429373841891,8.44429373841891,High (5-10%),3.16424373054566,711.73676445834
LKA,Sri Lanka,Asia,Lower Middle,2017,2010,7.70413767850602,7.70413767850602,High (5-10%),6.46068127080994,4436.00789131029
LMC,Lower middle income,Other,Unknown,2017,2010,3.85067166284727,3.85067166284727,Moderate (2-5%),4.80938629568179,1902.90019731087
LMY,Low & middle income,Other,Unknown,2017,2010,3.66699702675925,3.66699702675925,Moderate (2-5%),5.26386453553506,4534.54734531501
LSO,Lesotho,Other,Unknown,2017,2010,4.447699373763,4.447699373763,Moderate (2-5%),-3.13817493733471,1097.82166812752
LTE,Late-demographic dividend,Other,Unknown,2017,2010,2.17727572689262,2.17727572689262,Moderate (2-5%),5.26224829988129,9041.12377451984
LTU,Lithuania,Other,Unknown,2017,2010,3.72288862303707,3.72288862303707,Moderate (2-5%),4.61224310312809,15695.9993288456
LUX,Luxembourg,Other,Unknown,2017,2010,1.73079959118896,1.73079959118896,Low (<2%),1.31711942298405,107142.05542835
LVA,Latvia,Other,Unknown,2017,2010,2.93036312374665,2.93036312374665,Moderate (2-5%),3.39894872623931,14382.8612727134
MAC,"Macao SAR, China",Other,Unknown,2017,2010,1.22812404052809,1.22812404052809,Low (<2%),9.91855844513513,75650.1261840452
MAR,Morocco,Africa,Lower Middle,2017,2010,0.754663249323619,0.754663249323619,Low (<2%),5.05789816173446,3242.64428710938
MDA,Moldova,Other,Unknown,2017,2010,6.57022997455604,6.57022997455604,High (5-10%),4.17561205106279,3085.33305844263
MDG,Madagascar,Other,Unknown,2017,2010,8.60905075422949,8.60905075422949,High (5-10%),3.93330759462793,456.851859574031
MDV,Maldives,Other,Unknown,2017,2010,2.81747338234509,2.81747338234509,Moderate (2-5%),7.07442863215275,10263.2991147672
MEA,"Middle East, North Africa, Afghanistan & Pakistan",Other,Unknown,2017,2010,2.06932928164424,2.06932928164424,Moderate (2-5%),2.07681939089466,5284.96625263466
MEX,Mexico,North America,Upper Middle,2017,2010,6.04145724018986,6.04145724018986,High (5-10%),1.87172854648381,10193.7727188313
MIC,Middle income,Other,Unknown,2017,2010,3.32817337461305,3.32817337461305,Moderate (2-5%),5.29620389044459,4954.25658592079
MKD,North Macedonia,Other,Unknown,2017,2010,1.35161889677442,1.35161889677442,Low (<2%),1.08177273813243,5510.81862920922
MLI,Mali,Other,Unknown,2017,2010,1.75985742927165,1.75985742927165,Low (<2%),5.37554769647939,878.561348378099
MLT,Malta,Other,Unknown,2017,2010,1.36435448150708,1.36435448150708,Low (<2%),12.9713425287845,28546.6464943104
MMR,Myanmar,Other,Unknown,2017,2010,4.5725365531752,4.5725365531752,Moderate (2-5%),6.13610824360305,1290.5640902569
MNA,"Middle East, North Africa, Afghanistan & Pakistan (excluding high income)",Other,Unknown,2017,2010,4.64865184428512,4.64865184428512,Moderate (2-5%),3.40247234432427,2965.75725456964
MNE,Montenegro,Other,Unknown,2017,2010,2.3802359905313,2.3802359905313,Moderate (2-5%),3.21668504736274,6840.90834101224
MNG,Mongolia,Other,Unknown,2017,2010,4.30143105302342,4.30143105302342,Moderate (2-5%),5.63687638694772,3956.2049437134
MOZ,Mozambique,Other,Low,2017,2010,15.1132073899384,15.1132073899384,Very High (>10%),2.63820737310658,618.397694360334
MRT,Mauritania,Other,Unknown,2017,2010,2.25427651934813,2.25427651934813,Moderate (2-5%),6.27054569386574,1580.01453100123
MUS,Mauritius,Other,Unknown,2017,2010,3.66699702675925,3.66699702675925,Moderate (2-5%),3.95441730960265,10383.8832682578
MWI,Malawi,Other,Low,2017,2010,11.5433939188771,11.5433939188771,Very High (>10%),4.00000000089172,544.795729220349
MYS,Malaysia,Asia,Upper Middle,2017,2010,3.87120115774237,3.87120115774237,Moderate (2-5%),5.81272240983328,10293.7629205362
NAC,North America,Other,Unknown,2017,2010,1.86349706609469,1.86349706609469,Low (<2%),2.50284500298896,57026.2780816387
NAM,Namibia,Other,Unknown,2017,2010,6.14579981111164,6.14579981111164,High (5-10%),-1.02724808856709,4476.73324402105
NER,Niger,Other,Unknown,2017,2010,2.79637318871284,2.79637318871284,Moderate (2-5%),5.53198531271451,497.172608329608
NGA,Nigeria,Africa,Low,2017,2010,16.5022662139641,16.5022662139641,Very High (>10%),0.805886619091581,2441.71236404537
NIC,Nicaragua,Other,Unknown,2017,2010,3.85067166284727,3.85067166284727,Moderate (2-5%),4.63120757580209,2209.63273423213
NLD,Netherlands,Europe,High,2017,2010,1.38145871407216,1.38145871407216,Low (<2%),2.78150834679987,47670.0858101833
NOR,Norway,Europe,High,2017,2010,1.87510059552545,1.87510059552545,Low (<2%),2.66964474273466,78961.7757906168
NPL,Nepal,Asia,Lower Middle,2017,2010,2.77703998300211,2.77703998300211,Moderate (2-5%),8.97727935643466,951.857298563641
NZL,New Zealand,Oceania,High,2017,2010,1.85078767452536,1.85078767452536,Low (<2%),3.31568621648204,39667.6884236272
OED,OECD members,Other,Unknown,2017,2010,1.82264336059067,1.82264336059067,Low (<2%),2.61204188490709,37096.0220627904
OMN,Oman,Middle East,High,2017,2010,1.58909413567799,1.58909413567799,Low (<2%),0.304057565922449,18277.945563615
OSS,Other small states,Other,Unknown,2017,2010,1.76041559180605,1.76041559180605,Low (<2%),5.06269393757441,11078.920682682
PAK,Pakistan,Asia,Lower Middle,2017,2010,4.08537368032608,4.08537368032608,Moderate (2-5%),4.43262590683975,1495.26187528032
PAN,Panama,Other,Unknown,2017,2010,0.875585918759963,0.875585918759963,Low (<2%),5.7440594635578,15045.5456426827
PER,Peru,South America,Upper Middle,2017,2010,2.99490045809443,2.99490045809443,Moderate (2-5%),2.51883544233135,6457.41940254721
PHL,Philippines,Asia,Lower Middle,2017,2010,2.85318772590947,2.85318772590947,Moderate (2-5%),6.9309883258402,3247.4503878362
PLW,Palau,Other,Unknown,2017,2010,1.4179881966692,1.4179881966692,Low (<2%),-3.42143170174889,15612.6700180498
PNG,Papua New Guinea,Other,Unknown,2017,2010,5.42204568023834,5.42204568023834,High (5-10%),3.53461081750459,2584.8883636271
POL,Poland,Europe,Unknown,2017,2010,2.07593553673859,2.07593553673859,Moderate (2-5%),5.15245773325907,13695.6452848724
PRE,Pre-demographic dividend,Other,Unknown,2017,2010,4.5783374121255,4.5783374121255,Moderate (2-5%),1.65401035196942,1503.731439286
PRT,Portugal,Europe,High,2017,2010,1.36861411643482,1.36861411643482,Low (<2%),3.31472008175986,20364.1962735946
PRY,Paraguay,South America,Upper Middle,2017,2010,3.60247741348943,3.60247741348943,Moderate (2-5%),4.81007885554041,6243.13363139058
PSE,West Bank and Gaza,Other,Unknown,2017,2010,0.212570934228881,0.212570934228881,Low (<2%),1.41936756294787,3462.97986107136
PSS,Pacific island small states,Other,Unknown,2017,2010,1.58394248575812,1.58394248575812,Low (<2%),3.88507048124241,3950.29303336273
PST,Post-demographic dividend,Other,Unknown,2017,2010,1.73079959118896,1.73079959118896,Low (<2%),2.47944817538426,42376.9506490702
QAT,Qatar,Middle East,High,2017,2010,0.394878914083005,0.394878914083005,Low (<2%),-1.49760470227838,64497.6987225375
ROU,Romania,Other,Unknown,2017,2010,1.3390212110439,1.3390212110439,Low (<2%),8.19547826641261,10106.2269557253
RUS,Russian Federation,Europe,Upper Middle,2017,2010,3.68333072334495,3.68333072334495,Moderate (2-5%),1.82670527549192,9418.99609375
RWA,Rwanda,Other,Low,2017,2010,8.27953672260832,8.27953672260832,High (5-10%),4.70393439751061,765.845359390541
SAS,South Asia,Other,Unknown,2017,2010,4.14162852223217,4.14162852223217,Moderate (2-5%),6.78411966009934,1770.26291313502
SAU,Saudi Arabia,Asia,High,2017,2010,-0.834845735027162,-0.834845735027162,Low (<2%),1.18210705878283,23035.1199977707
SDN,Sudan,Other,Unknown,2017,2010,32.3516260968437,32.3516260968437,Very High (>10%),0.70925628476644,1261.87353515625
SEN,Senegal,Other,Unknown,2017,2010,1.31815314847789,1.31815314847789,Low (<2%),7.40748618589598,1312.10932775878
SGP,Singapore,Asia,High,2017,2010,0.576763191179996,0.576763191179996,Low (<2%),4.32679370770501,59493.3758595703
SLB,Solomon Islands,Other,Unknown,2017,2010,0.488686760261083,0.488686760261083,Low (<2%),3.07546176144591,2075.36705302305
SLE,Sierra Leone,Other,Unknown,2017,2010,18.2215094003386,18.2215094003386,Very High (>10%),3.20786087715987,1010.54694071207
SLV,El Salvador,Other,Unknown,2017,2010,1.0123540331558,1.0123540331558,Low (<2%),2.24761908134138,3954.84014277572
SMR,San Marino,Other,Unknown,2017,2010,1.01413313194508,1.01413313194508,Low (<2%),0.258259899709444,43057.7582484571
SRB,Serbia,Other,Unknown,2017,2010,3.13106248590115,3.13106248590115,Moderate (2-5%),2.3634031250553,6200.26118592152
SSA,Sub-Saharan Africa (excluding high income),Other,Unknown,2017,2010,5.19795180719179,5.19795180719179,High (5-10%),2.50327515080239,1621.43885328826
SSD,South Sudan,Other,Unknown,2017,2010,187.851630279442,180.13687701067877,Very High (>10%),,
SSF,Sub-Saharan Africa,Other,Unknown,2017,2010,5.18618655524149,5.18618655524149,High (5-10%),2.5074548530006,1622.88510482914
SST,Small states,Other,Unknown,2017,2010,1.74989677484705,1.74989677484705,Low (<2%),3.2130480541305,10755.3448582832
STP,Sao Tome and Principe,Other,Unknown,2017,2010,5.6902961992902,5.6902961992902,High (5-10%),4.11297966281954,1375.59403284199
SUR,Suriname,Other,Unknown,2017,2010,21.9969430173304,21.9969430173304,Very High (>10%),1.56603782534897,8338.69235401862
SVK,Slovak Republic,Other,Unknown,2017,2010,1.31194588223247,1.31194588223247,Low (<2%),2.87473327453695,17195.2888721963
SVN,Slovenia,Other,Unknown,2017,2010,1.42910743319306,1.42910743319306,Low (<2%),5.17440215579958,22397.7634988337
SWE,Sweden,Europe,High,2017,2010,1.79449904665599,1.79449904665599,Low (<2%),1.88282184966646,51894.3748177808
SWZ,Eswatini,Other,Unknown,2017,2010,6.22137528933118,6.22137528933118,High (5-10%),3.52095345987983,3596.23605400492
SXM,Sint Maarten (Dutch part),Other,Unknown,2017,2010,2.19201010962985,2.19201010962985,Moderate (2-5%),-7.53521399882428,33945.4185182499
SYC,Seychelles,Other,Unknown,2017,2010,2.85679575568437,2.85679575568437,Moderate (2-5%),6.95416218794271,17921.5731976918
SYR,Syrian Arab Republic,Other,Unknown,2017,2010,18.0752696281771,18.0752696281771,Very High (>10%),-0.723346297115341,795.881817153216
TCD,Chad,Other,Unknown,2017,2010,-1.5370996298084,-1.5370996298084,Low (<2%),-1.61746922820204,879.075895464417
TEA,East Asia & Pacific (IDA & IBRD countries),Other,Unknown,2017,2010,2.88291164981213,2.88291164981213,Moderate (2-5%),6.66638400332221,7457.82890009373
TEC,Europe & Central Asia (IDA & IBRD countries),Other,Unknown,2017,2010,3.13106248590115,3.13106248590115,Moderate (2-5%),4.37963852941809,8464.38023977556
TGO,Togo,Other,Unknown,2017,2010,-0.981889868943119,-0.981889868943119,Low (<2%),4.00791259566937,851.735728621337
THA,Thailand,Asia,Upper Middle,2017,2010,0.664415139830893,0.664415139830893,Low (<2%),4.1776810321001,6076.74307700082
TLA,Latin America & the Caribbean (IDA & IBRD countries),Other,Unknown,2017,2010,2.8227580554717,2.8227580554717,Moderate (2-5%),1.62136105748272,8315.23504920842
TLS,Timor-Leste,Other,Unknown,2017,2010,0.557215537430361,0.557215537430361,Low (<2%),-3.18241522489195,1267.08660142883
TMN,"Middle East, North Africa, Afghanistan & Pakistan (IDA & IBRD)",Other,Unknown,2017,2010,4.97595150553833,4.97595150553833,Moderate (2-5%),3.41861623376329,2962.3615987999
TON,Tonga,Other,Unknown,2017,2010,7.51706283551116,7.51706283551116,High (5-10%),3.20231976224244,4568.62484962494
TSA,South Asia (IDA & IBRD),Other,Unknown,2017,2010,4.14162852223217,4.14162852223217,Moderate (2-5%),6.78411966009934,1770.26291313502
TSS,Sub-Saharan Africa (IDA & IBRD countries),Other,Unknown,2017,2010,5.18618655524149,5.18618655524149,High (5-10%),2.50745485300064,1622.88510482914
TTO,Trinidad and Tobago,Other,Unknown,2017,2010,1.88038440183532,1.88038440183532,Low (<2%),-4.87274946918724,17402.6155328454
TUN,Tunisia,Africa,Upper Middle,2017,2010,5.30884839565844,5.30884839565844,High (5-10%),2.25261437620587,4062.80606534519
TUR,Turkiye,Europe,Upper Middle,2017,2010,11.1443110840764,11.1443110840764,Very High (>10%),7.82585730002594,12005.6459824832
TZA,Tanzania,Other,Low,2017,2010,5.31871605228931,5.31871605228931,High (5-10%),6.72726996832438,1001.55895996094
UGA,Uganda,Other,Low,2017,2010,5.20971705914209,5.20971705914209,High (5-10%),3.13140551723596,871.093880017151
UKR,Ukraine,Other,Unknown,2017,2010,14.4383227488749,14.4383227488749,Very High (>10%),2.35997228099491,2217.7529296875
UMC,Upper middle income,Other,Unknown,2017,2010,3.31608762172158,3.31608762172158,Moderate (2-5%),5.40459151052542,7681.04359492421
URY,Uruguay,South America,High,2017,2010,6.2180938256186,6.2180938256186,High (5-10%),1.74037649141989,17611.6036800874
USA,United States,North America,High,2017,2010,2.13011000365961,2.13011000365961,Moderate (2-5%),2.45762230126449,58435.9707535619
UZB,Uzbekistan,Other,Unknown,2017,2010,13.8757425441635,13.8757425441635,Very High (>10%),4.70027401956061,3425.78819696408
VCT,St. Vincent and the Grenadines,Other,Unknown,2017,2010,2.15333648840511,2.15333648840511,Moderate (2-5%),1.54810173239956,7872.92690537077
VNM,Viet Nam,Asia,Lower Middle,2017,2010,3.52025688811618,3.52025688811618,Moderate (2-5%),6.94019037359206,2868.13680013379
VUT,Vanuatu,Other,Unknown,2017,2010,3.08452624403546,3.08452624403546,Moderate (2-5%),4.22332192519966,3316.81034596861
WLD,World,Other,Unknown,2017,2010,2.22314331448899,2.22314331448899,Moderate (2-5%),3.44658623167955,10591.5550846784
WSM,Samoa,Other,Unknown,2017,2010,1.74989677484705,1.74989677484705,Low (<2%),1.40628239971301,4393.37316255965
XKX,Kosovo,Other,Unknown,2017,2010,1.48823430592319,1.48823430592319,Low (<2%),4.82565565298054,3890.17624537261
ZAF,South Africa,Africa,Upper Middle,2017,2010,5.18618655524149,5.18618655524149,High (5-10%),1.15794695181735,6125.6920507497
ZMB,Zambia,Other,Unknown,2017,2010,6.57731154205644,6.57731154205644,High (5-10%),3.52586277149926,1308.76829240086
ZWE,Zimbabwe,Other,Unknown,2017,2010,0.893962316050027,0.893962316050027,Low (<2%),4.73441117758482,1422.91948946927
ABW,Aruba,Other,Unknown,2018,2010,3.6260414135296,3.6260414135296,Moderate (2-5%),3.21247111920076,29419.208623316
AFE,Africa Eastern and Southern,Other,Unknown,2018,2010,4.6898064677633,4.6898064677633,Moderate (2-5%),2.70620741957582,1492.18670204384
AFG,Afghanistan,Other,Unknown,2018,2010,0.626149149168847,0.626149149168847,Low (<2%),1.18922812944517,553.125151688293
AFW,Africa Western and Central,Other,Unknown,2018,2010,1.78404994832044,1.78404994832044,Low (<2%),2.89995418634321,1817.65066402569
AGO,Angola,Africa,Lower Middle,2018,2010,19.6289379701521,19.6289379701521,Very High (>10%),-0.506697543616156,3246.87857140997
ALB,Albania,Other,Unknown,2018,2010,2.02805963071135,2.02805963071135,Moderate (2-5%),3.67141928098908,4893.82375538717
ARB,Arab World,Other,Unknown,2018,2010,2.30874696703938,2.30874696703938,Moderate (2-5%),2.67038341212846,6386.55005729143
ARE,United Arab Emirates,Middle East,High,2018,2010,3.06863379251997,3.06863379251997,Moderate (2-5%),1.53720634021511,43377.802601486
ARG,Argentina,South America,Upper Middle,2018,2010,34.2772237131003,34.2772237131003,Very High (>10%),-2.61739646282038,13058.3285449954
ARM,Armenia,Other,Unknown,2018,2010,2.52023382001638,2.52023382001638,Moderate (2-5%),5.19999999965324,4027.83393010979
ATG,Antigua and Barbuda,Other,Unknown,2018,2010,1.20715793367008,1.20715793367008,Low (<2%),6.71200487159726,18042.1596435727
AUS,Australia,Oceania,High,2018,2010,1.91140002818579,1.91140002818579,Low (<2%),2.87417039499501,58772.7063152213
AUT,Austria,Europe,High,2018,2010,1.99837981429549,1.99837981429549,Low (<2%),2.48422114080024,45951.5819164034
AZE,Azerbaijan,Other,Unknown,2018,2010,2.26854690373999,2.26854690373999,Moderate (2-5%),1.50040167167313,5261.92938234432
BDI,Burundi,Other,Unknown,2018,2010,-2.81469807668465,-2.81469807668465,Low (<2%),5.34224473186408,267.508692172687
BEL,Belgium,Europe,High,2018,2010,2.05316499865178,2.05316499865178,Moderate (2-5%),1.87796847383565,42208.3625650272
BEN,Benin,Other,Unknown,2018,2010,0.919170717886054,0.919170717886054,Low (<2%),6.69725362180888,1071.50452156932
BFA,Burkina Faso,Other,Unknown,2018,2010,1.95594302672532,1.95594302672532,Low (<2%),6.60456906812341,694.492813126351
BGD,Bangladesh,Asia,Lower Middle,2018,2010,5.54362139486476,5.54362139486476,High (5-10%),7.31941263014136,1462.25050255713
BGR,Bulgaria,Other,Unknown,2018,2010,2.81454473824838,2.81454473824838,Moderate (2-5%),2.33015054210419,8194.79296320014
BHR,Bahrain,Middle East,High,2018,2010,2.08766938046978,2.08766938046978,Moderate (2-5%),2.05258864979861,24059.7838641562
BHS,"Bahamas, The",Other,Unknown,2018,2010,2.26586346678736,2.26586346678736,Moderate (2-5%),2.39795510823548,31537.2423841956
BIH,Bosnia and Herzegovina,Other,Unknown,2018,2010,1.41710814018034,1.41710814018034,Low (<2%),3.82900399349064,5360.25201017633
BLR,Belarus,Other,Unknown,2018,2010,4.87230220550686,4.87230220550686,Moderate (2-5%),3.14919758275296,6165.91320019277
BLZ,Belize,Other,Unknown,2018,2010,0.269982622646335,0.269982622646335,Low (<2%),0.822068592512508,5707.61059954436
BOL,Bolivia,South America,Upper Middle,2018,2010,2.27205987230155,2.27205987230155,Moderate (2-5%),2.86808404814794,3204.53670838005
BRA,Brazil,South America,Upper Middle,2018,2010,3.66485028376729,3.66485028376729,Moderate (2-5%),1.783666761634,8722.33630317935
BRB,Barbados,Other,Unknown,2018,2010,3.1060057242059,3.1060057242059,Moderate (2-5%),-0.252085325827849,20674.3547847984
BRN,Brunei Darussalam,Other,Unknown,2018,2010,1.02505179290212,1.02505179290212,Low (<2%),0.0523710418528935,29200.1952024222
BTN,Bhutan,Other,Unknown,2018,2010,2.72396386183713,2.72396386183713,Moderate (2-5%),3.50187185732737,3300.55006461736
BWA,Botswana,Other,Unknown,2018,2010,3.23801558947715,3.23801558947715,Moderate (2-5%),4.18869237159223,6843.84612027739
CAF,Central African Republic,Other,Unknown,2018,2010,1.61215686991555,1.61215686991555,Low (<2%),3.78944359275462,395.020015455909
CAN,Canada,North America,High,2018,2010,2.26822567248103,2.26822567248103,Moderate (2-5%),2.74296341402246,44907.3887994469
CEB,Central Europe and the Baltics,Other,Unknown,2018,2010,2.53445424186598,2.53445424186598,Moderate (2-5%),4.95337220818838,14412.0115452533
CHE,Switzerland,Europe,High,2018,2010,0.936335464113572,0.936335464113572,Low (<2%),3.32743256101493,88581.0826935584
CHL,Chile,South America,High,2018,2010,2.43488981353057,2.43488981353057,Moderate (2-5%),3.99002947789977,13763.0068844795
CHN,China,Asia,Upper Middle,2018,2010,2.07479039965576,2.07479039965576,Moderate (2-5%),6.757806142324,9798.57890566402
CIV,Cote d'Ivoire,Africa,Lower Middle,2018,2010,0.401297817263547,0.401297817263547,Low (<2%),4.84314605889178,2013.32307598499
CMR,Cameroon,Africa,Lower Middle,2018,2010,1.0688581131292,1.0688581131292,Low (<2%),3.95551423892049,1461.01969999317
COG,"Congo, Rep.",Other,Unknown,2018,2010,1.15277896375523,1.15277896375523,Low (<2%),-2.30431780125842,1909.9560382117
COL,Colombia,South America,Upper Middle,2018,2010,3.24056932930569,3.24056932930569,Moderate (2-5%),2.56432428277704,6353.5464285392
COM,Comoros,Other,Unknown,2018,2010,2.15155084413033,2.15155084413033,Moderate (2-5%),3.64245114733689,1391.84570443267
CPV,Cabo Verde,Other,Unknown,2018,2010,1.25699566690509,1.25699566690509,Low (<2%),3.70696458310842,3853.67940035241
CRI,Costa Rica,Other,Unknown,2018,2010,2.22111461526581,2.22111461526581,Moderate (2-5%),2.85285959760458,12708.8042828359
CSS,Caribbean small states,Other,Unknown,2018,2010,1.20715793367008,1.20715793367008,Low (<2%),1.31016136681117,13827.9207659533
CUW,Curacao,Other,Unknown,2018,2010,2.58368756641814,2.58368756641814,Moderate (2-5%),-2.10411133101029,18355.1767135889
CYP,Cyprus,Other,Unknown,2018,2010,1.43549119531759,1.43549119531759,Low (<2%),6.27166360056404,26962.392578125
CZE,Czechia,Other,Unknown,2018,2010,2.14949494949493,2.14949494949493,Moderate (2-5%),2.83030588267866,19736.6295261285
DEU,Germany,Europe,High,2018,2010,1.73216879766942,1.73216879766942,Low (<2%),1.13569604599849,43905.8550061973
DJI,Djibouti,Other,Unknown,2018,2010,0.138836400011405,0.138836400011405,Low (<2%),4.77433934943193,2677.1650334451
DMA,Dominica,Other,Unknown,2018,2010,0.98919111918989,0.98919111918989,Low (<2%),2.964010610466,8261.16492553236
DNK,Denmark,Europe,High,2018,2010,0.813609467455631,0.813609467455631,Low (<2%),1.8600074900921,56355.0733084714
DOM,Dominican Republic,Other,Unknown,2018,2010,3.56443426013508,3.56443426013508,Moderate (2-5%),7.09751640210159,7818.70593240469
DZA,Algeria,Africa,Upper Middle,2018,2010,4.26999020467084,4.26999020467084,Moderate (2-5%),1.40000000088281,4717.0035885361
EAP,East Asia & Pacific (excluding high income),Other,Unknown,2018,2010,3.19834755924996,3.19834755924996,Moderate (2-5%),6.53800447051142,7806.58627734919
EAR,Early-demographic dividend,Other,Unknown,2018,2010,3.97561015740694,3.97561015740694,Moderate (2-5%),3.61280978921729,3450.30289844386
EAS,East Asia & Pacific,Other,Unknown,2018,2010,2.368549058067,2.368549058067,Moderate (2-5%),4.81200310102888,10985.5560070104
ECA,Europe & Central Asia (excluding high income),Other,Unknown,2018,2010,2.56572880132719,2.56572880132719,Moderate (2-5%),3.78753357770429,6989.62463883041
ECS,Europe & Central Asia,Other,Unknown,2018,2010,2.01321972250342,2.01321972250342,Moderate (2-5%),2.18261664657453,24094.598211265
ECU,Ecuador,South America,Upper Middle,2018,2010,-0.224103246005552,-0.224103246005552,Low (<2%),1.04429460679607,6063.0956178776
EGY,"Egypt, Arab Rep.",Africa,Lower Middle,2018,2010,14.4014657807422,14.4014657807422,Very High (>10%),5.33110861887155,3568.63966286365
EMU,Euro area,Other,Unknown,2018,2010,1.70349794744479,1.70349794744479,Low (<2%),1.78229304985051,35860.4204802822
ESP,Spain,Europe,High,2018,2010,1.67498136863799,1.67498136863799,Low (<2%),2.39541124478878,27956.7225466484
EST,Estonia,Other,Unknown,2018,2010,3.43632688420446,3.43632688420446,Moderate (2-5%),3.69969756161726,19914.3454922878
ETH,Ethiopia,Africa,Low,2018,2010,13.8330356586661,13.8330356586661,Very High (>10%),6.81614778557282,705.96881207336
EUU,European Union,Other,Unknown,2018,2010,1.7386086198818,1.7386086198818,Low (<2%),2.04641967934145,32739.0873976707
FIN,Finland,Europe,High,2018,2010,1.08382098409296,1.08382098409296,Low (<2%),1.19297759742292,45337.2409550575
FJI,Fiji,Other,Unknown,2018,2010,4.08147637644543,4.08147637644543,Moderate (2-5%),3.812350939512,5720.21445752907
FRA,France,Europe,High,2018,2010,1.85081508315493,1.85081508315493,Low (<2%),1.64590872395887,38062.4435961412
FSM,"Micronesia, Fed. Sts.",Other,Unknown,2018,2010,1.49840023593737,1.49840023593737,Low (<2%),0.406504065040664,2946.05827846428
GAB,Gabon,Other,Unknown,2018,2010,4.74906652083221,4.74906652083221,Moderate (2-5%),0.83791658082157,6724.5961429108
GBR,United Kingdom,Europe,High,2018,2010,2.29283990345938,2.29283990345938,Moderate (2-5%),1.55133095078786,47516.2099770322
GEO,Georgia,Other,Unknown,2018,2010,2.6152447139767,2.6152447139767,Moderate (2-5%),6.062036412677,4713.65354845303
GHA,Ghana,Africa,Unknown,2018,2010,7.80876516610703,7.80876516610703,High (5-10%),6.20007768127284,1915.4532323781
GIN,Guinea,Other,Unknown,2018,2010,9.82761701259191,9.82761701259191,High (5-10%),6.35849192736715,899.907328045175
GMB,"Gambia, The",Other,Unknown,2018,2010,6.52096823946573,6.52096823946573,High (5-10%),7.23489033258579,658.127833258563
GNB,Guinea-Bissau,Other,Unknown,2018,2010,0.381324702790992,0.381324702790992,Low (<2%),3.76145359637003,686.456819839526
GNQ,Equatorial Guinea,Other,Unknown,2018,2010,1.06007410662171,1.06007410662171,Low (<2%),-6.23654406734575,6578.90039765711
GRC,Greece,Europe,High,2018,2010,0.62562141345364,0.62562141345364,Low (<2%),2.06467207892409,18769.0389621976
GRD,Grenada,Other,Unknown,2018,2010,0.804102313277033,0.804102313277033,Low (<2%),4.36144039364797,9744.16919577204
GTM,Guatemala,Other,Unknown,2018,2010,3.75186186704508,3.75186186704508,Moderate (2-5%),3.40687328176345,4040.21214374742
GUY,Guyana,Other,Unknown,2018,2010,1.25128567037044,1.25128567037044,Low (<2%),4.44091288475967,6080.90612132746
HIC,High income,Other,Unknown,2018,2010,1.88110755567036,1.88110755567036,Low (<2%),2.4045350031779,38731.1124683986
HKG,"Hong Kong SAR, China",Other,Unknown,2018,2010,2.40613432046534,2.40613432046534,Moderate (2-5%),2.84690922660509,45280.4971892076
HND,Honduras,Other,Unknown,2018,2010,4.34734937777536,4.34734937777536,Moderate (2-5%),3.84499476966735,2430.13503657762
HPC,Heavily indebted poor countries (HIPC),Other,Unknown,2018,2010,3.01748181031406,3.01748181031406,Moderate (2-5%),4.18286148680316,961.125858662023
HRV,Croatia,Other,Unknown,2018,2010,1.50012501041747,1.50012501041747,Low (<2%),2.91107146210912,14061.0597402919
HTI,Haiti,Other,Unknown,2018,2010,12.4814111170435,12.4814111170435,Very High (>10%),1.66781095484656,1437.35251928349
HUN,Hungary,Other,Unknown,2018,2010,2.85024792594646,2.85024792594646,Moderate (2-5%),5.60613813768876,14533.7783144312
IBD,IBRD only,Other,Unknown,2018,2010,3.20720069534783,3.20720069534783,Moderate (2-5%),4.86157952405858,6215.67638120711
IBT,IDA & IBRD total,Other,Unknown,2018,2010,3.08668284239473,3.08668284239473,Moderate (2-5%),4.82460273989518,4959.05836315983
IDA,IDA total,Other,Unknown,2018,2010,2.84578376094084,2.84578376094084,Moderate (2-5%),4.37406543309571,1427.14883414215
IDB,IDA blend,Other,Unknown,2018,2010,2.48030843191907,2.48030843191907,Moderate (2-5%),3.8983413977238,2028.14092040239
IDN,Indonesia,Asia,Lower Middle,2018,2010,3.19834755924996,3.19834755924996,Moderate (2-5%),5.17429153955024,3701.32155461912
IDX,IDA only,Other,Unknown,2018,2010,3.01748181031406,3.01748181031406,Moderate (2-5%),4.85450921076745,1100.73857863193
IND,India,Asia,Lower Middle,2018,2010,3.93882646691643,3.93882646691643,Moderate (2-5%),6.45385134495295,1883.35772705055
IRL,Ireland,Europe,High,2018,2010,0.471130713712916,0.471130713712916,Low (<2%),7.68865937437435,74029.0550611436
IRN,"Iran, Islamic Rep.",Asia,Lower Middle,2018,2010,18.0141183371874,18.0141183371874,Very High (>10%),-3.74796015711334,5127.22495367018
IRQ,Iraq,Middle East,Unknown,2018,2010,0.367441488936828,0.367441488936828,Low (<2%),2.63385099105624,4749.00921836896
ISL,Iceland,Other,Unknown,2018,2010,2.68291768267392,2.68291768267392,Moderate (2-5%),4.66077036232377,57731.6523639512
ISR,Israel,Europe,High,2018,2010,0.805060379528526,0.805060379528526,Low (<2%),4.05349952888294,38695.0100079706
ITA,Italy,Europe,High,2018,2010,1.13748763600391,1.13748763600391,Low (<2%),0.826646712344115,31963.6417148824
JAM,Jamaica,Other,Unknown,2018,2010,3.73663882152163,3.73663882152163,Moderate (2-5%),2.51584458612513,5717.87621107532
JOR,Jordan,Other,Unknown,2018,2010,4.46231108475481,4.46231108475481,Moderate (2-5%),1.85383415616927,4320.029787425
JPN,Japan,Asia,High,2018,2010,0.989094598021848,0.989094598021848,Low (<2%),0.834143845965585,36899.3847079435
KAZ,Kazakhstan,Other,Unknown,2018,2010,6.16366247577762,6.16366247577762,High (5-10%),4.09999999309841,10670.2120148279
KEN,Kenya,Africa,Low,2018,2010,4.6898064677633,4.6898064677633,Moderate (2-5%),5.64794640709219,1596.69045914945
KGZ,Kyrgyz Republic,Other,Unknown,2018,2010,1.54266145238436,1.54266145238436,Low (<2%),3.75791013557165,1175.0712778747
KHM,Cambodia,Other,Unknown,2018,2010,2.45908515380146,2.45908515380146,Moderate (2-5%),8.77622376224463,1884.28374817086
KIR,Kiribati,Other,Unknown,2018,2010,0.564030491493476,0.564030491493476,Low (<2%),3.42465753424656,1802.34850714657
KNA,St. Kitts and Nevis,Other,Unknown,2018,2010,-1.03712214131572,-1.03712214131572,Low (<2%),2.00352549800972,21635.4972146482
KOR,"Korea, Rep.",Asia,High,2018,2010,1.47583935002645,1.47583935002645,Low (<2%),3.17611568177327,32852.8887488942
KWT,Kuwait,Middle East,High,2018,2010,0.543133148199567,0.543133148199567,Low (<2%),2.74333045031415,26706.0191660864
LAC,Latin America & Caribbean (excluding high income),Other,Unknown,2018,2010,3.40250179472038,3.40250179472038,Moderate (2-5%),1.15229755041935,8010.5932042996
LAO,Lao PDR,Other,Unknown,2018,2010,2.04039266890201,2.04039266890201,Moderate (2-5%),6.24796000755872,2459.97874636195
LBN,Lebanon,Other,Unknown,2018,2010,6.07698907889607,6.07698907889607,High (5-10%),-1.88470575631651,8388.7235123835
LBR,Liberia,Other,Unknown,2018,2010,23.5635148953742,23.5635148953742,Very High (>10%),1.15757512207355,665.875439637137
LBY,Libya,Other,Unknown,2018,2010,13.1702038536722,13.1702038536722,Very High (>10%),7.9413678529104,10020.9165751361
LCA,St. Lucia,Other,Unknown,2018,2010,1.93561893150602,1.93561893150602,Low (<2%),2.88677902171601,11233.8883578457
LCN,Latin America & Caribbean,Other,Unknown,2018,2010,2.37951733360489,2.37951733360489,Moderate (2-5%),1.22291785556858,8489.65331062758
LDC,Least developed countries: UN classification,Other,Unknown,2018,2010,3.46147484973729,3.46147484973729,Moderate (2-5%),4.65270171918264,1040.23273178411
LIC,Low income,Other,Unknown,2018,2010,3.43946902997592,3.43946902997592,Moderate (2-5%),3.50195265516888,716.409588833122
LKA,Sri Lanka,Asia,Lower Middle,2018,2010,2.135037737132,2.135037737132,Moderate (2-5%),2.31008425504933,4493.03574617534
LMC,Lower middle income,Other,Unknown,2018,2010,4.29159105337875,4.29159105337875,Moderate (2-5%),4.90431450173897,1968.63004426859
LMY,Low & middle income,Other,Unknown,2018,2010,3.24056932930569,3.24056932930569,Moderate (2-5%),4.92164615265142,4699.02853867183
LSO,Lesotho,Other,Unknown,2018,2010,4.7518030162474,4.7518030162474,Moderate (2-5%),-1.48063315848241,1068.44462913373
LTE,Late-demographic dividend,Other,Unknown,2018,2010,2.4744634711843,2.4744634711843,Moderate (2-5%),5.44116105376224,9481.1203747958
LTU,Lithuania,Other,Unknown,2018,2010,2.69792779208394,2.69792779208394,Moderate (2-5%),4.91836780106811,16604.9021440809
LUX,Luxembourg,Other,Unknown,2018,2010,1.5281952430737,1.5281952430737,Low (<2%),1.61129891211624,106788.661202756
LVA,Latvia,Other,Unknown,2018,2010,2.53445424186598,2.53445424186598,Moderate (2-5%),4.30971286294503,15120.0698171804
MAC,"Macao SAR, China",Other,Unknown,2018,2010,3.00446293166953,3.00446293166953,Moderate (2-5%),6.35917030567686,79178.6506290559
MAR,Morocco,Africa,Lower Middle,2018,2010,1.80391671141896,1.80391671141896,Low (<2%),3.06564133025955,3304.7119140625
MDA,Moldova,Other,Unknown,2018,2010,3.04505397337058,3.04505397337058,Moderate (2-5%),4.07559546585034,3267.9961042872
MDG,Madagascar,Other,Unknown,2018,2010,8.59422958870476,8.59422958870476,High (5-10%),3.19435651744398,459.330367799543
MDV,Maldives,Other,Unknown,2018,2010,-0.133373386117595,-0.133373386117595,Low (<2%),8.5689555834747,10793.8941325367
MEA,"Middle East, North Africa, Afghanistan & Pakistan",Other,Unknown,2018,2010,1.94579304594437,1.94579304594437,Low (<2%),2.4028056194,5326.92749664004
MEX,Mexico,North America,Upper Middle,2018,2010,4.89935015356551,4.89935015356551,Moderate (2-5%),1.97208211101069,10296.8690940459
MIC,Middle income,Other,Unknown,2018,2010,3.24056932930569,3.24056932930569,Moderate (2-5%),4.94307020212865,5143.80804206815
MKD,North Macedonia,Other,Unknown,2018,2010,1.45831298507126,1.45831298507126,Low (<2%),2.88059670964267,5698.39334484489
MLI,Mali,Other,Unknown,2018,2010,0.299546507387843,0.299546507387843,Low (<2%),4.86784999935264,892.978322787306
MLT,Malta,Other,Unknown,2018,2010,1.15782362451517,1.15782362451517,Low (<2%),7.18921425536917,29536.7913868949
MMR,Myanmar,Other,Unknown,2018,2010,6.87232865662935,6.87232865662935,High (5-10%),6.26886221471075,1361.5683126412
MNA,"Middle East, North Africa, Afghanistan & Pakistan (excluding high income)",Other,Unknown,2018,2010,4.36615064471282,4.36615064471282,Moderate (2-5%),2.09831066371866,2975.07985684262
MNE,Montenegro,Other,Unknown,2018,2010,2.611223782638,2.611223782638,Moderate (2-5%),4.73292113433965,7159.46778433252
MNG,Mongolia,Other,Unknown,2018,2010,6.82424790145522,6.82424790145522,High (5-10%),7.74488062024881,4183.85566447661
MOZ,Mozambique,Other,Low,2018,2010,3.91133439990729,3.91133439990729,Moderate (2-5%),3.48493202422782,621.153734194787
MRT,Mauritania,Other,Unknown,2018,2010,3.06735996058356,3.06735996058356,Moderate (2-5%),4.77217363890155,1606.91539159026
MUS,Mauritius,Other,Unknown,2018,2010,3.2160538314457,3.2160538314457,Moderate (2-5%),4.11669369456492,10805.4615213739
MWI,Malawi,Other,Low,2018,2010,12.420178108921,12.420178108921,Very High (>10%),4.35356471619211,553.528790902088
MYS,Malaysia,Asia,Upper Middle,2018,2010,0.884709160571235,0.884709160571235,Low (<2%),4.84308697634881,10610.1950240479
NAC,North America,Other,Unknown,2018,2010,2.3554044847046,2.3554044847046,Moderate (2-5%),2.94789312072024,58314.2046320345
NAM,Namibia,Other,Unknown,2018,2010,4.29159105337875,4.29159105337875,Moderate (2-5%),1.05993949860752,4400.47537705743
NER,Niger,Other,Unknown,2018,2010,2.96760366004456,2.96760366004456,Moderate (2-5%),6.89458420864513,513.423699765289
NGA,Nigeria,Africa,Low,2018,2010,12.0951065173432,12.0951065173432,Very High (>10%),1.92275734199798,2431.77857832597
NIC,Nicaragua,Other,Unknown,2018,2010,4.94723728039886,4.94723728039886,Moderate (2-5%),-3.3633566598573,2107.3396261623
NLD,Netherlands,Europe,High,2018,2010,1.70349794744479,1.70349794744479,Low (<2%),2.25873158164956,48463.0055608731
NOR,Norway,Europe,High,2018,2010,2.76483134528797,2.76483134528797,Moderate (2-5%),1.1103912365576,79313.2889434042
NPL,Nepal,Asia,Lower Middle,2018,2010,4.40659410175714,4.40659410175714,Moderate (2-5%),7.62237610397933,1021.91492204011
NZL,New Zealand,Oceania,High,2018,2010,1.59829703801696,1.59829703801696,Low (<2%),3.32219666491432,40257.9139260803
OED,OECD members,Other,Unknown,2018,2010,1.93246766472803,1.93246766472803,Low (<2%),2.38931017293615,37756.2846941147
OMN,Oman,Middle East,High,2018,2010,0.889312370970404,0.889312370970404,Low (<2%),1.28710391543288,18269.6769435562
OSS,Other small states,Other,Unknown,2018,2010,2.611223782638,2.611223782638,Moderate (2-5%),4.36915856791936,11423.9568368891
PAK,Pakistan,Asia,Lower Middle,2018,2010,5.07805725868917,5.07805725868917,High (5-10%),6.15170261099519,1561.68169819559
PAN,Panama,Other,Unknown,2018,2010,0.761578359399945,0.761578359399945,Low (<2%),3.91824253321265,15375.6500855703
PER,Peru,South America,Upper Middle,2018,2010,1.50915423024742,1.50915423024742,Low (<2%),3.969351341365,6593.14437459526
PHL,Philippines,Asia,Lower Middle,2018,2010,5.30934661627707,5.30934661627707,High (5-10%),6.34148557153473,3410.93647976109
PLW,Palau,Other,Unknown,2018,2010,2.10970464135017,2.10970464135017,Moderate (2-5%),-0.417625859260369,15545.7219371676
PNG,Papua New Guinea,Other,Unknown,2018,2010,4.37448921453162,4.37448921453162,Moderate (2-5%),-0.279252284959952,2518.45899317321
POL,Poland,Europe,Unknown,2018,2010,1.81295156542689,1.81295156542689,Low (<2%),6.2458584723942,14551.0850277089
PRE,Pre-demographic dividend,Other,Unknown,2018,2010,2.80203783510174,2.80203783510174,Moderate (2-5%),2.65801624793845,1501.77325261054
PRT,Portugal,Europe,High,2018,2010,0.993715683468233,0.993715683468233,Low (<2%),2.94628343449202,20997.7745987013
PRY,Paraguay,South America,Upper Middle,2018,2010,3.97561015740694,3.97561015740694,Moderate (2-5%),3.20425034076639,6354.2392005297
PSE,West Bank and Gaza,Other,Unknown,2018,2010,-0.195107773730735,-0.195107773730735,Low (<2%),1.22707737782703,3417.79440837962
PSS,Pacific island small states,Other,Unknown,2018,2010,2.89621932270298,2.89621932270298,Moderate (2-5%),2.72310809047187,4006.76552928832
PST,Post-demographic dividend,Other,Unknown,2018,2010,1.7386086198818,1.7386086198818,Low (<2%),2.28758807836371,43192.4790062502
QAT,Qatar,Middle East,High,2018,2010,0.255815382724408,0.255815382724408,Low (<2%),1.23487220191065,64410.8171280981
ROU,Romania,Other,Unknown,2018,2010,4.62548443137779,4.62548443137779,Moderate (2-5%),5.39452228185675,10714.1701157127
RUS,Russian Federation,Europe,Upper Middle,2018,2010,2.87831382614981,2.87831382614981,Moderate (2-5%),2.80634082046656,9674.787109375
RWA,Rwanda,Other,Low,2018,2010,-0.311210160390699,-0.311210160390699,Low (<2%),8.07084254621641,808.704812752127
SAS,South Asia,Other,Unknown,2018,2010,3.33139516437678,3.33139516437678,Moderate (2-5%),6.39366632555758,1863.72112635371
SAU,Saudi Arabia,Asia,High,2018,2010,2.46594308994843,2.46594308994843,Moderate (2-5%),3.2269508901591,24393.5188306638
SDN,Sudan,Other,Unknown,2018,2010,63.2925073455888,63.2925073455888,Very High (>10%),-2.6809305497999,1185.94445800781
SEN,Senegal,Other,Unknown,2018,2010,0.460985642464188,0.460985642464188,Low (<2%),6.20924103388887,1355.09610863533
SGP,Singapore,Asia,High,2018,2010,0.438784215129623,0.438784215129623,Low (<2%),3.18660848474074,61101.5252578902
SLB,Solomon Islands,Other,Unknown,2018,2010,3.46147484973729,3.46147484973729,Moderate (2-5%),2.74585244829055,2061.8996970669
SLE,Sierra Leone,Other,Unknown,2018,2010,16.0295447693699,16.0295447693699,Very High (>10%),2.8938564123677,1015.6678297205
SLV,El Salvador,Other,Unknown,2018,2010,1.09033000581892,1.09033000581892,Low (<2%),2.4124442237792,4046.16291720583
SMR,San Marino,Other,Unknown,2018,2010,1.16333522293158,1.16333522293158,Low (<2%),1.49390399796074,42818.6755959614
SRB,Serbia,Other,Unknown,2018,2010,1.95984076293801,1.95984076293801,Low (<2%),4.64935035491007,6524.08029755191
SSA,Sub-Saharan Africa (excluding high income),Other,Unknown,2018,2010,4.09297819300637,4.09297819300637,Moderate (2-5%),2.7922269325805,1623.15311346717
SSD,South Sudan,Other,Unknown,2018,2010,83.5015294922,83.5015294922,Very High (>10%),,
SSF,Sub-Saharan Africa,Other,Unknown,2018,2010,3.91133439990729,3.91133439990729,Moderate (2-5%),2.79433082130898,1624.6365666885
SST,Small states,Other,Unknown,2018,2010,2.13062774274025,2.13062774274025,Moderate (2-5%),3.38174135854818,10991.2219783357
STP,Sao Tome and Principe,Other,Unknown,2018,2010,7.86859628873909,7.86859628873909,High (5-10%),4.37812808264972,1413.84348618541
SVK,Slovak Republic,Other,Unknown,2018,2010,2.51403712883803,2.51403712883803,Moderate (2-5%),4.06211981896483,17869.0149173679
SVN,Slovenia,Other,Unknown,2018,2010,1.7386086198818,1.7386086198818,Low (<2%),4.37908347331195,23293.966665323
SWE,Sweden,Europe,High,2018,2010,1.95353530127028,1.95353530127028,Low (<2%),1.7702553546772,52203.0872589761
SWZ,Eswatini,Other,Unknown,2018,2010,4.81506167461513,4.81506167461513,Moderate (2-5%),0.0653956557843571,3565.54285067501
SYC,Seychelles,Other,Unknown,2018,2010,3.70291839111568,3.70291839111568,Moderate (2-5%),4.93947272254312,18628.1862276696
SYR,Syrian Arab Republic,Other,Unknown,2018,2010,0.940983843906769,0.940983843906769,Low (<2%),1.39323324059961,792.412864720441
TCD,Chad,Other,Unknown,2018,2010,4.27462198610545,4.27462198610545,Moderate (2-5%),5.74111580758154,898.834794005046
TEA,East Asia & Pacific (IDA & IBRD countries),Other,Unknown,2018,2010,2.91740978470444,2.91740978470444,Moderate (2-5%),6.53783889633732,7894.29743865068
TEC,Europe & Central Asia (IDA & IBRD countries),Other,Unknown,2018,2010,2.611223782638,2.611223782638,Moderate (2-5%),3.81479272946348,8750.28088810459
TGO,Togo,Other,Unknown,2018,2010,0.927755426457183,0.927755426457183,Low (<2%),4.79518333086139,876.562800915869
THA,Thailand,Asia,Upper Middle,2018,2010,1.06683487370758,1.06683487370758,Low (<2%),4.22287028746071,6314.19948412043
TLA,Latin America & the Caribbean (IDA & IBRD countries),Other,Unknown,2018,2010,2.32414485367921,2.32414485367921,Moderate (2-5%),1.30772581346528,8349.31011182677
TLS,Timor-Leste,Other,Unknown,2018,2010,2.63647201015892,2.63647201015892,Moderate (2-5%),-0.466502170658785,1237.20064730412
TMN,"Middle East, North Africa, Afghanistan & Pakistan (IDA & IBRD)",Other,Unknown,2018,2010,4.46231108475481,4.46231108475481,Moderate (2-5%),2.1052660162653,2972.03291109214
TON,Tonga,Other,Unknown,2018,2010,5.03209691984883,5.03209691984883,High (5-10%),0.527828083180253,4583.55968565688
TSA,South Asia (IDA & IBRD),Other,Unknown,2018,2010,3.33139516437678,3.33139516437678,Moderate (2-5%),6.39366632555758,1863.72112635371
TSS,Sub-Saharan Africa (IDA & IBRD countries),Other,Unknown,2018,2010,3.91133439990729,3.91133439990729,Moderate (2-5%),2.7943308213089,1624.6365666885
TTO,Trinidad and Tobago,Other,Unknown,2018,2010,1.01856930188822,1.01856930188822,Low (<2%),-0.945449700943314,17205.615135339
TUN,Tunisia,Africa,Upper Middle,2018,2010,7.30759176031652,7.30759176031652,High (5-10%),2.60696965356362,4127.97005697994
TUR,Turkiye,Europe,Upper Middle,2018,2010,16.3324638988929,16.3324638988929,Very High (>10%),3.46815306092219,12255.0082146169
TZA,Tanzania,Other,Low,2018,2010,3.49445848856181,3.49445848856181,Moderate (2-5%),5.50267599384966,1024.01525878906
UGA,Uganda,Other,Low,2018,2010,2.61601190952274,2.61601190952274,Moderate (2-5%),6.30392378262997,895.07512785438
UKR,Ukraine,Other,Unknown,2018,2010,10.9518559353178,10.9518559353178,Very High (>10%),3.48836234022659,2308.6669921875
UMC,Upper middle income,Other,Unknown,2018,2010,3.12170076631027,3.12170076631027,Moderate (2-5%),4.95165024884356,7998.61658821282
URY,Uruguay,South America,High,2018,2010,7.60653360377047,7.60653360377047,High (5-10%),0.164777608846705,17608.94412947
USA,United States,North America,High,2018,2010,2.44258329692817,2.44258329692817,Moderate (2-5%),2.96650506701943,59817.6556798612
UZB,Uzbekistan,Other,Unknown,2018,2010,17.5241796514055,17.5241796514055,Very High (>10%),5.72368380757618,3559.85436594803
VCT,St. Vincent and the Grenadines,Other,Unknown,2018,2010,2.32414485367921,2.32414485367921,Moderate (2-5%),3.1756114423991,8179.99598957084
VNM,Viet Nam,Asia,Lower Middle,2018,2010,3.53962805942641,3.53962805942641,Moderate (2-5%),7.46500685572751,3048.28327602145
VUT,Vanuatu,Other,Unknown,2018,2010,2.33096379566866,2.33096379566866,Moderate (2-5%),2.51532789491979,3319.75630455318
WLD,World,Other,Unknown,2018,2010,2.44258329692817,2.44258329692817,Moderate (2-5%),3.28663086462807,10822.5745320636
WSM,Samoa,Other,Unknown,2018,2010,4.19745888663752,4.19745888663752,Moderate (2-5%),-0.609647103380141,4321.00518344962
XKX,Kosovo,Other,Unknown,2018,2010,1.05379773654991,1.05379773654991,Low (<2%),3.40663227056285,4009.11952439378
ZAF,South Africa,Africa,Upper Middle,2018,2010,4.50987264867388,4.50987264867388,Moderate (2-5%),1.55678384721676,6117.2701406047
ZMB,Zambia,Other,Unknown,2018,2010,7.4945719272852,7.4945719272852,High (5-10%),4.03449389667165,1321.25045711573
ZWE,Zimbabwe,Other,Unknown,2018,2010,10.6188658669575,10.6188658669575,Very High (>10%),5.00992154297603,1472.14603844842
ABW,Aruba,Other,Unknown,2019,2010,4.25746204335427,4.25746204335427,Moderate (2-5%),1.22914408896015,29700.3634670565
AFE,Africa Eastern and Southern,Other,Unknown,2019,2010,4.10285075461156,4.10285075461156,Moderate (2-5%),1.93559262617022,1480.22900239543
AFG,Afghanistan,Other,Unknown,2019,2010,2.30237251516834,2.30237251516834,Moderate (2-5%),3.91160341625552,557.861533207459
AFW,Africa Western and Central,Other,Unknown,2019,2010,1.98309228487232,1.98309228487232,Low (<2%),3.28314241472725,1832.1636948549
AGO,Angola,Africa,Lower Middle,2019,2010,17.080954143438,17.080954143438,Very High (>10%),-1.05523414494337,3105.59971242672
ALB,Albania,Other,Unknown,2019,2010,1.41109078954242,1.41109078954242,Low (<2%),2.06257790176122,5072.43648354739
ARB,Arab World,Other,Unknown,2019,2010,1.33601568147656,1.33601568147656,Low (<2%),1.74949238304778,6377.12720480427
ARE,United Arab Emirates,Middle East,High,2019,2010,-1.93108114782173,-1.93108114782173,Low (<2%),1.27129120536284,43468.4534705013
ARG,Argentina,South America,Upper Middle,2019,2010,53.5483043492339,53.5483043492339,Very High (>10%),-2.00086100285785,12706.3978108968
ARM,Armenia,Other,Unknown,2019,2010,1.44344660770698,1.44344660770698,Low (<2%),7.59999999853918,4343.45839583019
ATG,Antigua and Barbuda,Other,Unknown,2019,2010,1.43135598182984,1.43135598182984,Low (<2%),3.1722219373937,18525.2588907167
AUS,Australia,Oceania,High,2019,2010,1.610770929127,1.610770929127,Low (<2%),2.19401703622717,59181.2997904131
AUT,Austria,Europe,High,2019,2010,1.53089564152644,1.53089564152644,Low (<2%),1.75497619649288,46550.5622459492
AZE,Azerbaijan,Other,Unknown,2019,2010,2.61057182799215,2.61057182799215,Moderate (2-5%),2.47980879185565,5346.95318604114
BDI,Burundi,Other,Unknown,2019,2010,-0.686772170797359,-0.686772170797359,Low (<2%),4.45934202358784,270.411005710809
BEL,Belgium,Europe,High,2019,2010,1.43681956996438,1.43681956996438,Low (<2%),2.4428900448156,43006.4042308863
BEN,Benin,Other,Unknown,2019,2010,0.732849371241066,0.732849371241066,Low (<2%),6.86568662848335,1114.17304526443
BFA,Burkina Faso,Other,Unknown,2019,2010,-3.23338933983322,-3.23338933983322,Low (<2%),5.88920497068135,717.021595096634
BGD,Bangladesh,Asia,Lower Middle,2019,2010,5.59199639930629,5.59199639930629,High (5-10%),7.88191515117722,1564.20802445636
BGR,Bulgaria,Other,Unknown,2019,2010,3.10372944796771,3.10372944796771,Moderate (2-5%),3.79331964589196,8626.5750265742
BHR,Bahrain,Middle East,High,2019,2010,1.00582004702137,1.00582004702137,Low (<2%),2.05287774418655,24873.6640060134
BHS,"Bahamas, The",Other,Unknown,2019,2010,2.49123527368046,2.49123527368046,Moderate (2-5%),-0.838585871193203,31117.6299132391
BIH,Bosnia and Herzegovina,Other,Unknown,2019,2010,0.56278215406123,0.56278215406123,Low (<2%),2.88585242083978,5583.29721276458
BLR,Belarus,Other,Unknown,2019,2010,5.59815595039848,5.59815595039848,High (5-10%),1.44645548204305,6267.73508743505
BLZ,Belize,Other,Unknown,2019,2010,0.187069385181424,0.187069385181424,Low (<2%),4.25658710030072,5864.14611827109
BOL,Bolivia,South America,Upper Middle,2019,2010,1.83954504969026,1.83954504969026,Low (<2%),1.50672102666863,3207.38695231128
BRA,Brazil,South America,Upper Middle,2019,2010,3.73297621216894,3.73297621216894,Moderate (2-5%),1.22077782360842,8771.44051292177
BRB,Barbados,Other,Unknown,2019,2010,1.67662473276988,1.67662473276988,Low (<2%),0.241099789148677,20687.6467427909
BRN,Brunei Darussalam,Other,Unknown,2019,2010,-0.390522069165529,-0.390522069165529,Low (<2%),3.86884436177075,29996.2407223175
BTN,Bhutan,Other,Unknown,2019,2010,2.72643037388832,2.72643037388832,Moderate (2-5%),5.75514851246506,3467.38598979356
BWA,Botswana,Other,Unknown,2019,2010,2.77286442863321,2.77286442863321,Moderate (2-5%),3.0317733945467,6951.73189051146
CAF,Central African Republic,Other,Unknown,2019,2010,2.68537355266787,2.68537355266787,Moderate (2-5%),3.09999999999999,401.82582161435
CAN,Canada,North America,High,2019,2010,1.94926902411593,1.94926902411593,Low (<2%),1.90843193887251,45100.336805859
CEB,Central Europe and the Baltics,Other,Unknown,2019,2010,2.6645613342544,2.6645613342544,Moderate (2-5%),4.03232614160713,15024.0494908704
CHE,Switzerland,Europe,High,2019,2010,0.362886179940674,0.362886179940674,Low (<2%),1.11532187197474,88932.4119306425
CHL,Chile,South America,High,2019,2010,2.55754475703327,2.55754475703327,Moderate (2-5%),0.644223402631923,13631.9284885172
CHN,China,Asia,Upper Middle,2019,2010,2.89923416358227,2.89923416358227,Moderate (2-5%),6.06737806333672,10356.2924890582
CIV,Cote d'Ivoire,Africa,Lower Middle,2019,2010,0.790855512053661,0.790855512053661,Low (<2%),6.72137167584978,2093.09994335779
CMR,Cameroon,Africa,Lower Middle,2019,2010,2.45280214062732,2.45280214062732,Moderate (2-5%),3.47505998194981,1470.31785276187
COG,"Congo, Rep.",Other,Unknown,2019,2010,2.20607305781525,2.20607305781525,Moderate (2-5%),1.12447391976529,1885.51080877731
COL,Colombia,South America,Upper Middle,2019,2010,3.52301932741447,3.52301932741447,Moderate (2-5%),3.18685539245533,6439.96359812647
COM,Comoros,Other,Unknown,2019,2010,3.58213544469211,3.58213544469211,Moderate (2-5%),1.76078023564568,1389.36488014859
CPV,Cabo Verde,Other,Unknown,2019,2010,1.10666674296063,1.10666674296063,Low (<2%),6.94782634051859,4115.90283469406
CRI,Costa Rica,Other,Unknown,2019,2010,2.09604635327807,2.09604635327807,Moderate (2-5%),2.70813912948329,12944.013449341
CSS,Caribbean small states,Other,Unknown,2019,2010,1.00054293027237,1.00054293027237,Low (<2%),0.865089017714141,13836.1810586697
CUW,Curacao,Other,Unknown,2019,2010,2.62220783425059,2.62220783425059,Moderate (2-5%),-3.20613230348162,17980.5298177114
CYP,Cyprus,Other,Unknown,2019,2010,0.250370996758493,0.250370996758493,Low (<2%),5.87559583386607,28167.146484375
CZE,Czechia,Other,Unknown,2019,2010,2.84787595918041,2.84787595918041,Moderate (2-5%),3.56577658128261,20360.0599221814
DEU,Germany,Europe,High,2019,2010,1.44565976888253,1.44565976888253,Low (<2%),0.977734697038784,44235.2658954682
DJI,Djibouti,Other,Unknown,2019,2010,3.31763203299603,3.31763203299603,Moderate (2-5%),5.54508081154978,2781.94350113484
DMA,Dominica,Other,Unknown,2019,2010,1.50462353858141,1.50462353858141,Low (<2%),3.94809757938053,8624.51695993537
DNK,Denmark,Europe,High,2019,2010,0.75813157251162,0.75813157251162,Low (<2%),1.71140093932736,57114.6227336347
DOM,Dominican Republic,Other,Unknown,2019,2010,1.81060377042959,1.81060377042959,Low (<2%),4.8940301149584,8117.04639185786
DZA,Algeria,Africa,Upper Middle,2019,2010,1.95176821052892,1.95176821052892,Low (<2%),0.899999999219148,4672.66408678635
EAP,East Asia & Pacific (excluding high income),Other,Unknown,2019,2010,1.94257500833107,1.94257500833107,Low (<2%),5.88489228328295,8220.63635978721
EAR,Early-demographic dividend,Other,Unknown,2019,2010,2.76252019386111,2.76252019386111,Moderate (2-5%),2.27263621294111,3485.83540250583
EAS,East Asia & Pacific,Other,Unknown,2019,2010,1.71437095763401,1.71437095763401,Low (<2%),4.04090596808282,11370.44994499
ECA,Europe & Central Asia (excluding high income),Other,Unknown,2019,2010,2.64328192719554,2.64328192719554,Moderate (2-5%),2.61922676231219,7109.90457345448
ECS,Europe & Central Asia,Other,Unknown,2019,2010,1.76373586528841,1.76373586528841,Low (<2%),1.83149788108096,24442.3874231782
ECU,Ecuador,South America,Upper Middle,2019,2010,0.266012515466155,0.266012515466155,Low (<2%),0.1654044646003,5971.38938386723
EGY,"Egypt, Arab Rep.",Africa,Lower Middle,2019,2010,9.15279959324804,9.15279959324804,High (5-10%),5.55209307084222,3701.2446344954
EMU,Euro area,Other,Unknown,2019,2010,1.44565976888253,1.44565976888253,Low (<2%),1.63208944796722,36362.1610606018
ESP,Spain,Europe,High,2019,2010,0.699518994458648,0.699518994458648,Low (<2%),1.96117850841711,28301.4393949563
EST,Estonia,Other,Unknown,2019,2010,2.27725931243522,2.27725931243522,Moderate (2-5%),3.72664943466884,20579.8756732376
ETH,Ethiopia,Africa,Low,2019,2010,15.8096321719344,15.8096321719344,Very High (>10%),8.36408573111346,744.702789740042
EUU,European Union,Other,Unknown,2019,2010,1.63052260754335,1.63052260754335,Low (<2%),1.87525498889181,33289.4438136062
FIN,Finland,Europe,High,2019,2010,1.02409392963431,1.02409392963431,Low (<2%),1.34973845741737,45898.5708448954
FJI,Fiji,Other,Unknown,2019,2010,1.79388647514555,1.79388647514555,Low (<2%),-0.581946590349759,5701.10434532357
FRA,France,Europe,High,2019,2010,1.10825492288294,1.10825492288294,Low (<2%),2.02744646419237,38705.2072940618
FSM,"Micronesia, Fed. Sts.",Other,Unknown,2019,2010,1.92385170787923,1.92385170787923,Low (<2%),3.64372469635627,3043.07718989012
GAB,Gabon,Other,Unknown,2019,2010,2.46456756151187,2.46456756151187,Moderate (2-5%),3.92080879452831,6817.56879468764
GBR,United Kingdom,Europe,High,2019,2010,1.73810460086513,1.73810460086513,Low (<2%),1.25629899760824,47866.9140354078
GEO,Georgia,Other,Unknown,2019,2010,4.85289821696723,4.85289821696723,Moderate (2-5%),5.38071926589951,4975.81148194814
GHA,Ghana,Africa,Unknown,2019,2010,7.14364003330857,7.14364003330857,High (5-10%),6.5077747939152,1999.55372220211
GIN,Guinea,Other,Unknown,2019,2010,9.47001039253012,9.47001039253012,High (5-10%),5.61691446889876,926.42221954853
GMB,"Gambia, The",Other,Unknown,2019,2010,7.11567625631192,7.11567625631192,High (5-10%),6.22205315994859,682.797642940426
GNB,Guinea-Bissau,Other,Unknown,2019,2010,0.24660026814783,0.24660026814783,Low (<2%),5.32749571119344,706.298562874985
GNQ,Equatorial Guinea,Other,Unknown,2019,2010,1.53027528964189,1.53027528964189,Low (<2%),-5.48182537893445,6018.12066321865
GRC,Greece,Europe,High,2019,2010,0.253007522038157,0.253007522038157,Low (<2%),2.27718065334808,19216.6759579785
GRD,Grenada,Other,Unknown,2019,2010,0.598149764736022,0.598149764736022,Low (<2%),0.676511738873756,9785.56040240592
GTM,Guatemala,Other,Unknown,2019,2010,3.69998398008605,3.69998398008605,Moderate (2-5%),4.01789830861587,4139.12206338632
GUY,Guyana,Other,Unknown,2019,2010,2.11238986774464,2.11238986774464,Moderate (2-5%),5.35284003535665,6278.63054079553
HIC,High income,Other,Unknown,2019,2010,1.61520141548374,1.61520141548374,Low (<2%),1.90035790608474,39326.9264662088
HKG,"Hong Kong SAR, China",Other,Unknown,2019,2010,2.88320853773996,2.88320853773996,Moderate (2-5%),-1.67242865968056,44195.2741142906
HND,Honduras,Other,Unknown,2019,2010,4.36587159819274,4.36587159819274,Moderate (2-5%),2.55963434592314,2447.61649282181
HPC,Heavily indebted poor countries (HIPC),Other,Unknown,2019,2010,2.83514555687506,2.83514555687506,Moderate (2-5%),4.20365615145262,974.069965846461
HRV,Croatia,Other,Unknown,2019,2010,0.771820346498112,0.771820346498112,Low (<2%),3.10247285336254,14641.8735578488
HTI,Haiti,Other,Unknown,2019,2010,18.7037825672506,18.7037825672506,Very High (>10%),-1.72309699839232,1394.42114071112
HUN,Hungary,Other,Unknown,2019,2010,3.33858635382008,3.33858635382008,Moderate (2-5%),5.07718495088933,15290.8085466331
IBD,IBRD only,Other,Unknown,2019,2010,2.51105615927257,2.51105615927257,Moderate (2-5%),3.98803326580348,6412.74148413925
IBT,IDA & IBRD total,Other,Unknown,2019,2010,2.6806827895334,2.6806827895334,Moderate (2-5%),3.98475924215585,5097.1350886918
IDA,IDA total,Other,Unknown,2019,2010,2.74447528387472,2.74447528387472,Moderate (2-5%),3.94468113264645,1451.18305482757
IDB,IDA blend,Other,Unknown,2019,2010,1.9999797664804,1.9999797664804,Low (<2%),3.06868522671206,2049.30236677741
IDN,Indonesia,Asia,Lower Middle,2019,2010,3.03058460941661,3.03058460941661,Moderate (2-5%),5.01928768046282,3850.90321738979
IDX,IDA only,Other,Unknown,2019,2010,3.09261003373251,3.09261003373251,Moderate (2-5%),4.82130049368115,1127.40470768605
IND,India,Asia,Lower Middle,2019,2010,3.72950573539123,3.72950573539123,Moderate (2-5%),3.87143694070524,1936.03067741063
IRL,Ireland,Europe,High,2019,2010,0.937842961189274,0.937842961189274,Low (<2%),4.97288003766816,76485.635854651
IRN,"Iran, Islamic Rep.",Asia,Lower Middle,2019,2010,39.9073455697784,39.9073455697784,Very High (>10%),-2.36143538770575,4952.45669081078
IRQ,Iraq,Middle East,Unknown,2019,2010,-0.198965380023882,-0.198965380023882,Low (<2%),5.5137905789381,4898.14897668582
ISL,Iceland,Other,Unknown,2019,2010,3.01397179156061,3.01397179156061,Moderate (2-5%),1.13821227336888,57118.8452777198
ISR,Israel,Europe,High,2019,2010,0.817645940292794,0.817645940292794,Low (<2%),3.57898762923605,39322.038041422
ITA,Italy,Europe,High,2019,2010,0.611246943765304,0.611246943765304,Low (<2%),0.429162533780342,32180.4341017428
JAM,Jamaica,Other,Unknown,2019,2010,3.90510000865872,3.90510000865872,Moderate (2-5%),1.80943147301357,5814.79275311692
JOR,Jordan,Other,Unknown,2019,2010,0.761514047265601,0.761514047265601,Low (<2%),1.85633006592765,4313.80791426608
JPN,Japan,Asia,High,2019,2010,0.46877615938395,0.46877615938395,Low (<2%),-0.308496921143259,36837.2583653113
KAZ,Kazakhstan,Other,Unknown,2019,2010,5.33356098916669,5.33356098916669,High (5-10%),4.50000000091883,10989.6840718388
KEN,Kenya,Africa,Low,2019,2010,5.23963795764792,5.23963795764792,High (5-10%),5.11415885767801,1645.70961777862
KGZ,Kyrgyz Republic,Other,Unknown,2019,2010,1.13362257718804,1.13362257718804,Low (<2%),4.60062565707598,1201.87701429721
KHM,Cambodia,Other,Unknown,2019,2010,1.94257500833107,1.94257500833107,Low (<2%),7.93695013588524,2008.32094006706
KIR,Kiribati,Other,Unknown,2019,2010,-1.81307995302947,-1.81307995302947,Low (<2%),3.31125827814569,1834.42627824847
KNA,St. Kitts and Nevis,Other,Unknown,2019,2010,-0.329562063663977,-0.329562063663977,Low (<2%),2.93824658056356,22297.7644995701
KOR,"Korea, Rep.",Asia,High,2019,2010,0.383000303608136,0.383000303608136,Low (<2%),2.31380210595475,33496.3113815643
KWT,Kuwait,Middle East,High,2019,2010,1.09184802655856,1.09184802655856,Low (<2%),2.26381706595791,26580.2264741607
LAC,Latin America & Caribbean (excluding high income),Other,Unknown,2019,2010,2.50460959460401,2.50460959460401,Moderate (2-5%),0.182794027991264,7962.19314357083
LAO,Lao PDR,Other,Unknown,2019,2010,3.32255881256925,3.32255881256925,Moderate (2-5%),5.4577350924848,2554.95638019245
LBN,Lebanon,Other,Unknown,2019,2010,3.00538949390383,3.00538949390383,Moderate (2-5%),-6.91492472851026,8064.04873416236
LBR,Liberia,Other,Unknown,2019,2010,26.9662760197878,26.9662760197878,Very High (>10%),-2.46729763532686,636.699384824869
LBY,Libya,Other,Unknown,2019,2010,-2.16217883470591,-2.16217883470591,Low (<2%),-11.1960828853386,8768.4104874586
LCA,St. Lucia,Other,Unknown,2019,2010,0.539087559191757,0.539087559191757,Low (<2%),-1.0293678947917,11077.9479823807
LCN,Latin America & Caribbean,Other,Unknown,2019,2010,2.18225589066245,2.18225589066245,Moderate (2-5%),0.317364964426716,8447.71177421698
LDC,Least developed countries: UN classification,Other,Unknown,2019,2010,3.32255881256925,3.32255881256925,Moderate (2-5%),4.82459913567837,1064.77726218382
LIC,Low income,Other,Unknown,2019,2010,3.10773229242274,3.10773229242274,Moderate (2-5%),3.95860369775775,723.841947800285
LKA,Sri Lanka,Asia,Lower Middle,2019,2010,3.52839358231811,3.52839358231811,Moderate (2-5%),-0.220483886824823,4455.78188788143
LMC,Lower middle income,Other,Unknown,2019,2010,3.58213544469211,3.58213544469211,Moderate (2-5%),3.403376204922,2008.18880063209
LMY,Low & middle income,Other,Unknown,2019,2010,2.76252019386111,2.76252019386111,Moderate (2-5%),4.09130986730312,4833.03178169414
LSO,Lesotho,Other,Unknown,2019,2010,5.18708359197982,5.18708359197982,High (5-10%),-1.41799383085205,1040.99351014117
LTE,Late-demographic dividend,Other,Unknown,2019,2010,2.16993433856378,2.16993433856378,Moderate (2-5%),4.74723356857159,9886.1162980852
LTU,Lithuania,Other,Unknown,2019,2010,2.33450937988027,2.33450937988027,Moderate (2-5%),4.67735183530451,17431.7239081591
LUX,Luxembourg,Other,Unknown,2019,2010,1.74332075653848,1.74332075653848,Low (<2%),2.74932091920692,107591.899505248
LVA,Latvia,Other,Unknown,2019,2010,2.81140920075624,2.81140920075624,Moderate (2-5%),0.675372771884227,15328.3859933295
MAC,"Macao SAR, China",Other,Unknown,2019,2010,2.75193081051975,2.75193081051975,Moderate (2-5%),-2.4609094006739,75724.6078280261
MAR,Morocco,Africa,Lower Middle,2019,2010,0.303386036590383,0.303386036590383,Low (<2%),2.89097476137077,3364.73950195313
MDA,Moldova,Other,Unknown,2019,2010,4.83778351428729,4.83778351428729,Moderate (2-5%),3.5523140853476,3438.67732670712
MDG,Madagascar,Other,Unknown,2019,2010,5.61051441492365,5.61051441492365,High (5-10%),4.41123212909589,467.27741349648
MDV,Maldives,Other,Unknown,2019,2010,0.220029731065383,0.220029731065383,Low (<2%),6.92305989050099,11194.9253748064
MEA,"Middle East, North Africa, Afghanistan & Pakistan",Other,Unknown,2019,2010,1.33601568147656,1.33601568147656,Low (<2%),1.58096878672049,5321.15148636731
MEX,Mexico,North America,Upper Middle,2019,2010,3.63596142127046,3.63596142127046,Moderate (2-5%),-0.392690513290532,10159.4448367696
MIC,Middle income,Other,Unknown,2019,2010,2.72643037388832,2.72643037388832,Moderate (2-5%),4.09328498445664,5300.45479347584
MKD,North Macedonia,Other,Unknown,2019,2010,0.766439573459805,0.766439573459805,Low (<2%),3.91041953840173,5961.58475399191
MLI,Mali,Other,Unknown,2019,2010,-1.65826694846365,-1.65826694846365,Low (<2%),4.99999911699705,909.751069706998
MLT,Malta,Other,Unknown,2019,2010,1.6420600176894,1.6420600176894,Low (<2%),4.0850557312243,29522.6480165028
MMR,Myanmar,Other,Unknown,2019,2010,8.82506696804558,8.82506696804558,High (5-10%),6.57911006765414,1440.98988236734
MNA,"Middle East, North Africa, Afghanistan & Pakistan (excluding high income)",Other,Unknown,2019,2010,2.65388100453608,2.65388100453608,Moderate (2-5%),1.39546116127963,2963.20718256898
MNE,Montenegro,Other,Unknown,2019,2010,0.361563704540767,0.361563704540767,Low (<2%),4.39391565821528,7470.29237568568
MNG,Mongolia,Other,Unknown,2019,2010,7.30106953550729,7.30106953550729,High (5-10%),5.60224422064255,4337.8167085432
MOZ,Mozambique,Other,Low,2019,2010,2.80270307928111,2.80270307928111,Moderate (2-5%),2.31781394821475,617.13932000195
MRT,Mauritania,Other,Unknown,2019,2010,2.30009262117937,2.30009262117937,Moderate (2-5%),3.14100489264639,1609.15396170643
MUS,Mauritius,Other,Unknown,2019,2010,0.405655190309553,0.405655190309553,Low (<2%),2.86394938684734,11111.3423669526
MWI,Malawi,Other,Low,2019,2010,9.3708360560567,9.3708360560567,High (5-10%),5.71682519194337,569.866249371948
MYS,Malaysia,Asia,Upper Middle,2019,2010,0.662891865764326,0.662891865764326,Low (<2%),4.41318742129586,10902.9834855856
NAC,North America,Other,Unknown,2019,2010,1.88073954968807,1.88073954968807,Low (<2%),2.53036581365198,59425.2842320485
NAM,Namibia,Other,Unknown,2019,2010,3.72239414422695,3.72239414422695,Moderate (2-5%),-0.839152163419357,4243.09274481966
NER,Niger,Other,Unknown,2019,2010,-2.48979265070855,-2.48979265070855,Low (<2%),6.07881528959186,526.60361746086
NGA,Nigeria,Africa,Low,2019,2010,11.3964223378115,11.3964223378115,Very High (>10%),2.20842927835211,2431.53528475874
NIC,Nicaragua,Other,Unknown,2019,2010,5.37628990844126,5.37628990844126,High (5-10%),-2.89686986728901,2019.91518620044
NLD,Netherlands,Europe,High,2019,2010,2.63369910249591,2.63369910249591,Moderate (2-5%),2.3001616053659,49254.024789064
NOR,Norway,Europe,High,2019,2010,2.16773003305411,2.16773003305411,Moderate (2-5%),1.46970781954143,79937.5097885912
NPL,Nepal,Asia,Lower Middle,2019,2010,5.56616035243723,5.56616035243723,High (5-10%),6.65705543110468,1077.11796498188
NZL,New Zealand,Oceania,High,2019,2010,1.61963190184048,1.61963190184048,Low (<2%),2.32371708441623,40615.7266946543
OED,OECD members,Other,Unknown,2019,2010,1.74071267870181,1.74071267870181,Low (<2%),1.85301586905177,38231.9217156517
OMN,Oman,Middle East,High,2019,2010,0.490815362820671,0.490815362820671,Low (<2%),-1.12863801728058,18089.586668488
OSS,Other small states,Other,Unknown,2019,2010,1.6420600176894,1.6420600176894,Low (<2%),4.24191171511896,11766.3686894514
PAK,Pakistan,Asia,Lower Middle,2019,2010,10.5780305672025,10.5780305672025,Very High (>10%),2.49763692943365,1573.8330826937
PAN,Panama,Other,Unknown,2019,2010,-0.355083821021246,-0.355083821021246,Low (<2%),3.10295395631086,15602.5315209709
PER,Peru,South America,Upper Middle,2019,2010,2.25212191358027,2.25212191358027,Moderate (2-5%),2.24063176875049,6626.26083494969
PHL,Philippines,Asia,Lower Middle,2019,2010,2.39206534422404,2.39206534422404,Moderate (2-5%),6.11852566221303,3575.88170922922
PLW,Palau,Other,Unknown,2019,2010,0.26737967914444,0.26737967914444,Low (<2%),0.300684343692609,15606.4827634374
PNG,Papua New Guinea,Other,Unknown,2019,2010,3.92867290939597,3.92867290939597,Moderate (2-5%),4.48051456942582,2572.56177967896
POL,Poland,Europe,Unknown,2019,2010,2.22747880938291,2.22747880938291,Moderate (2-5%),4.58045817256199,15221.3090624454
PRE,Pre-demographic dividend,Other,Unknown,2019,2010,2.56908784664759,2.56908784664759,Moderate (2-5%),3.16086400453494,1507.8698553362
PRT,Portugal,Europe,High,2019,2010,0.338178410046124,0.338178410046124,Low (<2%),2.74568432648596,21569.1874752919
PRY,Paraguay,South America,Upper Middle,2019,2010,2.75709727562775,2.75709727562775,Moderate (2-5%),-0.40185510068001,6243.53620897773
PSE,West Bank and Gaza,Other,Unknown,2019,2010,1.58018333639455,1.58018333639455,Low (<2%),1.36268746558062,3378.4346209191
PSS,Pacific island small states,Other,Unknown,2019,2010,1.40719939417024,1.40719939417024,Low (<2%),1.1632387186459,4011.32445225678
PST,Post-demographic dividend,Other,Unknown,2019,2010,1.61963190184048,1.61963190184048,Low (<2%),1.82164159324701,43829.7166795611
QAT,Qatar,Middle East,High,2019,2010,-0.666641124861147,-0.666641124861147,Low (<2%),0.688240954592672,63430.4607609581
ROU,Romania,Other,Unknown,2019,2010,3.82785432599438,3.82785432599438,Moderate (2-5%),3.96028958497598,11197.3162915853
RUS,Russian Federation,Europe,Upper Middle,2019,2010,4.47202631837903,4.47202631837903,Moderate (2-5%),2.19807571381982,9882.0244140625
RWA,Rwanda,Other,Low,2019,2010,3.34787655037648,3.34787655037648,Moderate (2-5%),9.28613387454543,863.872077583172
SAS,South Asia,Other,Unknown,2019,2010,3.62894965885467,3.62894965885467,Moderate (2-5%),4.09454306534288,1920.39706306333
SAU,Saudi Arabia,Asia,High,2019,2010,-1.19298644533328,-1.19298644533328,Low (<2%),1.65158925617395,24905.6697428558
SDN,Sudan,Other,Unknown,2019,2010,50.9940515002965,50.9940515002965,Very High (>10%),-2.17825104530091,1126.55297851563
SEN,Senegal,Other,Unknown,2019,2010,1.76011151192939,1.76011151192939,Low (<2%),4.6136280976221,1379.60875249843
SGP,Singapore,Asia,High,2019,2010,0.567829988405447,0.567829988405447,Low (<2%),1.15877947300108,61106.3119775351
SLB,Solomon Islands,Other,Unknown,2019,2010,1.63485544012247,1.63485544012247,Low (<2%),1.74925244485951,2043.09139778307
SLE,Sierra Leone,Other,Unknown,2019,2010,14.8049990906021,14.8049990906021,Very High (>10%),5.50270937378153,1046.96778078594
SLV,El Salvador,Other,Unknown,2019,2010,0.0753241350024612,0.0753241350024612,Low (<2%),2.43747159065784,4143.11437097867
SMR,San Marino,Other,Unknown,2019,2010,0.472651967352852,0.472651967352852,Low (<2%),2.06569082920953,43525.4039798176
SRB,Serbia,Other,Unknown,2019,2010,1.84922984511086,1.84922984511086,Low (<2%),4.75020793899014,6870.75810896296
SSA,Sub-Saharan Africa (excluding high income),Other,Unknown,2019,2010,3.10773229242274,3.10773229242274,Moderate (2-5%),2.54617045203717,1621.67647915089
SSD,South Sudan,Other,Unknown,2019,2010,87.2413641500032,87.2413641500032,Very High (>10%),,
SSF,Sub-Saharan Africa,Other,Unknown,2019,2010,2.867588034469,2.867588034469,Moderate (2-5%),2.54913933046186,1623.20798700291
SST,Small states,Other,Unknown,2019,2010,1.30544966502392,1.30544966502392,Low (<2%),3.11127439080343,11210.5608938361
STP,Sao Tome and Principe,Other,Unknown,2019,2010,7.72024525213248,7.72024525213248,High (5-10%),2.01431672129407,1420.66008316091
SVK,Slovak Republic,Other,Unknown,2019,2010,2.6645613342544,2.6645613342544,Moderate (2-5%),2.27589910019393,18250.9802475637
SVN,Slovenia,Other,Unknown,2019,2010,1.63052260754335,1.63052260754335,Low (<2%),3.50525332381912,23943.1800949889
SWE,Sweden,Europe,High,2019,2010,1.78415097403835,1.78415097403835,Low (<2%),2.60823012869524,53024.4099494317
SWZ,Eswatini,Other,Unknown,2019,2010,2.59801620311077,2.59801620311077,Moderate (2-5%),6.43186888691574,3759.67106964666
SYC,Seychelles,Other,Unknown,2019,2010,1.80709400809982,1.80709400809982,Low (<2%),5.5142920737342,19481.6461053742
SYR,Syrian Arab Republic,Other,Unknown,2019,2010,13.4175653228571,13.4175653228571,Very High (>10%),1.22072818348491,771.517948289192
TCD,Chad,Other,Unknown,2019,2010,-0.971939175419401,-0.971939175419401,Low (<2%),5.38282202874814,917.203710060136
TEA,East Asia & Pacific (IDA & IBRD countries),Other,Unknown,2019,2010,1.93321335810515,1.93321335810515,Low (<2%),5.88481120447702,8312.8476797593
TEC,Europe & Central Asia (IDA & IBRD countries),Other,Unknown,2019,2010,2.67599202639893,2.67599202639893,Moderate (2-5%),2.83114768378128,8959.32260249973
TGO,Togo,Other,Unknown,2019,2010,0.674652770077525,0.674652770077525,Low (<2%),4.91949260488683,900.166602437871
THA,Thailand,Asia,Upper Middle,2019,2010,0.705524801910317,0.705524801910317,Low (<2%),2.11455779628278,6434.53770518034
TLA,Latin America & the Caribbean (IDA & IBRD countries),Other,Unknown,2019,2010,2.09604635327807,2.09604635327807,Moderate (2-5%),0.295159946142377,8304.43005301967
TLS,Timor-Leste,Other,Unknown,2019,2010,0.958812739703141,0.958812739703141,Low (<2%),24.2128840085001,1507.24748294374
TMN,"Middle East, North Africa, Afghanistan & Pakistan (IDA & IBRD)",Other,Unknown,2019,2010,3.00538949390383,3.00538949390383,Moderate (2-5%),1.39572055452479,2960.32844444325
TON,Tonga,Other,Unknown,2019,2010,1.17954334821801,1.17954334821801,Low (<2%),-0.285210784299821,4566.07508700721
TSA,South Asia (IDA & IBRD),Other,Unknown,2019,2010,3.62894965885467,3.62894965885467,Moderate (2-5%),4.09454306534288,1920.39706306333
TSS,Sub-Saharan Africa (IDA & IBRD countries),Other,Unknown,2019,2010,2.867588034469,2.867588034469,Moderate (2-5%),2.5491393304619,1623.20798700291
TTO,Trinidad and Tobago,Other,Unknown,2019,2010,1.00054293027237,1.00054293027237,Low (<2%),0.467734528855885,17225.361633712
TUN,Tunisia,Africa,Upper Middle,2019,2010,6.72007532863799,6.72007532863799,High (5-10%),1.55009304966742,4153.27978615515
TUR,Turkiye,Europe,Upper Middle,2019,2010,15.1768215720022,15.1768215720022,Very High (>10%),1.30162365464503,12238.2950220128
TZA,Tanzania,Other,Low,2019,2010,3.46428057999021,3.46428057999021,Moderate (2-5%),5.79999999996723,1051.7666015625
UGA,Uganda,Other,Low,2019,2010,2.867588034469,2.867588034469,Moderate (2-5%),6.43874503276439,920.939101515671
UKR,Ukraine,Other,Unknown,2019,2010,7.88671745611133,7.88671745611133,High (5-10%),3.19950386354134,2398.07836914063
UMC,Upper middle income,Other,Unknown,2019,2010,1.93780995920407,1.93780995920407,Low (<2%),4.24595361596556,8280.04701239745
URY,Uruguay,South America,High,2019,2010,7.88198870879619,7.88198870879619,High (5-10%),0.928351027546341,17758.4384273402
USA,United States,North America,High,2019,2010,1.81221007526021,1.81221007526021,Low (<2%),2.58382533052225,61047.9648238812
UZB,Uzbekistan,Other,Unknown,2019,2010,14.5257359560687,14.5257359560687,Very High (>10%),6.79331098484522,3733.50435754861
VCT,St. Vincent and the Grenadines,Other,Unknown,2019,2010,0.91306972532459,0.91306972532459,Low (<2%),0.668428481084234,8294.67434486665
VNM,Viet Nam,Asia,Lower Middle,2019,2010,2.79582367452244,2.79582367452244,Moderate (2-5%),7.35926270105006,3241.07648966529
VUT,Vanuatu,Other,Unknown,2019,2010,2.76252019386111,2.76252019386111,Moderate (2-5%),3.27677257380314,3349.5593410421
WLD,World,Other,Unknown,2019,2010,2.20607305781525,2.20607305781525,Moderate (2-5%),2.680308747553,10996.909518407
WSM,Samoa,Other,Unknown,2019,2010,0.982326569888117,0.982326569888117,Low (<2%),4.45185891688691,4466.08075482035
XKX,Kosovo,Other,Unknown,2019,2010,2.67599202639893,2.67599202639893,Moderate (2-5%),4.75680057007834,4219.06495675744
ZAF,South Africa,Africa,Upper Middle,2019,2010,4.10285075461156,4.10285075461156,Moderate (2-5%),0.25993557687633,6032.82972598668
ZMB,Zambia,Other,Unknown,2019,2010,9.15031644316296,9.15031644316296,High (5-10%),1.44130602603785,1301.18132976178
ZWE,Zimbabwe,Other,Unknown,2019,2010,255.304990757856,180.13687701067877,Very High (>10%),-6.33244976028571,1357.53087818754
AFE,Africa Eastern and Southern,Other,Unknown,2020,2020,5.19162942092851,5.19162942092851,High (5-10%),-2.93076411386527,1398.57793000832
AFG,Afghanistan,Other,Unknown,2020,2020,5.60188791482224,5.60188791482224,High (5-10%),-2.35110067203466,527.834554499306
AFW,Africa Western and Central,Other,Unknown,2020,2020,2.49037783931949,2.49037783931949,Moderate (2-5%),-3.71879330346492,1722.44898220443
AGO,Angola,Africa,Lower Middle,2020,2020,22.271539247051,22.271539247051,Very High (>10%),-5.27349128300007,2847.24241578243
ALB,Albania,Other,Unknown,2020,2020,1.62088661717021,1.62088661717021,Low (<2%),-3.31375636888916,4980.61699524696
ARB,Arab World,Other,Unknown,2020,2020,1.44703656998741,1.44703656998741,Low (<2%),-5.28641417078185,5914.3140803644
ARE,United Arab Emirates,Middle East,High,2020,2020,-2.07940317940944,-2.07940317940944,Low (<2%),-8.69343363776639,39878.4663896389
ARG,Argentina,South America,Upper Middle,2020,2020,42.0150947376509,42.0150947376509,Very High (>10%),-9.9004848136464,11393.0505957877
ARM,Armenia,Other,Unknown,2020,2020,1.21143577838465,1.21143577838465,Low (<2%),-7.19999999920631,4032.09043454955
ATG,Antigua and Barbuda,Other,Unknown,2020,2020,0.625989707046719,0.625989707046719,Low (<2%),-18.8687765208148,14950.8942397208
AUS,Australia,Oceania,High,2020,2020,0.846900734607273,0.846900734607273,Low (<2%),-0.133531904304775,58377.7670517802
AUT,Austria,Europe,High,2020,2020,1.38191063351854,1.38191063351854,Low (<2%),-6.31825509209936,43428.6983137234
AZE,Azerbaijan,Other,Unknown,2020,2020,2.75980947008127,2.75980947008127,Moderate (2-5%),-4.19896065333343,5087.50022783627
BDI,Burundi,Other,Unknown,2020,2020,7.32110643415521,7.32110643415521,High (5-10%),0.306443811651718,263.463876362597
BEL,Belgium,Europe,High,2020,2020,0.740791812220344,0.740791812220344,Low (<2%),-4.7929839083518,40769.0218072962
BEN,Benin,Other,Unknown,2020,2020,3.02272119663759,3.02272119663759,Moderate (2-5%),3.84879240030133,1126.65404122154
BFA,Burkina Faso,Other,Unknown,2020,2020,1.88470066518847,1.88470066518847,Low (<2%),2.01077262406221,713.8421779224
BGD,Bangladesh,Asia,Lower Middle,2020,2020,5.69107474746211,5.69107474746211,High (5-10%),3.44801755122445,1604.6659234742
BGR,Bulgaria,Other,Unknown,2020,2020,1.67244096855756,1.67244096855756,Low (<2%),-3.13323543125917,8440.51416964556
BHR,Bahrain,Middle East,High,2020,2020,-2.31770629331379,-2.31770629331379,Low (<2%),-5.9113629524152,23586.9309581516
BHS,"Bahamas, The",Other,Unknown,2020,2020,0.0385210980054558,0.0385210980054558,Low (<2%),-20.0893664891399,24791.6704945106
BIH,Bosnia and Herzegovina,Other,Unknown,2020,2020,-1.0512960076349,-1.0512960076349,Low (<2%),-3.01509335460439,5490.75366635139
BLR,Belarus,Other,Unknown,2020,2020,5.54814357456519,5.54814357456519,High (5-10%),-0.672742918585868,6251.98898968645
BLZ,Belize,Other,Unknown,2020,2020,0.121434644614894,0.121434644614894,Low (<2%),-13.5228997055506,5006.48453276935
BOL,Bolivia,South America,Upper Middle,2020,2020,0.940742153381849,0.940742153381849,Low (<2%),-12.7194690092717,2765.09271788602
BRA,Brazil,South America,Upper Middle,2020,2020,3.21176803803376,3.21176803803376,Moderate (2-5%),-3.2767587964736,8435.01143254978
BRN,Brunei Darussalam,Other,Unknown,2020,2020,1.94031996607184,1.94031996607184,Low (<2%),1.1335733495246,30015.9588506697
BTN,Bhutan,Other,Unknown,2020,2020,5.62936522632508,5.62936522632508,High (5-10%),-10.2183974208569,3092.12428399363
BWA,Botswana,Other,Unknown,2020,2020,1.8903591682421,1.8903591682421,Low (<2%),-8.72888243996397,6254.24806241091
CAF,Central African Republic,Other,Unknown,2020,2020,1.71015659523153,1.71015659523153,Low (<2%),0.899999996857062,398.834274122139
CAN,Canada,North America,High,2020,2020,0.716999632307827,0.716999632307827,Low (<2%),-5.03823342794087,42366.1710935265
CEB,Central Europe and the Baltics,Other,Unknown,2020,2020,1.67244096855756,1.67244096855756,Low (<2%),-3.30110758026468,14621.1740246993
CHE,Switzerland,Europe,High,2020,2020,-0.725874933313403,-0.725874933313403,Low (<2%),-2.2552579425106,86293.9183441155
CHL,Chile,South America,High,2020,2020,3.04549084804326,3.04549084804326,Moderate (2-5%),-6.1396969411886,12680.7761524378
CHN,China,Asia,Upper Middle,2020,2020,2.41942189457782,2.41942189457782,Moderate (2-5%),2.33950385203023,10573.3794064211
CIV,Cote d'Ivoire,Africa,Lower Middle,2020,2020,2.41252617189053,2.41252617189053,Moderate (2-5%),0.699728593494228,2055.08483996432
CMR,Cameroon,Africa,Lower Middle,2020,2020,2.43760882182236,2.43760882182236,Moderate (2-5%),0.259932915907115,1434.51913723409
COG,"Congo, Rep.",Other,Unknown,2020,2020,1.79537147083108,1.79537147083108,Low (<2%),-6.26777227963225,1725.51040049963
COL,Colombia,South America,Upper Middle,2020,2020,2.52663500084706,2.52663500084706,Moderate (2-5%),-7.18591413760859,5891.95523215403
COM,Comoros,Other,Unknown,2020,2020,0.786641929499151,0.786641929499151,Low (<2%),-0.195556841918759,1359.7070891825
CPV,Cabo Verde,Other,Unknown,2020,2020,0.605795808395385,0.605795808395385,Low (<2%),-20.8052758990735,3255.93628984058
CRI,Costa Rica,Other,Unknown,2020,2020,0.724911478131376,0.724911478131376,Low (<2%),-4.14159340574358,12322.2359458534
CSS,Caribbean small states,Other,Unknown,2020,2020,0.121434644614894,0.121434644614894,Low (<2%),-9.27326845637317,12507.6012734005
CYP,Cyprus,Other,Unknown,2020,2020,-0.638422797978861,-0.638422797978861,Low (<2%),-3.22063018637567,26895.671875
CZE,Czechia,Other,Unknown,2020,2020,3.1612952849781,3.1612952849781,Moderate (2-5%),-5.30487955463876,19233.1469549829
DEU,Germany,Europe,High,2020,2020,0.144877925813982,0.144877925813982,Low (<2%),-4.13191443239947,42372.8726784255
DJI,Djibouti,Other,Unknown,2020,2020,1.77900535643955,1.77900535643955,Low (<2%),1.2021151728969,2773.40661780097
DMA,Dominica,Other,Unknown,2020,2020,1.22026442242476,1.22026442242476,Low (<2%),-15.7064024545862,7302.94454951254
DNK,Denmark,Europe,High,2020,2020,0.420711974110025,0.420711974110025,Low (<2%),-1.78010601831291,55934.5555945523
DOM,Dominican Republic,Other,Unknown,2020,2020,3.78103179915517,3.78103179915517,Moderate (2-5%),-7.92905234231061,7395.8734262396
DZA,Algeria,Africa,Upper Middle,2020,2020,2.41513094083414,2.41513094083414,Moderate (2-5%),-4.99999999908597,4363.68533767783
EAP,East Asia & Pacific (excluding high income),Other,Unknown,2020,2020,2.40629214387011,2.40629214387011,Moderate (2-5%),1.34340856610488,8293.47330929094
EAR,Early-demographic dividend,Other,Unknown,2020,2020,2.96354992076065,2.96354992076065,Moderate (2-5%),-4.28342682037605,3296.2051222201
EAS,East Asia & Pacific,Other,Unknown,2020,2020,0.846900734607273,0.846900734607273,Low (<2%),-0.0906651751610497,11313.8325015148
ECA,Europe & Central Asia (excluding high income),Other,Unknown,2020,2020,2.74615078213777,2.74615078213777,Moderate (2-5%),0.29079640989535,7080.0362508299
ECS,Europe & Central Asia,Other,Unknown,2020,2020,1.19998396936019,1.19998396936019,Low (<2%),-5.37584934879737,23085.0498018734
ECU,Ecuador,South America,Upper Middle,2020,2020,-0.338872392562139,-0.338872392562139,Low (<2%),-9.24509619165865,5355.68934196443
EGY,"Egypt, Arab Rep.",Africa,Lower Middle,2020,2020,5.04493288977539,5.04493288977539,High (5-10%),3.55016483883115,3770.86947868544
EMU,Euro area,Other,Unknown,2020,2020,0.219064904841985,0.219064904841985,Low (<2%),-6.04374915754508,34123.5966842683
ESP,Spain,Europe,High,2020,2020,-0.322753017299649,-0.322753017299649,Low (<2%),-10.9400706350371,25077.019882928
EST,Estonia,Other,Unknown,2020,2020,-0.44453109767983,-0.44453109767983,Low (<2%),-2.88380751483778,19946.945696898
ETH,Ethiopia,Africa,Low,2020,2020,20.3563468559061,20.3563468559061,Very High (>10%),6.05953089248577,768.705424484873
EUU,European Union,Other,Unknown,2020,2020,0.476498852725065,0.476498852725065,Low (<2%),-5.57888122067428,31435.0432357987
FIN,Finland,Europe,High,2020,2020,0.290554555653239,0.290554555653239,Low (<2%),-2.49103605535707,44690.9801103074
FJI,Fiji,Other,Unknown,2020,2020,-1.70014167847318,-1.70014167847318,Low (<2%),-17.1835352599354,4721.12281287253
FRA,France,Europe,High,2020,2020,0.476498852725065,0.476498852725065,Low (<2%),-7.44064589948231,35709.2045925926
FSM,"Micronesia, Fed. Sts.",Other,Unknown,2020,2020,0.554594630853174,0.554594630853174,Low (<2%),-2.05703124999999,2963.44360529022
GAB,Gabon,Other,Unknown,2020,2020,1.35276110675333,1.35276110675333,Low (<2%),-1.8377610635094,6534.27966529444
GBR,United Kingdom,Europe,High,2020,2020,0.989486703772491,0.989486703772491,Low (<2%),-10.047896637362,42985.0392148248
GEO,Georgia,Other,Unknown,2020,2020,5.2024648897534,5.2024648897534,High (5-10%),-6.2904717853839,4659.60925318234
GHA,Ghana,Africa,Unknown,2020,2020,9.88728956269944,9.88728956269944,High (5-10%),0.513941670628171,1970.19411460398
GIN,Guinea,Other,Unknown,2020,2020,10.6016203387167,10.6016203387167,Very High (>10%),4.70459096113575,945.570903389665
GMB,"Gambia, The",Other,Unknown,2020,2020,5.93127636562441,5.93127636562441,High (5-10%),0.591487287873974,670.758642891251
GNB,Guinea-Bissau,Other,Unknown,2020,2020,1.14000939393222,1.14000939393222,Low (<2%),2.89149979806913,710.275830755611
GNQ,Equatorial Guinea,Other,Unknown,2020,2020,4.76669523944228,4.76669523944228,Moderate (2-5%),-4.79108083383294,5575.26241511492
GRC,Greece,Europe,High,2020,2020,-1.24798355581405,-1.24798355581405,Low (<2%),-9.19623149726978,17486.951333323
GRD,Grenada,Other,Unknown,2020,2020,-0.740732597045498,-0.740732597045498,Low (<2%),-13.7566222572107,8413.28335500372
GTM,Guatemala,Other,Unknown,2020,2020,3.21444062197345,3.21444062197345,Moderate (2-5%),-1.78555117570465,4005.83916360689
GUY,Guyana,Other,Unknown,2020,2020,0.722434045501787,0.722434045501787,Low (<2%),43.479651716849,9010.61000469878
HIC,High income,Other,Unknown,2020,2020,0.598986330824643,0.598986330824643,Low (<2%),-3.86618363020789,37706.0367844528
HKG,"Hong Kong SAR, China",Other,Unknown,2020,2020,0.2509620210808,0.2509620210808,Low (<2%),-6.54479640529367,41451.2989586282
HND,Honduras,Other,Unknown,2020,2020,3.46841177951171,3.46841177951171,Moderate (2-5%),-8.96508223267296,2189.43168668222
HPC,Heavily indebted poor countries (HIPC),Other,Unknown,2020,2020,3.47617372722187,3.47617372722187,Moderate (2-5%),0.003077720499121,947.580161647698
HRV,Croatia,Other,Unknown,2020,2020,0.154811374562106,0.154811374562106,Low (<2%),-8.31046995309319,13545.7402289427
HTI,Haiti,Other,Unknown,2020,2020,22.7963113642528,22.7963113642528,Very High (>10%),-3.30550546965893,1331.69778506932
HUN,Hungary,Other,Unknown,2020,2020,3.32674385766738,3.32674385766738,Moderate (2-5%),-4.33872540024058,14664.2971195385
IBD,IBRD only,Other,Unknown,2020,2020,2.41513094083414,2.41513094083414,Moderate (2-5%),-1.28694758331594,6287.10346120634
IBT,IDA & IBRD total,Other,Unknown,2020,2020,2.8981937602627,2.8981937602627,Moderate (2-5%),-1.32331489746059,4975.19205124347
IDA,IDA total,Other,Unknown,2020,2020,3.47617372722187,3.47617372722187,Moderate (2-5%),-1.76868159241481,1394.41549981948
IDB,IDA blend,Other,Unknown,2020,2020,2.1039488213608,2.1039488213608,Moderate (2-5%),-3.22553173097771,1943.87243809295
IDN,Indonesia,Asia,Lower Middle,2020,2020,1.91983527270793,1.91983527270793,Low (<2%),-2.06551182934165,3739.44906563161
IDX,IDA only,Other,Unknown,2020,2020,3.94180326908065,3.94180326908065,Moderate (2-5%),-0.335170512912143,1097.9073513853
IND,India,Asia,Lower Middle,2020,2020,6.6234367762853,6.6234367762853,High (5-10%),-5.77772470687303,1806.50110583865
IRL,Ireland,Europe,High,2020,2020,-0.326183651280033,-0.326183651280033,Low (<2%),7.15369505735335,80927.936475395
IRN,"Iran, Islamic Rep.",Asia,Lower Middle,2020,2020,30.5941390387295,30.5941390387295,Very High (>10%),4.44180865358672,5132.82430762118
IRQ,Iraq,Middle East,Unknown,2020,2020,0.574162679425856,0.574162679425856,Low (<2%),-12.0367930960454,4213.99843766061
ISL,Iceland,Other,Unknown,2020,2020,2.84792401518657,2.84792401518657,Moderate (2-5%),-6.64587810456635,52464.3073240589
ISR,Israel,Europe,High,2020,2020,-0.575254620897756,-0.575254620897756,Low (<2%),-1.80206927953466,37938.3809354755
ITA,Italy,Europe,High,2020,2020,-0.13770757391651,-0.13770757391651,Low (<2%),-8.86822122185345,29469.7989238626
JAM,Jamaica,Other,Unknown,2020,2020,5.2267777929352,5.2267777929352,High (5-10%),-8.30441923583135,5317.84145033966
JOR,Jordan,Other,Unknown,2020,2020,0.333294350628378,0.333294350628378,Low (<2%),-1.15257534158022,4188.21240095719
JPN,Japan,Asia,High,2020,2020,-0.024995834027731,-0.024995834027731,Low (<2%),-4.28327942675573,35363.2996951789
KAZ,Kazakhstan,Other,Unknown,2020,2020,6.71815454861458,6.71815454861458,High (5-10%),-2.49999999628,10565.0359816235
KEN,Kenya,Africa,Low,2020,2020,5.40516207933392,5.40516207933392,High (5-10%),-0.272766327438816,1609.33414078281
KGZ,Kyrgyz Republic,Other,Unknown,2020,2020,6.32542296338078,6.32542296338078,High (5-10%),-7.14897757727955,1093.32856461422
KHM,Cambodia,Other,Unknown,2020,2020,2.9402951426397,2.9402951426397,Moderate (2-5%),-3.55572193406549,1908.63427518336
KIR,Kiribati,Other,Unknown,2020,2020,2.5532455441463,2.5532455441463,Moderate (2-5%),-1.28205128205127,1779.62973024917
KNA,St. Kitts and Nevis,Other,Unknown,2020,2020,-1.16724501769353,-1.16724501769353,Low (<2%),-15.3018891740649,18918.8263456611
KOR,"Korea, Rep.",Asia,High,2020,2020,0.537288023411737,0.537288023411737,Low (<2%),-0.700242317542106,33215.9298928108
KWT,Kuwait,Middle East,High,2020,2020,2.101729548274,2.101729548274,Moderate (2-5%),-4.81731593381585,25541.5378987908
LAC,Latin America & Caribbean (excluding high income),Other,Unknown,2020,2020,2.52663500084706,2.52663500084706,Moderate (2-5%),-6.79640022295334,7368.61318654015
LAO,Lao PDR,Other,Unknown,2020,2020,5.10407262959919,5.10407262959919,High (5-10%),0.503031829018681,2529.74622698761
LBN,Lebanon,Other,Unknown,2020,2020,84.8643330472041,84.8643330472041,Very High (>10%),-21.3998996914321,6440.82843092922
LBR,Liberia,Other,Unknown,2020,2020,16.9557241496255,16.9557241496255,Very High (>10%),-2.98249127649473,605.025475431411
LBY,Libya,Other,Unknown,2020,2020,1.44703656998741,1.44703656998741,Low (<2%),-29.4552967282824,6102.79864032512
LCA,St. Lucia,Other,Unknown,2020,2020,-1.75580833517594,-1.75580833517594,Low (<2%),-22.9005138634176,8512.8183987353
LCN,Latin America & Caribbean,Other,Unknown,2020,2020,1.49389017299587,1.49389017299587,Low (<2%),-6.85943781930433,7812.95729980292
LDC,Least developed countries: UN classification,Other,Unknown,2020,2020,4.33296874711709,4.33296874711709,Moderate (2-5%),-0.181011978205504,1037.73611237248
LIC,Low income,Other,Unknown,2020,2020,5.60188791482224,5.60188791482224,High (5-10%),0.270078071528431,705.636008447738
LKA,Sri Lanka,Asia,Lower Middle,2020,2020,6.15394508391738,6.15394508391738,High (5-10%),-4.62451503712715,4227.23314530167
LMC,Lower middle income,Other,Unknown,2020,2020,4.97809676252309,4.97809676252309,Moderate (2-5%),-4.21903396199713,1897.7170729304
LMY,Low & middle income,Other,Unknown,2020,2020,3.02272119663759,3.02272119663759,Moderate (2-5%),-1.15067064256841,4723.43743275583
LSO,Lesotho,Other,Unknown,2020,2020,4.97809676252309,4.97809676252309,Moderate (2-5%),-8.15595785459911,944.834128375429
LTE,Late-demographic dividend,Other,Unknown,2020,2020,1.93694126694223,1.93694126694223,Low (<2%),0.235409361022192,9878.26644474708
LTU,Lithuania,Other,Unknown,2020,2020,1.19989444983569,1.19989444983569,Low (<2%),0.0428158336981426,17443.65526328
LUX,Luxembourg,Other,Unknown,2020,2020,0.819957302127036,0.819957302127036,Low (<2%),-0.510051634039826,105274.182260744
LVA,Latvia,Other,Unknown,2020,2020,0.219064904841985,0.219064904841985,Low (<2%),-3.46922750780554,14900.7295718866
MAC,"Macao SAR, China",Other,Unknown,2020,2020,0.811410511491512,0.811410511491512,Low (<2%),-54.4020925789353,33853.7761550109
MAR,Morocco,Africa,Lower Middle,2020,2020,0.705968661338261,0.705968661338261,Low (<2%),-7.17820744246774,3090.89428710938
MDA,Moldova,Other,Unknown,2020,2020,3.76597122245358,3.76597122245358,Moderate (2-5%),-8.27597831976949,3188.91691602699
MDG,Madagascar,Other,Unknown,2020,2020,4.20179312190557,4.20179312190557,Moderate (2-5%),-7.13767162064489,422.924255422319
MDV,Maldives,Other,Unknown,2020,2020,-1.36977425569811,-1.36977425569811,Low (<2%),-32.9088287752921,7295.60220956454
MEA,"Middle East, North Africa, Afghanistan & Pakistan",Other,Unknown,2020,2020,1.44703656998741,1.44703656998741,Low (<2%),-3.55690005451382,5038.99715364181
MEX,Mexico,North America,Upper Middle,2020,2020,3.39683415570006,3.39683415570006,Moderate (2-5%),-8.35403459379062,9234.64362226594
MIC,Middle income,Other,Unknown,2020,2020,2.65664643301128,2.65664643301128,Moderate (2-5%),-1.17178883495949,5189.15700851441
MKD,North Macedonia,Other,Unknown,2020,2020,1.20007348888469,1.20007348888469,Low (<2%),-4.68845000956652,5743.72649424581
MLI,Mali,Other,Unknown,2020,2020,0.438088940320669,0.438088940320669,Low (<2%),-1.16910834857605,872.389426815267
MLT,Malta,Other,Unknown,2020,2020,0.638544956776712,0.638544956776712,Low (<2%),-3.45728232537419,27861.80732148
MNA,"Middle East, North Africa, Afghanistan & Pakistan (excluding high income)",Other,Unknown,2020,2020,2.41513094083414,2.41513094083414,Moderate (2-5%),-2.61983985761596,2835.4044930412
MNE,Montenegro,Other,Unknown,2020,2020,-0.255655699848551,-0.255655699848551,Low (<2%),-14.9926187023533,6351.95187949313
MNG,Mongolia,Other,Unknown,2020,2020,3.7237230614026,3.7237230614026,Moderate (2-5%),-4.55775197583431,4066.03410882791
MOZ,Mozambique,Other,Low,2020,2020,3.48393567493204,3.48393567493204,Moderate (2-5%),-1.21952250011192,591.804059985932
MRT,Mauritania,Other,Unknown,2020,2020,2.3856948845632,2.3856948845632,Moderate (2-5%),-0.36065738652286,1557.19511875153
MUS,Mauritius,Other,Unknown,2020,2020,2.5808007718283,2.5808007718283,Moderate (2-5%),-14.1974358137792,9533.5982796049
MWI,Malawi,Other,Low,2020,2020,8.62551469650552,8.62551469650552,High (5-10%),0.793596429787286,559.447086086067
MYS,Malaysia,Asia,Upper Middle,2020,2020,-1.1387021539305,-1.1387021539305,Low (<2%),-5.45684658426701,10171.4657842762
NAC,North America,Other,Unknown,2020,2020,0.97529201430706,0.97529201430706,Low (<2%),-2.31236247885967,57774.414970072
NAM,Namibia,Other,Unknown,2020,2020,2.20938236933469,2.20938236933469,Moderate (2-5%),-8.10140201443319,3787.49943973286
NER,Niger,Other,Unknown,2020,2020,2.8981937602627,2.8981937602627,Moderate (2-5%),4.45481803846413,532.208221196997
NGA,Nigeria,Africa,Low,2020,2020,13.2460234276598,13.2460234276598,Very High (>10%),-6.36889840468527,2228.68631426529
NIC,Nicaragua,Other,Unknown,2020,2020,3.68181341625572,3.68181341625572,Moderate (2-5%),-2.23654176262323,1950.19181218473
NLD,Netherlands,Europe,High,2020,2020,1.27246037789161,1.27246037789161,Low (<2%),-3.86799714191608,47086.5674755497
NOR,Norway,Europe,High,2020,2020,1.28658490707996,1.28658490707996,Low (<2%),-1.36055723261586,78387.0435023102
NPL,Nepal,Asia,Lower Middle,2020,2020,5.05635826238499,5.05635826238499,High (5-10%),-2.3696206292072,1031.53618783934
NZL,New Zealand,Oceania,High,2020,2020,1.71456170007245,1.71456170007245,Low (<2%),-0.240916114758988,39702.3112090418
OED,OECD members,Other,Unknown,2020,2020,0.73285164517586,0.73285164517586,Low (<2%),-3.86432916323412,36615.9210625073
OMN,Oman,Middle East,High,2020,2020,-0.40640291946585,-0.40640291946585,Low (<2%),-3.37972052697999,17743.8858800477
OSS,Other small states,Other,Unknown,2020,2020,0.712593443137932,0.712593443137932,Low (<2%),-5.76450168062843,10967.167100197
PAK,Pakistan,Asia,Lower Middle,2020,2020,9.74011619320125,9.74011619320125,High (5-10%),-1.27408744338709,1526.00597486307
PAN,Panama,Other,Unknown,2020,2020,-1.55027540803761,-1.55027540803761,Low (<2%),-17.8211174074602,12647.0914227279
PER,Peru,South America,Upper Middle,2020,2020,2.00241205759292,2.00241205759292,Moderate (2-5%),-10.9333065010382,5831.83024758521
PHL,Philippines,Asia,Lower Middle,2020,2020,2.3931623931624,2.3931623931624,Moderate (2-5%),-9.51829474045297,3198.66690008413
PLW,Palau,Other,Unknown,2020,2020,0.218181818181833,0.218181818181833,Low (<2%),-6.00740723664144,14673.8845975778
PNG,Papua New Guinea,Other,Unknown,2020,2020,4.87167398565555,4.87167398565555,Moderate (2-5%),-3.16743204434815,2438.61137922293
POL,Poland,Europe,Unknown,2020,2020,3.37446972618589,3.37446972618589,Moderate (2-5%),-2.03556882399977,15090.2228440113
PRE,Pre-demographic dividend,Other,Unknown,2020,2020,3.39862928518853,3.39862928518853,Moderate (2-5%),-4.15455315541389,1407.15348093823
PRT,Portugal,Europe,High,2020,2020,-0.0124383299576209,-0.0124383299576209,Low (<2%),-8.20463159324387,19778.7139525722
PRY,Paraguay,South America,Upper Middle,2020,2020,1.76751592356698,1.76751592356698,Low (<2%),-0.819785390971916,6109.19608100615
PSE,West Bank and Gaza,Other,Unknown,2020,2020,-0.735332001092191,-0.735332001092191,Low (<2%),-11.3184661065134,2922.46801084844
PSS,Pacific island small states,Other,Unknown,2020,2020,0.386388224517504,0.386388224517504,Low (<2%),-10.2465615365926,3563.03524602951
PST,Post-demographic dividend,Other,Unknown,2020,2020,0.632267331911716,0.632267331911716,Low (<2%),-4.03866257492757,41980.2062171255
QAT,Qatar,Middle East,High,2020,2020,-2.5403150300476,-2.5403150300476,Low (<2%),-3.5576039896784,57769.604104354
ROU,Romania,Other,Unknown,2020,2020,2.63107311184743,2.63107311184743,Moderate (2-5%),-3.59802546034757,10854.049431887
RUS,Russian Federation,Europe,Upper Middle,2020,2020,3.38219796948068,3.38219796948068,Moderate (2-5%),-2.65365449695453,9632.3251953125
RWA,Rwanda,Other,Low,2020,2020,9.85039902274207,9.85039902274207,High (5-10%),-2.77710485515125,821.257133282758
SAS,South Asia,Other,Unknown,2020,2020,5.6602199868936,5.6602199868936,High (5-10%),-4.98750173652559,1806.99045379049
SAU,Saudi Arabia,Asia,High,2020,2020,3.37234961012303,3.37234961012303,Moderate (2-5%),-3.80478901996312,22827.671935548
SDN,Sudan,Other,Unknown,2020,2020,163.257782355458,163.257782355458,Very High (>10%),-3.62980082410752,1056.86474609375
SEN,Senegal,Other,Unknown,2020,2020,2.54314685681662,2.54314685681662,Moderate (2-5%),1.34207377285524,1361.7914374888
SGP,Singapore,Asia,High,2020,2020,-0.172111865925382,-0.172111865925382,Low (<2%),-3.61084281729929,59083.8574841572
SLB,Solomon Islands,Other,Unknown,2020,2020,2.96354992076065,2.96354992076065,Moderate (2-5%),-3.38125925839405,1930.65510307199
SLE,Sierra Leone,Other,Unknown,2020,2020,13.4468711101052,13.4468711101052,Very High (>10%),-1.2533490322766,1010.25294614757
SLV,El Salvador,Other,Unknown,2020,2020,-0.371590212324095,-0.371590212324095,Low (<2%),-7.893101359867,3808.53195436409
SMR,San Marino,Other,Unknown,2020,2020,-0.133368898372915,-0.133368898372915,Low (<2%),-6.64791226034481,40506.8341853183
SRB,Serbia,Other,Unknown,2020,2020,1.57553290083415,1.57553290083415,Low (<2%),-0.950023991851594,6850.96742168834
SSA,Sub-Saharan Africa (excluding high income),Other,Unknown,2020,2020,3.48393567493204,3.48393567493204,Moderate (2-5%),-3.28342298905326,1528.60209704355
SSD,South Sudan,Other,Unknown,2020,2020,29.6758435538572,29.6758435538572,Very High (>10%),,
SSF,Sub-Saharan Africa,Other,Unknown,2020,2020,3.39862928518853,3.39862928518853,Moderate (2-5%),-3.29212615874913,1529.91025762634
SST,Small states,Other,Unknown,2020,2020,0.598986330824643,0.598986330824643,Low (<2%),-6.9752973416568,10333.0141438009
STP,Sao Tome and Principe,Other,Unknown,2020,2020,9.81932791540146,9.81932791540146,High (5-10%),2.62485949543812,1430.84119299096
SUR,Suriname,Other,Unknown,2020,2020,34.889784309078,34.889784309078,Very High (>10%),-15.9751917148622,7213.10766669943
SVK,Slovak Republic,Other,Unknown,2020,2020,1.93694126694223,1.93694126694223,Low (<2%),-2.58551241733207,17763.8563847352
SVN,Slovenia,Other,Unknown,2020,2020,-0.05485681576061,-0.05485681576061,Low (<2%),-4.08500094942896,22811.8050540778
SWE,Sweden,Europe,High,2020,2020,0.497367318853572,0.497367318853572,Low (<2%),-1.93379704032216,51624.5811789573
SYC,Seychelles,Other,Unknown,2020,2020,1.20266463987123,1.20266463987123,Low (<2%),-11.7398608281732,17048.361729788
TCD,Chad,Other,Unknown,2020,2020,4.46414437232861,4.46414437232861,Moderate (2-5%),-0.393646582380399,884.980541934939
TEA,East Asia & Pacific (IDA & IBRD countries),Other,Unknown,2020,2020,2.3931623931624,2.3931623931624,Moderate (2-5%),1.34329202401489,8386.41483907815
TEC,Europe & Central Asia (IDA & IBRD countries),Other,Unknown,2020,2020,2.73249209419427,2.73249209419427,Moderate (2-5%),-1.44509752100556,8812.50868521582
TGO,Togo,Other,Unknown,2020,2020,1.69928463299399,1.69928463299399,Low (<2%),2.15900131150536,899.748802355348
THA,Thailand,Asia,Upper Middle,2020,2020,-0.846087518861799,-0.846087518861799,Low (<2%),-6.09306312966953,6032.42244606793
TLA,Latin America & the Caribbean (IDA & IBRD countries),Other,Unknown,2020,2020,1.76751592356698,1.76751592356698,Low (<2%),-6.78167389936947,7684.93194839094
TLS,Timor-Leste,Other,Unknown,2020,2020,0.495499215459571,0.495499215459571,Low (<2%),31.7257416721413,1947.83997138866
TMN,"Middle East, North Africa, Afghanistan & Pakistan (IDA & IBRD)",Other,Unknown,2020,2020,3.73003191530476,3.73003191530476,Moderate (2-5%),-2.55101546183431,2834.79641974013
TON,Tonga,Other,Unknown,2020,2020,-0.349737696727419,-0.349737696727419,Low (<2%),1.80618715298932,4647.0077529158
TSA,South Asia (IDA & IBRD),Other,Unknown,2020,2020,5.6602199868936,5.6602199868936,High (5-10%),-4.98750173652559,1806.99045379049
TSS,Sub-Saharan Africa (IDA & IBRD countries),Other,Unknown,2020,2020,3.39862928518853,3.39862928518853,Moderate (2-5%),-3.29212615874916,1529.91025762634
TTO,Trinidad and Tobago,Other,Unknown,2020,2020,0.598986330824643,0.598986330824643,Low (<2%),-8.78879817831519,15679.9611486825
TUN,Tunisia,Africa,Upper Middle,2020,2020,5.63415115897625,5.63415115897625,High (5-10%),-8.97512622934723,3749.26841452928
TUR,Turkiye,Europe,Upper Middle,2020,2020,12.2789574462574,12.2789574462574,Very High (>10%),1.80306247087255,12338.643833135
TZA,Tanzania,Other,Low,2020,2020,3.29029062798325,3.29029062798325,Moderate (2-5%),1.99196460647855,1041.25964355469
UGA,Uganda,Other,Low,2020,2020,3.31332289544502,3.31332289544502,Moderate (2-5%),2.95130642218098,917.0350317644
UKR,Ukraine,Other,Unknown,2020,2020,2.73249209419427,2.73249209419427,Moderate (2-5%),-3.75281793983162,2324.107421875
UMC,Upper middle income,Other,Unknown,2020,2020,1.8903591682421,1.8903591682421,Low (<2%),-0.502919871037122,8191.064948597
URY,Uruguay,South America,High,2020,2020,9.75640636078194,9.75640636078194,High (5-10%),-7.35732706897301,16443.363490131
USA,United States,North America,High,2020,2020,1.23358439630629,1.23358439630629,Low (<2%),-2.081375977796,59533.609024416
UZB,Uzbekistan,Other,Unknown,2020,2020,12.8677297362606,12.8677297362606,Very High (>10%),1.62162281640448,3723.82133264406
VCT,St. Vincent and the Grenadines,Other,Unknown,2020,2020,-0.628131309354654,-0.628131309354654,Low (<2%),-4.26892434422649,7989.74651933597
VNM,Viet Nam,Asia,Lower Middle,2020,2020,3.22093436652515,3.22093436652515,Moderate (2-5%),2.86541320912272,3303.16949807493
VUT,Vanuatu,Other,Unknown,2020,2020,5.32935073101715,5.32935073101715,High (5-10%),-5.72530282073851,3085.16558189305
WLD,World,Other,Unknown,2020,2020,1.90509722047501,1.90509722047501,Low (<2%),-2.88621185457086,10575.2194883029
WSM,Samoa,Other,Unknown,2020,2020,-1.56891247740895,-1.56891247740895,Low (<2%),-3.10864485863991,4283.06392492734
XKX,Kosovo,Other,Unknown,2020,2020,0.198227922994854,0.198227922994854,Low (<2%),-5.34027547826166,3990.94425586648
ZAF,South Africa,Africa,Upper Middle,2020,2020,3.23238831615113,3.23238831615113,Moderate (2-5%),-6.1689177146757,5569.58483319272
ZMB,Zambia,Other,Unknown,2020,2020,15.7330604721369,15.7330604721369,Very High (>10%),-2.78505506545167,1228.73500113195
ZWE,Zimbabwe,Other,Unknown,2020,2020,557.201817362051,180.13687701067877,Very High (>10%),-7.81695060188729,1230.81933361016
AFE,Africa Eastern and Southern,Other,Unknown,2021,2020,6.82472709282067,6.82472709282067,High (5-10%),4.45264295607002,1422.65546311873
AFG,Afghanistan,Other,Unknown,2021,2020,5.13320340824963,5.13320340824963,High (5-10%),-20.7388393676343,408.625855217403
AFW,Africa Western and Central,Other,Unknown,2021,2020,3.74556782333009,3.74556782333009,Moderate (2-5%),2.54547274764256,1725.17121673839
AGO,Angola,Africa,Lower Middle,2021,2020,25.7542948841891,25.7542948841891,Very High (>10%),1.09058369944815,2788.16737086685
ALB,Albania,Other,Unknown,2021,2020,2.04147163139545,2.04147163139545,Moderate (2-5%),8.96957619074095,5511.75743402862
ARB,Arab World,Other,Unknown,2021,2020,2.86833027751015,2.86833027751015,Moderate (2-5%),4.43140396719774,6083.57198947026
ARE,United Arab Emirates,Middle East,High,2021,2020,0.179935336174431,0.179935336174431,Low (<2%),4.55280140106356,40935.8915482084
ARG,Argentina,South America,Upper Middle,2021,2020,48.4093786255199,48.4093786255199,Very High (>10%),10.4418119882506,12549.2811699342
ARM,Armenia,Other,Unknown,2021,2020,7.18483629443371,7.18483629443371,High (5-10%),5.80000000065645,4264.79961505187
ATG,Antigua and Barbuda,Other,Unknown,2021,2020,2.06299638545334,2.06299638545334,Moderate (2-5%),8.17286311186622,16084.7214406048
AUS,Australia,Oceania,High,2021,2020,2.86391284709318,2.86391284709318,Moderate (2-5%),2.00694844335034,59465.535671364
AUT,Austria,Europe,High,2021,2020,2.7666666666667,2.7666666666667,Moderate (2-5%),4.92309171717903,45368.6434337368
AZE,Azerbaijan,Other,Unknown,2021,2020,6.65029912708779,6.65029912708779,High (5-10%),5.61644027150554,5349.58226071425
BDI,Burundi,Other,Unknown,2021,2020,8.40453845076341,8.40453845076341,High (5-10%),3.23707479372925,264.682651658422
BEL,Belgium,Europe,High,2021,2020,2.44024851144084,2.44024851144084,Moderate (2-5%),6.25445686466593,43140.9676652971
BEN,Benin,Other,Unknown,2021,2020,1.73353962694036,1.73353962694036,Low (<2%),7.1554516457574,1176.37727637273
BFA,Burkina Faso,Other,Unknown,2021,2020,3.65326761825509,3.65326761825509,Moderate (2-5%),6.94252492572348,745.472563435144
BGD,Bangladesh,Asia,Lower Middle,2021,2020,5.54565430773473,5.54565430773473,High (5-10%),6.93867912442445,1702.08028414189
BGR,Bulgaria,Other,Unknown,2021,2020,3.29774435299506,3.29774435299506,Moderate (2-5%),7.82817310703665,9161.94541759347
BHR,Bahrain,Middle East,High,2021,2020,-0.60631938514085,-0.60631938514085,Low (<2%),4.35004091668986,24086.7847803428
BHS,"Bahamas, The",Other,Unknown,2021,2020,2.90491262928478,2.90491262928478,Moderate (2-5%),17.5861390037409,29114.0597726386
BIH,Bosnia and Herzegovina,Other,Unknown,2021,2020,1.98163900587622,1.98163900587622,Low (<2%),7.39164256472846,5995.54197590494
BLR,Belarus,Other,Unknown,2021,2020,9.46028389623099,9.46028389623099,High (5-10%),2.43886210234947,6457.73053706343
BLZ,Belize,Other,Unknown,2021,2020,3.23563659237071,3.23563659237071,Moderate (2-5%),17.9899244143607,5839.40157956017
BOL,Bolivia,South America,Upper Middle,2021,2020,0.737383721452275,0.737383721452275,Low (<2%),10.0290488827886,3011.55110825301
BRA,Brazil,South America,Upper Middle,2021,2020,8.30165975585673,8.30165975585673,High (5-10%),4.76260437908608,8799.22945810901
BRN,Brunei Darussalam,Other,Unknown,2021,2020,1.73341388450593,1.73341388450593,Low (<2%),-1.59076260099606,29256.1833678343
BTN,Bhutan,Other,Unknown,2021,2020,7.3468144053353,7.3468144053353,High (5-10%),4.42136738945015,3206.20366997254
BWA,Botswana,Other,Unknown,2021,2020,7.24097765588442,7.24097765588442,High (5-10%),11.9162724376008,6895.91184943107
CAF,Central African Republic,Other,Unknown,2021,2020,4.25936417542868,4.25936417542868,Moderate (2-5%),0.982919996264229,396.020622931961
CAN,Canada,North America,High,2021,2020,3.39519318527528,3.39519318527528,Moderate (2-5%),5.95052804984759,44639.2381171993
CEB,Central Europe and the Baltics,Other,Unknown,2021,2020,3.83984491500146,3.83984491500146,Moderate (2-5%),6.57271679525719,15739.2441317825
CHE,Switzerland,Europe,High,2021,2020,0.581814168489856,0.581814168489856,Low (<2%),6.17622836050151,90924.9256769825
CHL,Chile,South America,High,2021,2020,4.52456838259144,4.52456838259144,Moderate (2-5%),11.3374032409913,14056.251601955
CHN,China,Asia,Upper Middle,2021,2020,0.981015135544882,0.981015135544882,Low (<2%),8.57038414981781,11469.3174514512
CIV,Cote d'Ivoire,Africa,Lower Middle,2021,2020,4.15919657911798,4.15919657911798,Moderate (2-5%),7.06253713446816,2146.46047529012
CMR,Cameroon,Africa,Lower Middle,2021,2020,2.27185762503637,2.27185762503637,Moderate (2-5%),3.33885747179505,1443.57600237663
COG,"Congo, Rep.",Other,Unknown,2021,2020,1.7156427545126,1.7156427545126,Low (<2%),1.01507036990908,1701.79060456872
COL,Colombia,South America,Upper Middle,2021,2020,3.49505757399448,3.49505757399448,Moderate (2-5%),10.8011981904878,6457.16921807086
COM,Comoros,Other,Unknown,2021,2020,-0.0044179368234698,-0.0044179368234698,Low (<2%),2.04245238320844,1360.32663361462
CPV,Cabo Verde,Other,Unknown,2021,2020,1.86215297494647,1.86215297494647,Low (<2%),7.03353010694514,3471.6553421786
CRI,Costa Rica,Other,Unknown,2021,2020,1.72647755109241,1.72647755109241,Low (<2%),8.21817953969082,13267.2549508035
CSS,Caribbean small states,Other,Unknown,2021,2020,2.22891330700344,2.22891330700344,Moderate (2-5%),7.23640467044548,13353.2168994617
CYP,Cyprus,Other,Unknown,2021,2020,2.44608867175474,2.44608867175474,Moderate (2-5%),11.3975590801512,29517.05859375
CZE,Czechia,Other,Unknown,2021,2020,3.83984491500146,3.83984491500146,Moderate (2-5%),4.02901832055149,20373.8783043424
DEU,Germany,Europe,High,2021,2020,3.06666666666673,3.06666666666673,Moderate (2-5%),3.90999994204108,44011.0194631674
DJI,Djibouti,Other,Unknown,2021,2020,1.18086783934059,1.18086783934059,Low (<2%),4.40715667561153,2854.15987035097
DMA,Dominica,Other,Unknown,2021,2020,2.22891330700344,2.22891330700344,Moderate (2-5%),5.37983838954712,7738.31730070386
DNK,Denmark,Europe,High,2021,2020,1.85304543989689,1.85304543989689,Low (<2%),6.50025445756295,59312.8158043771
DOM,Dominican Republic,Other,Unknown,2021,2020,8.24300347981809,8.24300347981809,High (5-10%),14.0124289062207,8344.90510312395
DZA,Algeria,Africa,Upper Middle,2021,2020,7.22606307415477,7.22606307415477,High (5-10%),3.79999999900707,4456.74687637774
EAP,East Asia & Pacific (excluding high income),Other,Unknown,2021,2020,2.69891859529198,2.69891859529198,Moderate (2-5%),7.72023040471529,8905.68067463003
EAR,Early-demographic dividend,Other,Unknown,2021,2020,4.12676744440695,4.12676744440695,Moderate (2-5%),7.50689561708779,3506.50286307281
EAS,East Asia & Pacific,Other,Unknown,2021,2020,2.47710241465447,2.47710241465447,Moderate (2-5%),6.48037639158159,12018.1160959764
ECA,Europe & Central Asia (excluding high income),Other,Unknown,2021,2020,6.91756771076075,6.91756771076075,High (5-10%),9.27987062914227,7690.46991422501
ECS,Europe & Central Asia,Other,Unknown,2021,2020,3.19017771027094,3.19017771027094,Moderate (2-5%),6.82460720354004,24641.4252022588
ECU,Ecuador,South America,Upper Middle,2021,2020,0.133251386096389,0.133251386096389,Low (<2%),9.42189269033631,5815.09477390949
EGY,"Egypt, Arab Rep.",Africa,Lower Middle,2021,2020,5.21404940513043,5.21404940513043,High (5-10%),3.29064601193245,3837.31992325256
EMU,Euro area,Other,Unknown,2021,2020,2.52692009066166,2.52692009066166,Moderate (2-5%),6.44349747359811,36304.0120488212
ESP,Spain,Europe,High,2021,2020,3.09313511976402,3.09313511976402,Moderate (2-5%),6.68314420473001,26705.3629138959
EST,Estonia,Other,Unknown,2021,2020,4.65316673847473,4.65316673847473,Moderate (2-5%),8.25488044580031,21570.6658455268
ETH,Ethiopia,Africa,Low,2021,2020,26.8395221557722,26.8395221557722,Very High (>10%),5.64153069324176,790.657019602458
EUU,European Union,Other,Unknown,2021,2020,2.55450699642041,2.55450699642041,Moderate (2-5%),6.37773717070797,33488.0493001082
FIN,Finland,Europe,High,2021,2020,2.19457432339998,2.19457432339998,Moderate (2-5%),2.67634641498897,45792.0454180872
FJI,Fiji,Other,Unknown,2021,2020,1.53454853751592,1.53454853751592,Low (<2%),-4.3459619989752,4507.33353013335
FRA,France,Europe,High,2021,2020,1.64233141038394,1.64233141038394,Low (<2%),6.88233783360239,38030.8571685178
FSM,"Micronesia, Fed. Sts.",Other,Unknown,2021,2020,3.19128406597466,3.19128406597466,Moderate (2-5%),3.09969928290539,3035.92251779232
GAB,Gabon,Other,Unknown,2021,2020,1.0869074651941,1.0869074651941,Low (<2%),1.46795731508091,6479.0490069252
GBR,United Kingdom,Europe,High,2021,2020,2.51837109614213,2.51837109614213,Moderate (2-5%),8.5431118453255,46491.5068836685
GEO,Georgia,Other,Unknown,2021,2020,9.56691433824769,9.56691433824769,High (5-10%),10.6442336580969,5175.19865185825
GHA,Ghana,Africa,Unknown,2021,2020,9.9710886750444,9.9710886750444,High (5-10%),5.07646643533542,2030.04866500967
GIN,Guinea,Other,Unknown,2021,2020,12.5972882566934,12.5972882566934,Very High (>10%),5.5823328114905,973.646890096159
GMB,"Gambia, The",Other,Unknown,2021,2020,7.37034758876618,7.37034758876618,High (5-10%),5.25596878816744,689.49323955737
GNB,Guinea-Bissau,Other,Unknown,2021,2020,2.24248879577658,2.24248879577658,Moderate (2-5%),5.0173096003907,729.396882757942
GNQ,Equatorial Guinea,Other,Unknown,2021,2020,-0.0971007664640198,-0.0971007664640198,Low (<2%),0.860269956382069,5487.92479201992
GRC,Greece,Europe,High,2021,2020,1.22382501019854,1.22382501019854,Low (<2%),8.65449786002131,19231.2888803517
GRD,Grenada,Other,Unknown,2021,2020,1.21951193916838,1.21951193916838,Low (<2%),4.6977240232674,8782.32193426078
GTM,Guatemala,Other,Unknown,2021,2020,4.26105127422813,4.26105127422813,Moderate (2-5%),8.04170398855833,4268.62864461492
GUY,Guyana,Other,Unknown,2021,2020,4.50619858925893,4.50619858925893,Moderate (2-5%),20.0599975568418,10711.9973374148
HIC,High income,Other,Unknown,2021,2020,2.51837109614213,2.51837109614213,Moderate (2-5%),5.97111332006301,40005.1470452164
HKG,"Hong Kong SAR, China",Other,Unknown,2021,2020,1.56875834445922,1.56875834445922,Low (<2%),6.45443038333934,44530.9213833761
HND,Honduras,Other,Unknown,2021,2020,4.48087963413446,4.48087963413446,Moderate (2-5%),12.5652843771279,2423.76634916911
HPC,Heavily indebted poor countries (HIPC),Other,Unknown,2021,2020,4.37012190478157,4.37012190478157,Moderate (2-5%),4.35683661926664,962.578481916824
HRV,Croatia,Other,Unknown,2021,2020,2.55450699642041,2.55450699642041,Moderate (2-5%),12.6312741312741,15395.2861605128
HTI,Haiti,Other,Unknown,2021,2020,16.8415240198785,16.8415240198785,Very High (>10%),-1.79823988931486,1292.71954963551
HUN,Hungary,Other,Unknown,2021,2020,5.11096534382855,5.11096534382855,High (5-10%),7.22291580811137,15787.9535427563
IBD,IBRD only,Other,Unknown,2021,2020,4.27166381536798,4.27166381536798,Moderate (2-5%),7.62447663420478,6729.33339266546
IBT,IDA & IBRD total,Other,Unknown,2021,2020,4.25936417542868,4.25936417542868,Moderate (2-5%),7.35158119263311,5288.48751677048
IDA,IDA total,Other,Unknown,2021,2020,4.17270582217659,4.17270582217659,Moderate (2-5%),3.99322003260568,1418.97233507819
IDB,IDA blend,Other,Unknown,2021,2020,3.46677876951929,3.46677876951929,Moderate (2-5%),4.36009454869888,1988.14316748151
IDN,Indonesia,Asia,Lower Middle,2021,2020,1.56007882983334,1.56007882983334,Low (<2%),3.70288562827751,3850.68877253903
IDX,IDA only,Other,Unknown,2021,2020,4.37012190478157,4.37012190478157,Moderate (2-5%),3.64269213685422,1112.55281021201
IND,India,Asia,Lower Middle,2021,2020,5.13140747176364,5.13140747176364,High (5-10%),9.68959249191741,1965.30943437472
IRL,Ireland,Europe,High,2021,2020,2.34034113447044,2.34034113447044,Moderate (2-5%),16.2581881158197,92781.2322150786
IRN,"Iran, Islamic Rep.",Asia,Lower Middle,2021,2020,43.3890162681514,43.3890162681514,Very High (>10%),4.13089685034471,5300.62271961895
IRQ,Iraq,Middle East,Unknown,2021,2020,6.04186489058043,6.04186489058043,High (5-10%),1.5021807095434,4182.50064045825
ISL,Iceland,Other,Unknown,2021,2020,4.44423970189746,4.44423970189746,Moderate (2-5%),5.18057190719905,54285.0209203242
ISR,Israel,Europe,High,2021,2020,1.47965474722561,1.47965474722561,Low (<2%),9.33534690236249,40788.2391785198
ITA,Italy,Europe,High,2021,2020,1.87378325762481,1.87378325762481,Low (<2%),8.93106210800055,32267.7091050201
JAM,Jamaica,Other,Unknown,2021,2020,5.86278242801063,5.86278242801063,High (5-10%),5.70467978309095,5607.45378253877
JOR,Jordan,Other,Unknown,2021,2020,1.34609377243118,1.34609377243118,Low (<2%),3.75201276755828,4266.3790298994
JPN,Japan,Asia,High,2021,2020,-0.233352779398264,-0.233352779398264,Low (<2%),3.56419531474475,36792.556429474
KAZ,Kazakhstan,Other,Unknown,2021,2020,8.04147134028401,8.04147134028401,High (5-10%),4.29999999729456,10873.3915275276
KEN,Kenya,Africa,Low,2021,2020,6.10793603659176,6.10793603659176,High (5-10%),7.59048947333467,1698.89578271444
KGZ,Kyrgyz Republic,Other,Unknown,2021,2020,11.9050398185147,11.9050398185147,Very High (>10%),5.50700762671923,1132.5546781282
KHM,Cambodia,Other,Unknown,2021,2020,2.92073477592949,2.92073477592949,Moderate (2-5%),3.08984284148661,1938.76436741728
KIR,Kiribati,Other,Unknown,2021,2020,2.05361676773907,2.05361676773907,Moderate (2-5%),8.44155844155846,1895.61362957222
KNA,St. Kitts and Nevis,Other,Unknown,2021,2020,1.195688870384,1.195688870384,Low (<2%),0.367606879216311,19031.8211910603
KOR,"Korea, Rep.",Asia,High,2021,2020,2.49833333333339,2.49833333333339,Moderate (2-5%),4.61296795454287,34792.9397214598
KWT,Kuwait,Middle East,High,2021,2020,3.42362947609188,3.42362947609188,Moderate (2-5%),1.67213054307859,26203.2617257856
LAC,Latin America & Caribbean (excluding high income),Other,Unknown,2021,2020,4.27166381536798,4.27166381536798,Moderate (2-5%),6.85451332312384,7827.41188417897
LAO,Lao PDR,Other,Unknown,2021,2020,3.75562036658877,3.75562036658877,Moderate (2-5%),2.52835100486102,2556.58912640405
LBN,Lebanon,Other,Unknown,2021,2020,154.756096023393,154.756096023393,Very High (>10%),-7.00123862514116,5973.41933892988
LBR,Liberia,Other,Unknown,2021,2020,7.81559385858648,7.81559385858648,High (5-10%),4.98671283481617,621.927983063426
LBY,Libya,Other,Unknown,2021,2020,2.86833027751015,2.86833027751015,Moderate (2-5%),28.2996823429147,7731.35448152581
LCA,St. Lucia,Other,Unknown,2021,2020,2.41070312174393,2.41070312174393,Moderate (2-5%),11.1466993240856,9447.30059244639
LCN,Latin America & Caribbean,Other,Unknown,2021,2020,3.87805442411131,3.87805442411131,Moderate (2-5%),7.07608139571873,8317.64330039219
LDC,Least developed countries: UN classification,Other,Unknown,2021,2020,4.15649125482107,4.15649125482107,Moderate (2-5%),2.75579291386683,1041.81864393151
LIC,Low income,Other,Unknown,2021,2020,5.81225118787715,5.81225118787715,High (5-10%),2.03102251641869,700.702189041902
LKA,Sri Lanka,Asia,Lower Middle,2021,2020,7.01478071238195,7.01478071238195,High (5-10%),4.2074764950026,4357.97224978578
LMC,Lower middle income,Other,Unknown,2021,2020,4.48087963413446,4.48087963413446,Moderate (2-5%),6.79896357094398,2001.03941041582
LMY,Low & middle income,Other,Unknown,2021,2020,4.25936417542868,4.25936417542868,Moderate (2-5%),7.37033958733097,5019.23390795338
LSO,Lesotho,Other,Unknown,2021,2020,6.04774591950676,6.04774591950676,High (5-10%),2.26670961833291,955.221236301503
LTE,Late-demographic dividend,Other,Unknown,2021,2020,3.49505757399448,3.49505757399448,Moderate (2-5%),7.59396655185003,10610.2084233095
LTU,Lithuania,Other,Unknown,2021,2020,4.68354420903453,4.68354420903453,Moderate (2-5%),6.39481772930206,18572.2895051093
LUX,Luxembourg,Other,Unknown,2021,2020,2.52692009066166,2.52692009066166,Moderate (2-5%),6.92973270801744,110873.115269021
LVA,Latvia,Other,Unknown,2021,2020,3.27582937431165,3.27582937431165,Moderate (2-5%),6.94254173062592,16070.1680032322
MAC,"Macao SAR, China",Other,Unknown,2021,2020,0.0264543647055504,0.0264543647055504,Low (<2%),22.4622020023362,41634.2386139903
MAR,Morocco,Africa,Lower Middle,2021,2020,1.40195883962006,1.40195883962006,Low (<2%),8.15473889823681,3309.130859375
MDA,Moldova,Other,Unknown,2021,2020,5.10641129002836,5.10641129002836,High (5-10%),13.9299997889786,3688.16729442144
MDG,Madagascar,Other,Unknown,2021,2020,5.81225118787715,5.81225118787715,High (5-10%),4.65068343174309,431.599103077746
MDV,Maldives,Other,Unknown,2021,2020,0.543149688737013,0.543149688737013,Low (<2%),37.507870124321,9759.2219360708
MEA,"Middle East, North Africa, Afghanistan & Pakistan",Other,Unknown,2021,2020,2.86833027751015,2.86833027751015,Moderate (2-5%),5.030413314914,5215.44015006661
MEX,Mexico,North America,Upper Middle,2021,2020,5.68920847683753,5.68920847683753,High (5-10%),6.04848347173572,9728.05680024504
MIC,Middle income,Other,Unknown,2021,2020,4.14298201176246,4.14298201176246,Moderate (2-5%),7.4508617815507,5529.07594077267
MKD,North Macedonia,Other,Unknown,2021,2020,3.23074912132928,3.23074912132928,Moderate (2-5%),4.51067949038222,6064.92315120022
MLI,Mali,Other,Unknown,2021,2020,3.92560283104277,3.92560283104277,Moderate (2-5%),3.10094124463507,872.332509422409
MLT,Malta,Other,Unknown,2021,2020,1.49789217934724,1.49789217934724,Low (<2%),13.3509818925498,31419.5031714693
MNA,"Middle East, North Africa, Afghanistan & Pakistan (excluding high income)",Other,Unknown,2021,2020,5.21404940513043,5.21404940513043,High (5-10%),4.33211957315503,2908.15343616643
MNE,Montenegro,Other,Unknown,2021,2020,2.41080198403165,2.41080198403165,Moderate (2-5%),13.0462607426359,7198.3012265441
MNG,Mongolia,Other,Unknown,2021,2020,7.35894657888155,7.35894657888155,High (5-10%),1.63676957736662,4063.53669849245
MOZ,Mozambique,Other,Low,2021,2020,6.40847652975692,6.40847652975692,High (5-10%),2.37743572761507,588.215854695416
MRT,Mauritania,Other,Unknown,2021,2020,3.56516484650185,3.56516484650185,Moderate (2-5%),0.7427154981402,1524.11753502309
MUS,Mauritius,Other,Unknown,2021,2020,4.02852888157376,4.02852888157376,Moderate (2-5%),3.33809084057279,9849.34891121846
MWI,Malawi,Other,Low,2021,2020,9.33014410835212,9.33014410835212,High (5-10%),4.55829212016083,569.968967322435
MYS,Malaysia,Asia,Upper Middle,2021,2020,2.47710241465447,2.47710241465447,Moderate (2-5%),3.31534954399166,10388.2667120857
NAC,North America,Other,Unknown,2021,2020,4.04652602445635,4.04652602445635,Moderate (2-5%),6.13640923701173,61198.2512363301
NAM,Namibia,Other,Unknown,2021,2020,3.61690530108814,3.61690530108814,Moderate (2-5%),3.60382919248703,3809.80753359714
NER,Niger,Other,Unknown,2021,2020,3.8378680284051,3.8378680284051,Moderate (2-5%),1.11520063869706,520.912751008043
NGA,Nigeria,Africa,Low,2021,2020,16.9528457221608,16.9528457221608,Very High (>10%),1.109252540249,2206.66406255564
NIC,Nicaragua,Other,Unknown,2021,2020,4.92841396948968,4.92841396948968,Moderate (2-5%),10.4543887816515,2128.30880041334
NLD,Netherlands,Europe,High,2021,2020,2.67572008805385,2.67572008805385,Moderate (2-5%),6.27683593745216,49780.8328352542
NOR,Norway,Europe,High,2021,2020,3.48388055266669,3.48388055266669,Moderate (2-5%),4.14314688769197,81199.3391492139
NPL,Nepal,Asia,Lower Middle,2021,2020,4.12676744440695,4.12676744440695,Moderate (2-5%),4.838149614115,1062.7888430629
NZL,New Zealand,Oceania,High,2021,2020,3.94112060778728,3.94112060778728,Moderate (2-5%),4.29916005216614,41309.8198451344
OED,OECD members,Other,Unknown,2021,2020,2.81528975687994,2.81528975687994,Moderate (2-5%),6.09471533648059,38777.5008307701
OMN,Oman,Middle East,High,2021,2020,1.68221185876085,1.68221185876085,Low (<2%),2.5821749892893,18291.3387983888
OSS,Other small states,Other,Unknown,2021,2020,2.4284453278932,2.4284453278932,Moderate (2-5%),7.99114438236406,11725.9484104048
PAK,Pakistan,Asia,Lower Middle,2021,2020,9.49641577285205,9.49641577285205,High (5-10%),6.51388575852702,1595.02792175422
PAN,Panama,Other,Unknown,2021,2020,1.63070337301898,1.63070337301898,Low (<2%),16.4669992022652,14552.9345271768
PER,Peru,South America,Upper Middle,2021,2020,4.27166381536798,4.27166381536798,Moderate (2-5%),13.4166456126513,6550.96747543872
PHL,Philippines,Asia,Lower Middle,2021,2020,3.92718022100332,3.92718022100332,Moderate (2-5%),5.71473313185116,3350.97587587776
PLW,Palau,Other,Unknown,2021,2020,2.6124818577648,2.6124818577648,Moderate (2-5%),-11.9146400192064,12932.0857060233
PNG,Papua New Guinea,Other,Unknown,2021,2020,4.48359014042398,4.48359014042398,Moderate (2-5%),-0.510612607034361,2378.3893914666
POL,Poland,Europe,Unknown,2021,2020,5.05502704719272,5.05502704719272,High (5-10%),6.92718266052501,16368.6239689025
PRE,Pre-demographic dividend,Other,Unknown,2021,2020,4.22278962033194,4.22278962033194,Moderate (2-5%),2.29076410791771,1402.45446054346
PRT,Portugal,Europe,High,2021,2020,1.26565719069044,1.26565719069044,Low (<2%),5.55875672070374,20747.6990734163
PRY,Paraguay,South America,Upper Middle,2021,2020,4.787983101236,4.787983101236,Moderate (2-5%),3.99461510731535,6276.7748423663
PSE,West Bank and Gaza,Other,Unknown,2021,2020,1.23748102831369,1.23748102831369,Low (<2%),7.01198227592003,3051.48607007995
PSS,Pacific island small states,Other,Unknown,2021,2020,2.47788271992717,2.47788271992717,Moderate (2-5%),-2.62004384629151,3430.07442035851
PST,Post-demographic dividend,Other,Unknown,2021,2020,2.50835221473776,2.50835221473776,Moderate (2-5%),5.82057405938134,44440.6342345946
QAT,Qatar,Middle East,High,2021,2020,2.30446565742003,2.30446565742003,Moderate (2-5%),1.62684671918775,65488.5117911123
ROU,Romania,Other,Unknown,2021,2020,5.05232876096582,5.05232876096582,High (5-10%),5.58735072538869,11546.3224998072
RUS,Russian Federation,Europe,Upper Middle,2021,2020,6.69445891957612,6.69445891957612,High (5-10%),5.866491772979,10231.318359375
RWA,Rwanda,Other,Low,2021,2020,-0.391346748300791,-0.391346748300791,Low (<2%),8.41140448646523,871.041835304187
SAS,South Asia,Other,Unknown,2021,2020,5.33853088974918,5.33853088974918,High (5-10%),9.24659959756499,1957.51785298129
SAU,Saudi Arabia,Asia,High,2021,2020,3.06328988941548,3.06328988941548,Moderate (2-5%),6.51959698325419,24922.6716948944
SDN,Sudan,Other,Unknown,2021,2020,359.093040778999,180.13687701067877,Very High (>10%),-1.8685204827207,1009.54888916016
SEN,Senegal,Other,Unknown,2021,2020,2.18032278088147,2.18032278088147,Moderate (2-5%),6.5440010991951,1414.53951093499
SGP,Singapore,Asia,High,2021,2020,2.31610315765146,2.31610315765146,Moderate (2-5%),10.1410845197192,67846.8565377728
SLB,Solomon Islands,Other,Unknown,2021,2020,-0.115437894412839,-0.115437894412839,Low (<2%),-0.227975292792024,1880.5519827183
SLE,Sierra Leone,Other,Unknown,2021,2020,11.8739588840234,11.8739588840234,Very High (>10%),5.8968527047094,1045.7661615758
SLV,El Salvador,Other,Unknown,2021,2020,3.46692585313082,3.46692585313082,Moderate (2-5%),11.9047617015957,4247.54750394978
SMR,San Marino,Other,Unknown,2021,2020,1.61551411551421,1.61551411551421,Low (<2%),13.8977857594089,46834.1172363873
SRB,Serbia,Other,Unknown,2021,2020,4.08510285335102,4.08510285335102,Moderate (2-5%),7.94905650472278,7465.67601077148
SSA,Sub-Saharan Africa (excluding high income),Other,Unknown,2021,2020,4.25936417542868,4.25936417542868,Moderate (2-5%),3.58478965187514,1543.83294885439
SSD,South Sudan,Other,Unknown,2021,2020,10.5167158294358,10.5167158294358,Very High (>10%),,
SSF,Sub-Saharan Africa,Other,Unknown,2021,2020,4.43905481215002,4.43905481215002,Moderate (2-5%),3.58194129290288,1545.11388324435
SST,Small states,Other,Unknown,2021,2020,2.41070312174393,2.41070312174393,Moderate (2-5%),7.29421049896773,10988.3149576582
STP,Sao Tome and Principe,Other,Unknown,2021,2020,8.13777038378732,8.13777038378732,High (5-10%),1.89929891337832,1428.28676097975
SUR,Suriname,Other,Unknown,2021,2020,59.1196626251977,59.1196626251977,Very High (>10%),-2.43538583612838,6973.89941868115
SVK,Slovak Republic,Other,Unknown,2021,2020,3.1496062992126,3.1496062992126,Moderate (2-5%),5.6558588065555,18808.4540496595
SVN,Slovenia,Other,Unknown,2021,2020,1.91706506089269,1.91706506089269,Low (<2%),8.41686457725321,24665.4410464026
SWE,Sweden,Europe,High,2021,2020,2.16319736447143,2.16319736447143,Moderate (2-5%),5.2258643028773,53997.1337068799
SYC,Seychelles,Other,Unknown,2021,2020,9.76909936973542,9.76909936973542,High (5-10%),0.552281631207279,17005.0422063679
TCD,Chad,Other,Unknown,2021,2020,-0.77284437035914,-0.77284437035914,Low (<2%),0.293442648033434,857.52763057976
TEA,East Asia & Pacific (IDA & IBRD countries),Other,Unknown,2021,2020,2.6124818577648,2.6124818577648,Moderate (2-5%),7.71993890573823,9005.51806406365
TEC,Europe & Central Asia (IDA & IBRD countries),Other,Unknown,2021,2020,5.10641129002836,5.10641129002836,High (5-10%),7.59725679517675,9476.65110748915
TGO,Togo,Other,Unknown,2021,2020,4.1862150652352,4.1862150652352,Moderate (2-5%),5.13562929064506,928.301087692897
THA,Thailand,Asia,Upper Middle,2021,2020,1.23104516549814,1.23104516549814,Low (<2%),1.55858232076893,6119.11018526099
TLA,Latin America & the Caribbean (IDA & IBRD countries),Other,Unknown,2021,2020,4.26105127422813,4.26105127422813,Moderate (2-5%),7.27596087772766,8194.51065809746
TLS,Timor-Leste,Other,Unknown,2021,2020,3.69792094666786,3.69792094666786,Moderate (2-5%),5.36980119392668,2015.82039246197
TMN,"Middle East, North Africa, Afghanistan & Pakistan (IDA & IBRD)",Other,Unknown,2021,2020,5.46019980671871,5.46019980671871,High (5-10%),4.31282389000222,2907.14478110535
TON,Tonga,Other,Unknown,2021,2020,5.64051140636743,5.64051140636743,High (5-10%),-0.934919892094683,4612.90086913298
TSA,South Asia (IDA & IBRD),Other,Unknown,2021,2020,5.33853088974918,5.33853088974918,High (5-10%),9.24659959756499,1957.51785298129
TSS,Sub-Saharan Africa (IDA & IBRD countries),Other,Unknown,2021,2020,4.43905481215002,4.43905481215002,Moderate (2-5%),3.58194129290288,1545.11388324435
TTO,Trinidad and Tobago,Other,Unknown,2021,2020,2.05922746915458,2.05922746915458,Moderate (2-5%),-0.716740625909793,15558.0940536829
TUN,Tunisia,Africa,Upper Middle,2021,2020,5.706350208307,5.706350208307,High (5-10%),4.73603648206102,3902.53322990199
TUR,Turkiye,Europe,Upper Middle,2021,2020,19.5964926913324,19.5964926913324,Very High (>10%),11.811094450607,13670.938029516
TZA,Tanzania,Other,Low,2021,2020,3.69091958802199,3.69091958802199,Moderate (2-5%),4.32138429480482,1054.31726074219
UGA,Uganda,Other,Low,2021,2020,2.20457204757414,2.20457204757414,Moderate (2-5%),3.53658034070898,919.401675217265
UKR,Ukraine,Other,Unknown,2021,2020,9.36313917695223,9.36313917695223,High (5-10%),3.44562065945944,2426.6123046875
UMC,Upper middle income,Other,Unknown,2021,2020,3.92718022100332,3.92718022100332,Moderate (2-5%),7.58860883559845,8773.6893792671
URY,Uruguay,South America,High,2021,2020,7.74791402314762,7.74791402314762,High (5-10%),5.84427325018082,17416.0052308469
USA,United States,North America,High,2021,2020,4.69785886363742,4.69785886363742,Moderate (2-5%),6.15202247867526,63096.7856149746
UZB,Uzbekistan,Other,Unknown,2021,2020,10.8492397508122,10.8492397508122,Very High (>10%),8.20448512353877,3951.99657327359
VCT,St. Vincent and the Grenadines,Other,Unknown,2021,2020,1.57272932500558,1.57272932500558,Low (<2%),2.09340124465459,8211.33588012942
VNM,Viet Nam,Asia,Lower Middle,2021,2020,1.83471554810462,1.83471554810462,Low (<2%),2.55372852648131,3358.21734764714
VUT,Vanuatu,Other,Unknown,2021,2020,2.34328358208953,2.34328358208953,Moderate (2-5%),-1.16332488626091,2979.39062838967
WLD,World,Other,Unknown,2021,2020,3.47540320289875,3.47540320289875,Moderate (2-5%),6.48508887596752,11167.6044923385
WSM,Samoa,Other,Unknown,2021,2020,3.13320473174494,3.13320473174494,Moderate (2-5%),-5.04350589708287,4032.1373106241
XKX,Kosovo,Other,Unknown,2021,2020,3.35369139207997,3.35369139207997,Moderate (2-5%),10.7456560819583,4429.87389440857
ZAF,South Africa,Africa,Upper Middle,2021,2020,4.61874544887136,4.61874544887136,Moderate (2-5%),4.85864865060148,5750.90937479584
ZMB,Zambia,Other,Unknown,2021,2020,22.0207676245777,22.0207676245777,Very High (>10%),6.23492204726448,1269.10821808895
ZWE,Zimbabwe,Other,Unknown,2021,2020,98.5461050920624,98.5461050920624,Very High (>10%),8.46801676808001,1312.20001358807
AFE,Africa Eastern and Southern,Other,Unknown,2022,2020,10.8834775726018,10.8834775726018,Very High (>10%),3.66802914041513,1437.09139374966
AFG,Afghanistan,Other,Unknown,2022,2020,13.7121023720065,13.7121023720065,Very High (>10%),-6.24017199240269,377.665627080705
AFW,Africa Western and Central,Other,Unknown,2022,2020,7.94925143524016,7.94925143524016,High (5-10%),4.47710763731639,1761.05945140847
AGO,Angola,Africa,Lower Middle,2022,2020,21.3552901320822,21.3552901320822,Very High (>10%),3.55749206675667,2798.01717317688
ALB,Albania,Other,Unknown,2022,2020,6.72520271530059,6.72520271530059,High (5-10%),4.8268006234359,5867.65096230557
ARB,Arab World,Other,Unknown,2022,2020,5.17222088647606,5.17222088647606,High (5-10%),6.99667634282584,6361.38084442534
ARE,United Arab Emirates,Middle East,High,2022,2020,5.29122604376849,5.29122604376849,High (5-10%),7.51452414254605,41828.5686923546
ARG,Argentina,South America,Upper Middle,2022,2020,72.430757531824,72.430757531824,Very High (>10%),6.02074537534855,13276.8232110189
ARM,Armenia,Other,Unknown,2022,2020,8.64091108973855,8.64091108973855,High (5-10%),12.5999999997766,4791.00481712183
ATG,Antigua and Barbuda,Other,Unknown,2022,2020,7.53107834634288,7.53107834634288,High (5-10%),8.49776342254205,17359.2674811108
AUS,Australia,Oceania,High,2022,2020,6.59409658717841,6.59409658717841,High (5-10%),4.25304559238732,61200.4588964781
AUT,Austria,Europe,High,2022,2020,8.54686993188458,8.54686993188458,High (5-10%),5.33096379400371,47332.4240357971
AZE,Azerbaijan,Other,Unknown,2022,2020,13.8522590144267,13.8522590144267,Very High (>10%),4.71468033247649,5599.58524971025
BDI,Burundi,Other,Unknown,2022,2020,18.8008786664945,18.8008786664945,Very High (>10%),2.31770122350822,263.587550049119
BEL,Belgium,Europe,High,2022,2020,9.597511728725,9.597511728725,High (5-10%),4.02460852835887,44516.002160801
BEN,Benin,Other,Unknown,2022,2020,1.35077863583527,1.35077863583527,Low (<2%),6.25294705373625,1218.49668929091
BFA,Burkina Faso,Other,Unknown,2022,2020,14.2902354303358,14.2902354303358,Very High (>10%),1.62673258211919,740.306319930259
BGD,Bangladesh,Asia,Lower Middle,2022,2020,7.69695437176898,7.69695437176898,High (5-10%),7.09982877575158,1804.3493461776
BGR,Bulgaria,Other,Unknown,2022,2020,15.3252589264367,15.3252589264367,Very High (>10%),4.08386398118941,9598.35828571579
BHR,Bahrain,Middle East,High,2022,2020,3.62574104304482,3.62574104304482,Moderate (2-5%),6.18016125475185,25234.40256182
BHS,"Bahamas, The",Other,Unknown,2022,2020,5.60540633583044,5.60540633583044,High (5-10%),10.8779009410268,32186.4575039237
BIH,Bosnia and Herzegovina,Other,Unknown,2022,2020,14.0208440826771,14.0208440826771,Very High (>10%),4.22681333390325,6327.16206849174
BLR,Belarus,Other,Unknown,2022,2020,15.209675274081,15.209675274081,Very High (>10%),-4.65839591328999,6206.61909685419
BLZ,Belize,Other,Unknown,2022,2020,6.27689319447544,6.27689319447544,High (5-10%),9.25051329530994,6262.56088273674
BOL,Bolivia,South America,Upper Middle,2022,2020,1.74632872945969,1.74632872945969,Low (<2%),3.74741781241461,3088.24126173436
BRA,Brazil,South America,Upper Middle,2022,2020,9.28010608956873,9.28010608956873,High (5-10%),3.01669435393015,9032.08481566299
BRN,Brunei Darussalam,Other,Unknown,2022,2020,3.68225030604216,3.68225030604216,Moderate (2-5%),-1.62833154515108,28549.1756060465
BTN,Bhutan,Other,Unknown,2022,2020,5.6391667139637,5.6391667139637,High (5-10%),5.21386783786224,3349.73309632799
BWA,Botswana,Other,Unknown,2022,2020,11.665567478802,11.665567478802,Very High (>10%),5.48601706446772,7159.5860618268
CAF,Central African Republic,Other,Unknown,2022,2020,5.58316735183247,5.58316735183247,High (5-10%),0.453901876447787,398.91539795642
CAN,Canada,North America,High,2022,2020,6.80280115341613,6.80280115341613,High (5-10%),4.69541985045903,45883.0058941892
CEB,Central Europe and the Baltics,Other,Unknown,2022,2020,14.6081439492433,14.6081439492433,Very High (>10%),4.03989151407053,16396.9966397292
CHE,Switzerland,Europe,High,2022,2020,2.83502798644451,2.83502798644451,Moderate (2-5%),3.53430286842426,93360.440112464
CHL,Chile,South America,High,2022,2020,11.643866711056,11.643866711056,Very High (>10%),2.06391864254198,14275.4094646211
CHN,China,Asia,Upper Middle,2022,2020,1.97357555739051,1.97357555739051,Low (<2%),3.13385438394069,11830.298767861
CIV,Cote d'Ivoire,Africa,Lower Middle,2022,2020,5.23352856100843,5.23352856100843,High (5-10%),6.39988362730921,2227.08197820584
CMR,Cameroon,Africa,Lower Middle,2022,2020,6.24767713343861,6.24767713343861,High (5-10%),3.7367840056412,1458.66180431693
COG,"Congo, Rep.",Other,Unknown,2022,2020,3.04344334698478,3.04344334698478,Moderate (2-5%),1.47535613247133,1686.00234391385
COL,Colombia,South America,Upper Middle,2022,2020,10.1772313546166,10.1772313546166,Very High (>10%),7.32827729427979,6856.72590505374
COM,Comoros,Other,Unknown,2022,2020,12.5320314570999,12.5320314570999,Very High (>10%),2.45381174550259,1366.9513495529
CPV,Cabo Verde,Other,Unknown,2022,2020,7.93092925430087,7.93092925430087,High (5-10%),15.843675684642,3997.76763250653
CRI,Costa Rica,Other,Unknown,2022,2020,8.27477490232654,8.27477490232654,High (5-10%),5.46119455235068,13931.8461614764
CSS,Caribbean small states,Other,Unknown,2022,2020,5.82838638517959,5.82838638517959,High (5-10%),14.7413556305504,15259.8516050593
CYP,Cyprus,Other,Unknown,2022,2020,8.39548297993334,8.39548297993334,High (5-10%),8.73854684881674,31505.2109375
CZE,Czechia,Other,Unknown,2022,2020,15.1001651468371,15.1001651468371,Very High (>10%),2.8471706583814,20627.348651011
DEU,Germany,Europe,High,2022,2020,6.87257438551097,6.87257438551097,High (5-10%),1.8092581243061,44817.1316331389
DJI,Djibouti,Other,Unknown,2022,2020,5.17222088647606,5.17222088647606,High (5-10%),5.16653702854374,2959.78673011268
DMA,Dominica,Other,Unknown,2022,2020,2.88490226829353,2.88490226829353,Moderate (2-5%),10.3968076616121,8590.92209069816
DNK,Denmark,Europe,High,2022,2020,7.6965669988926,7.6965669988926,High (5-10%),0.443832614908331,59108.7449374068
DOM,Dominican Republic,Other,Unknown,2022,2020,8.81109209279587,8.81109209279587,High (5-10%),5.23795652902595,8698.13592094395
DZA,Algeria,Africa,Upper Middle,2022,2020,9.26551551551553,9.26551551551553,High (5-10%),3.60000000094915,4544.46688060372
EAP,East Asia & Pacific (excluding high income),Other,Unknown,2022,2020,5.66964369895446,5.66964369895446,High (5-10%),3.54917734794495,9200.1190748992
EAR,Early-demographic dividend,Other,Unknown,2022,2020,7.19861615609867,7.19861615609867,High (5-10%),6.02429179462496,3676.37654127034
EAS,East Asia & Pacific,Other,Unknown,2022,2020,5.51812928576938,5.51812928576938,High (5-10%),3.05155877820648,12361.4385727479
ECA,Europe & Central Asia (excluding high income),Other,Unknown,2022,2020,13.8875841659221,13.8875841659221,Very High (>10%),3.11188050867233,7972.62807689424
ECS,Europe & Central Asia,Other,Unknown,2022,2020,11.1136121878761,11.1136121878761,Very High (>10%),3.42810235027954,25489.1529254156
ECU,Ecuador,South America,Upper Middle,2022,2020,3.46616972213077,3.46616972213077,Moderate (2-5%),5.86842354862311,6107.49495006543
EGY,"Egypt, Arab Rep.",Africa,Lower Middle,2022,2020,13.8956609775178,13.8956609775178,Very High (>10%),6.58784560870467,4029.78295458204
EMU,Euro area,Other,Unknown,2022,2020,8.54686993188458,8.54686993188458,High (5-10%),3.66468497532753,37533.5524037551
ESP,Spain,Europe,High,2022,2020,8.39057634118637,8.39057634118637,High (5-10%),6.37031712129601,28203.1093419474
EST,Estonia,Other,Unknown,2022,2020,19.3982634080616,19.3982634080616,Very High (>10%),-1.22616966587796,21023.2994937246
ETH,Ethiopia,Africa,Low,2022,2020,33.8898797100898,33.8898797100898,Very High (>10%),5.32175988485454,811.177729337321
EUU,European Union,Other,Unknown,2022,2020,8.83369886749452,8.83369886749452,High (5-10%),3.56455510630462,34606.1111714906
FIN,Finland,Europe,High,2022,2020,7.12350773301412,7.12350773301412,High (5-10%),0.763041912763526,46016.1492103929
FJI,Fiji,Other,Unknown,2022,2020,6.07882431529725,6.07882431529725,High (5-10%),17.7451269773594,5291.51692439451
FRA,France,Europe,High,2022,2020,5.22236748369725,5.22236748369725,High (5-10%),2.71676264185913,38868.3303330557
FSM,"Micronesia, Fed. Sts.",Other,Unknown,2022,2020,5.40874375479067,5.40874375479067,High (5-10%),-3.11412501063803,2928.52464245951
GAB,Gabon,Other,Unknown,2022,2020,4.23124798274579,4.23124798274579,Moderate (2-5%),3.03761449525692,6527.48207901861
GBR,United Kingdom,Europe,High,2022,2020,7.92204883147902,7.92204883147902,High (5-10%),5.14970388522993,48410.095170282
GEO,Georgia,Other,Unknown,2022,2020,11.8981654203198,11.8981654203198,Very High (>10%),10.9585321385624,5736.30449578597
GHA,Ghana,Africa,Unknown,2022,2020,31.2558951049016,31.2558951049016,Very High (>10%),3.80484978178042,2067.20895855521
GIN,Guinea,Other,Unknown,2022,2020,10.4930409984424,10.4930409984424,Very High (>10%),3.97240784200721,987.502501465337
GMB,"Gambia, The",Other,Unknown,2022,2020,11.5131198380505,11.5131198380505,Very High (>10%),5.49299823010114,710.686979216316
GNB,Guinea-Bissau,Other,Unknown,2022,2020,9.39075933985203,9.39075933985203,High (5-10%),5.45776090019501,752.149255217249
GNQ,Equatorial Guinea,Other,Unknown,2022,2020,4.78671704710803,4.78671704710803,Moderate (2-5%),3.22350831658598,5524.24312418579
GRC,Greece,Europe,High,2022,2020,9.64525981280632,9.64525981280632,High (5-10%),5.52198580589408,20550.5049158297
GRD,Grenada,Other,Unknown,2022,2020,2.5805392590792,2.5805392590792,Moderate (2-5%),7.31023806981959,9406.19337643226
GTM,Guatemala,Other,Unknown,2022,2020,6.88512823344287,6.88512823344287,High (5-10%),4.15492196609047,4383.90326160481
GUY,Guyana,Other,Unknown,2022,2020,6.93346066500816,6.93346066500816,High (5-10%),63.3346343654855,17365.3336428642
HIC,High income,Other,Unknown,2022,2020,7.53107834634288,7.53107834634288,High (5-10%),3.1058606935064,41064.1952230136
HKG,"Hong Kong SAR, China",Other,Unknown,2022,2020,1.88136707196853,1.88136707196853,Low (<2%),-3.68528359281325,43281.0067309646
HND,Honduras,Other,Unknown,2022,2020,9.08963911525032,9.08963911525032,High (5-10%),4.14356194013767,2482.22384904714
HPC,Heavily indebted poor countries (HIPC),Other,Unknown,2022,2020,9.65914753785069,9.65914753785069,High (5-10%),4.89961676353468,983.847120090035
HRV,Croatia,Other,Unknown,2022,2020,10.7805806758686,10.7805806758686,Very High (>10%),7.29479114889533,16618.3333786183
HTI,Haiti,Other,Unknown,2022,2020,33.98393194707,33.98393194707,Very High (>10%),-1.68198396897978,1256.72143592448
HUN,Hungary,Other,Unknown,2022,2020,14.6081439492433,14.6081439492433,Very High (>10%),4.15238057779229,16487.7973935944
IBD,IBRD only,Other,Unknown,2022,2020,9.10437983075437,9.10437983075437,High (5-10%),3.76945565506477,6950.42582854395
IBT,IDA & IBRD total,Other,Unknown,2022,2020,9.08963911525032,9.08963911525032,High (5-10%),3.8271063174832,5440.77771363889
IDA,IDA total,Other,Unknown,2022,2020,8.6807215073403,8.6807215073403,High (5-10%),4.56135207487173,1452.67025448891
IDB,IDA blend,Other,Unknown,2022,2020,6.64110132423665,6.64110132423665,High (5-10%),4.82256296455954,2043.42372895199
IDN,Indonesia,Asia,Lower Middle,2022,2020,4.20946463714784,4.20946463714784,Moderate (2-5%),5.30719722664799,4024.91225288391
IDX,IDA only,Other,Unknown,2022,2020,9.57337118555953,9.57337118555953,High (5-10%),4.31005230149408,1135.34471641403
IND,India,Asia,Lower Middle,2022,2020,6.69903414079858,6.69903414079858,High (5-10%),7.6093649776932,2098.21124476122
IRL,Ireland,Europe,High,2022,2020,7.82945736434105,7.82945736434105,High (5-10%),7.51113888415304,97793.5366671697
IRN,"Iran, Islamic Rep.",Asia,Lower Middle,2022,2020,43.4884641742179,43.4884641742179,Very High (>10%),4.35281087521344,5465.31447539413
IRQ,Iraq,Middle East,Unknown,2022,2020,4.9947659638103,4.9947659638103,Moderate (2-5%),7.95904804990212,4412.99733146512
ISL,Iceland,Other,Unknown,2022,2020,8.30875511558912,8.30875511558912,High (5-10%),8.85729897856851,57626.2533717585
ISR,Israel,Europe,High,2022,2020,4.41162725488371,4.41162725488371,Moderate (2-5%),6.36407234798706,42539.2748766689
ITA,Italy,Europe,High,2022,2020,8.20128991161718,8.20128991161718,High (5-10%),4.82117669913565,33891.8866526216
JAM,Jamaica,Other,Unknown,2022,2020,10.3495688391272,10.3495688391272,Very High (>10%),6.43930323656186,5965.46127464873
JOR,Jordan,Other,Unknown,2022,2020,4.22915568897117,4.22915568897117,Moderate (2-5%),2.7468615450031,4309.61432856804
JPN,Japan,Asia,High,2022,2020,2.49770278172255,2.49770278172255,Moderate (2-5%),1.33164750653741,37448.3504824849
KAZ,Kazakhstan,Other,Unknown,2022,2020,15.0278644440851,15.0278644440851,Very High (>10%),3.19999999970734,11058.3482413407
KEN,Kenya,Africa,Low,2022,2020,7.65986268272224,7.65986268272224,High (5-10%),4.85998104287999,1747.53198804428
KGZ,Kyrgyz Republic,Other,Unknown,2022,2020,13.9229093174176,13.9229093174176,Very High (>10%),8.96750520041391,1212.17812721768
KHM,Cambodia,Other,Unknown,2022,2020,5.34370264895437,5.34370264895437,High (5-10%),5.12990110773977,2011.27433313262
KIR,Kiribati,Other,Unknown,2022,2020,5.34595440908904,5.34595440908904,High (5-10%),5.08982035928143,1960.15475844976
KNA,St. Kitts and Nevis,Other,Unknown,2022,2020,2.66817533111249,2.66817533111249,Moderate (2-5%),10.4804941546807,21050.758653729
KOR,"Korea, Rep.",Asia,High,2022,2020,5.08951365062842,5.08951365062842,High (5-10%),2.72756456708991,35809.0138105144
KWT,Kuwait,Middle East,High,2022,2020,3.98064961990313,3.98064961990313,Moderate (2-5%),6.75866711966617,26579.8321646876
LAC,Latin America & Caribbean (excluding high income),Other,Unknown,2022,2020,8.81109209279587,8.81109209279587,High (5-10%),3.97595959337909,8089.0443057316
LAO,Lao PDR,Other,Unknown,2022,2020,22.9562225132056,22.9562225132056,Very High (>10%),2.70742652643155,2589.05015191628
LBN,Lebanon,Other,Unknown,2022,2020,171.205491336641,171.205491336641,Very High (>10%),-0.621678970663112,5909.03651555028
LBR,Liberia,Other,Unknown,2022,2020,7.59298486560313,7.59298486560313,High (5-10%),4.80810517290655,638.005183858289
LBY,Libya,Other,Unknown,2022,2020,4.51030149235695,4.51030149235695,Moderate (2-5%),-8.29981811198795,7002.68189296358
LCA,St. Lucia,Other,Unknown,2022,2020,9.65268564265764,9.65268564265764,High (5-10%),19.3456795355342,11258.6110790564
LCN,Latin America & Caribbean,Other,Unknown,2022,2020,8.08552554700602,8.08552554700602,High (5-10%),4.09058657203177,8606.55427761644
LDC,Least developed countries: UN classification,Other,Unknown,2022,2020,9.45801281304023,9.45801281304023,High (5-10%),4.71510989192116,1066.56260269683
LIC,Low income,Other,Unknown,2022,2020,10.2794018093421,10.2794018093421,Very High (>10%),3.73264703552607,707.920608976212
LKA,Sri Lanka,Asia,Lower Middle,2022,2020,49.7211021114327,49.7211021114327,Very High (>10%),-7.34919311146656,4033.14560306744
LMC,Lower middle income,Other,Unknown,2022,2020,7.96757361617945,7.96757361617945,High (5-10%),6.27876038879147,2100.10158614282
LMY,Low & middle income,Other,Unknown,2022,2020,8.81109209279587,8.81109209279587,High (5-10%),4.00803776152725,5170.6906311666
LSO,Lesotho,Other,Unknown,2022,2020,8.27180389943028,8.27180389943028,High (5-10%),2.38778020186284,967.51928598325
LTE,Late-demographic dividend,Other,Unknown,2022,2020,9.10437983075437,9.10437983075437,High (5-10%),3.28975241103197,10941.9407766362
LTU,Lithuania,Other,Unknown,2022,2020,19.7050461518394,19.7050461518394,Very High (>10%),2.46532013155011,18873.8427527274
LUX,Luxembourg,Other,Unknown,2022,2020,6.33600807777919,6.33600807777919,High (5-10%),-1.09741256293819,107467.123965307
LVA,Latvia,Other,Unknown,2022,2020,17.3102830198815,17.3102830198815,Very High (>10%),1.90853419029801,16421.3748596
MAC,"Macao SAR, China",Other,Unknown,2022,2020,1.04502802369954,1.04502802369954,Low (<2%),-18.956941494497,34000.7134128308
MAR,Morocco,Africa,Lower Middle,2022,2020,6.65704202759067,6.65704202759067,High (5-10%),1.81269242194809,3334.91162109375
MDA,Moldova,Other,Unknown,2022,2020,28.7372976766236,28.7372976766236,Very High (>10%),-4.64785101037361,3610.14315344719
MDG,Madagascar,Other,Unknown,2022,2020,8.16059031991844,8.16059031991844,High (5-10%),4.13753534956307,438.438112102315
MDV,Maldives,Other,Unknown,2022,2020,2.3305404647725,2.3305404647725,Moderate (2-5%),13.8260895184139,10939.9963271738
MEA,"Middle East, North Africa, Afghanistan & Pakistan",Other,Unknown,2022,2020,5.17222088647606,5.17222088647606,High (5-10%),6.44954466678931,5446.99294793607
MEX,Mexico,North America,Upper Middle,2022,2020,7.8962761916855,7.8962761916855,High (5-10%),3.70975708309098,10013.2479227064
MIC,Middle income,Other,Unknown,2022,2020,8.32008377271927,8.32008377271927,High (5-10%),4.01198144032888,5707.56983867332
MKD,North Macedonia,Other,Unknown,2022,2020,14.2047173195833,14.2047173195833,Very High (>10%),2.75888415332967,6250.62720952063
MLI,Mali,Other,Unknown,2022,2020,9.62147608489064,9.62147608489064,High (5-10%),3.70319027585386,877.817842434642
MLT,Malta,Other,Unknown,2022,2020,6.15375621933037,6.15375621933037,High (5-10%),2.59276776884379,31447.3917315418
MNA,"Middle East, North Africa, Afghanistan & Pakistan (excluding high income)",Other,Unknown,2022,2020,8.30646124447623,8.30646124447623,High (5-10%),4.3206385298363,2982.78335555639
MNE,Montenegro,Other,Unknown,2022,2020,13.0403036347004,13.0403036347004,Very High (>10%),7.73954689516201,7773.59958791074
MNG,Mongolia,Other,Unknown,2022,2020,15.1509728200805,15.1509728200805,Very High (>10%),5.0327096366527,4205.88554513551
MOZ,Mozambique,Other,Low,2022,2020,10.2794018093421,10.2794018093421,Very High (>10%),4.3693080193804,596.086630918965
MRT,Mauritania,Other,Unknown,2022,2020,9.52526628622843,9.52526628622843,High (5-10%),6.7960049994761,1580.70391528747
MUS,Mauritius,Other,Unknown,2022,2020,10.7737512242899,10.7737512242899,Very High (>10%),8.3424438025047,10703.2364271462
MWI,Malawi,Other,Low,2022,2020,20.953969729969,20.953969729969,Very High (>10%),0.921115069005936,560.635759714941
MYS,Malaysia,Asia,Upper Middle,2022,2020,3.37869862549928,3.37869862549928,Moderate (2-5%),9.03173723044451,11191.6511756943
NAC,North America,Other,Unknown,2022,2020,7.40280048696867,7.40280048696867,High (5-10%),2.68881207167273,62404.6210602795
NAM,Namibia,Other,Unknown,2022,2020,6.08128114112413,6.08128114112413,High (5-10%),5.3987247803654,3905.55135268164
NER,Niger,Other,Unknown,2022,2020,4.22621791916392,4.22621791916392,Moderate (2-5%),12.2215497467041,565.873385794358
NGA,Nigeria,Africa,Low,2022,2020,18.8471877843274,18.8471877843274,Very High (>10%),4.31882949157136,2254.29080414598
NIC,Nicaragua,Other,Unknown,2022,2020,10.4674244465991,10.4674244465991,Very High (>10%),3.55027477135765,2175.73845893874
NLD,Netherlands,Europe,High,2022,2020,10.0012078753473,10.0012078753473,Very High (>10%),5.00723453395074,51777.5314828276
NOR,Norway,Europe,High,2022,2020,5.76412317852272,5.76412317852272,High (5-10%),4.08039770659241,83756.7383805061
NPL,Nepal,Asia,Lower Middle,2022,2020,7.6702057938028,7.6702057938028,High (5-10%),5.6313145568451,1113.55462341223
NZL,New Zealand,Oceania,High,2022,2020,7.17222476016441,7.17222476016441,High (5-10%),3.34521847792682,42716.0866783034
OED,OECD members,Other,Unknown,2022,2020,8.23803240697186,8.23803240697186,High (5-10%),3.15854809219758,39804.662496136
OMN,Oman,Middle East,High,2022,2020,2.5061425061425,2.5061425061425,Moderate (2-5%),7.98570728354278,18792.4460565306
OSS,Other small states,Other,Unknown,2022,2020,7.46811935414937,7.46811935414937,High (5-10%),4.39868942923867,12090.2779307406
PAK,Pakistan,Asia,Lower Middle,2022,2020,19.8738599646655,19.8738599646655,Very High (>10%),4.7781068690358,1642.28066974826
PAN,Panama,Other,Unknown,2022,2020,2.85965128834711,2.85965128834711,Moderate (2-5%),11.0386022908773,15956.0671087873
PER,Peru,South America,Upper Middle,2022,2020,8.33370630096231,8.33370630096231,High (5-10%),2.81819976419922,6671.28902042137
PHL,Philippines,Asia,Lower Middle,2022,2020,5.82115811213955,5.82115811213955,High (5-10%),7.58098212785563,3577.70136573244
PLW,Palau,Other,Unknown,2022,2020,12.3526638378124,12.3526638378124,Very High (>10%),-0.462879543823192,12889.6216058288
PNG,Papua New Guinea,Other,Unknown,2022,2020,5.25323922215241,5.25323922215241,High (5-10%),5.70701964996525,2467.24008628973
POL,Poland,Europe,Unknown,2022,2020,14.4294507575758,14.4294507575758,Very High (>10%),5.25545697386036,17303.64494323
PRE,Pre-demographic dividend,Other,Unknown,2022,2020,8.77567482988523,8.77567482988523,High (5-10%),4.63522422118558,1430.90365853734
PRT,Portugal,Europe,High,2022,2020,7.83269124233323,7.83269124233323,High (5-10%),6.98584137580278,22042.8680283647
PRY,Paraguay,South America,Upper Middle,2022,2020,9.76556667164402,9.76556667164402,High (5-10%),-0.0280771723899278,6204.20811531911
PSE,West Bank and Gaza,Other,Unknown,2022,2020,3.74122391852077,3.74122391852077,Moderate (2-5%),4.08276027347105,3099.9609010368
PSS,Pacific island small states,Other,Unknown,2022,2020,6.37906506708423,6.37906506708423,High (5-10%),8.33511772575022,3673.22544665674
PST,Post-demographic dividend,Other,Unknown,2022,2020,7.87737003690613,7.87737003690613,High (5-10%),2.86042677787768,45677.3513142375
QAT,Qatar,Middle East,High,2022,2020,4.99527553740761,4.99527553740761,Moderate (2-5%),4.18500970982862,64315.6263643699
ROU,Romania,Other,Unknown,2022,2020,13.7954887432521,13.7954887432521,Very High (>10%),4.18771305104109,12076.3033811896
RUS,Russian Federation,Europe,Upper Middle,2022,2020,13.7436797398232,13.7436797398232,Very High (>10%),-1.43537063467896,10119.115234375
RWA,Rwanda,Other,Low,2022,2020,17.6892095588153,17.6892095588153,Very High (>10%),9.82497394651698,935.89483254264
SAS,South Asia,Other,Unknown,2022,2020,7.18461996730069,7.18461996730069,High (5-10%),7.10115392414392,2079.70096039385
SAU,Saudi Arabia,Asia,High,2022,2020,2.47407371925372,2.47407371925372,Moderate (2-5%),12.0005874752929,26706.917926066
SDN,Sudan,Other,Unknown,2022,2020,138.80846024176,138.80846024176,Very High (>10%),-0.957816591119183,973.225280761719
SEN,Senegal,Other,Unknown,2022,2020,9.69681899081073,9.69681899081073,High (5-10%),3.85043193752725,1433.19918752288
SGP,Singapore,Asia,High,2022,2020,6.13095418919732,6.13095418919732,High (5-10%),4.01027884472296,68271.0897525302
SLB,Solomon Islands,Other,Unknown,2022,2020,5.51812928576938,5.51812928576938,High (5-10%),-2.58448361755723,1788.61727922057
SLE,Sierra Leone,Other,Unknown,2022,2020,27.2082883814653,27.2082883814653,Very High (>10%),5.3135546141915,1077.08884538507
SLV,El Salvador,Other,Unknown,2022,2020,7.19861615609867,7.19861615609867,High (5-10%),2.9546041089332,4355.96037108555
SMR,San Marino,Other,Unknown,2022,2020,5.32545321311365,5.32545321311365,High (5-10%),7.89844678230362,51277.3242468583
SRB,Serbia,Other,Unknown,2022,2020,11.9815117344703,11.9815117344703,Very High (>10%),2.70347705543654,7862.95387364846
SSA,Sub-Saharan Africa (excluding high income),Other,Unknown,2022,2020,9.52526628622843,9.52526628622843,High (5-10%),4.02837470360804,1566.66436596342
SSD,South Sudan,Other,Unknown,2022,2020,-6.68732094212668,-6.68732094212668,Low (<2%),,
SSF,Sub-Saharan Africa,Other,Unknown,2022,2020,9.45801281304023,9.45801281304023,High (5-10%),4.03371066956886,1568.02152788113
SST,Small states,Other,Unknown,2022,2020,6.27689319447544,6.27689319447544,High (5-10%),7.42838535135735,11682.1880704072
STP,Sao Tome and Principe,Other,Unknown,2022,2020,18.0056351122841,18.0056351122841,Very High (>10%),0.168698492216564,1403.23356704678
SUR,Suriname,Other,Unknown,2022,2020,52.446027276241,52.446027276241,Very High (>10%),2.40622235601218,7081.33357325783
SVK,Slovak Republic,Other,Unknown,2022,2020,12.7741463637611,12.7741463637611,Very High (>10%),0.544591632137454,18964.8298400624
SVN,Slovenia,Other,Unknown,2022,2020,8.83369886749452,8.83369886749452,High (5-10%),2.66850555542486,25275.715967757
SWE,Sweden,Europe,High,2022,2020,8.36929098869189,8.36929098869189,High (5-10%),1.25543620445816,54304.1877501033
SYC,Seychelles,Other,Unknown,2022,2020,2.6260363285129,2.6260363285129,Moderate (2-5%),9.88048366355446,15471.2109575418
TCD,Chad,Other,Unknown,2022,2020,5.78802687843616,5.78802687843616,High (5-10%),4.12969897668356,862.602128172536
TEA,East Asia & Pacific (IDA & IBRD countries),Other,Unknown,2022,2020,5.82115811213955,5.82115811213955,High (5-10%),3.5491103392587,9303.40405088781
TEC,Europe & Central Asia (IDA & IBRD countries),Other,Unknown,2022,2020,13.8522590144267,13.8522590144267,Very High (>10%),1.97113681599863,9708.77674684136
TGO,Togo,Other,Unknown,2022,2020,7.96757361617945,7.96757361617945,High (5-10%),6.29443692019429,970.535975822983
THA,Thailand,Asia,Upper Middle,2022,2020,6.07589952842433,6.07589952842433,High (5-10%),2.63784213566305,6279.82250415973
TLA,Latin America & the Caribbean (IDA & IBRD countries),Other,Unknown,2022,2020,8.27477490232654,8.27477490232654,High (5-10%),4.12386672781881,8479.2645101924
TLS,Timor-Leste,Other,Unknown,2022,2020,7.00530945399787,7.00530945399787,High (5-10%),-20.5224802314812,1579.71084680858
TMN,"Middle East, North Africa, Afghanistan & Pakistan (IDA & IBRD)",Other,Unknown,2022,2020,8.78598837999588,8.78598837999588,High (5-10%),4.3223956322189,2981.95267795857
TON,Tonga,Other,Unknown,2022,2020,10.9713652903022,10.9713652903022,Very High (>10%),-2.12854876486114,4533.96809820124
TSA,South Asia (IDA & IBRD),Other,Unknown,2022,2020,7.18461996730069,7.18461996730069,High (5-10%),7.10115392414392,2079.70096039385
TSS,Sub-Saharan Africa (IDA & IBRD countries),Other,Unknown,2022,2020,9.45801281304023,9.45801281304023,High (5-10%),4.03371066956888,1568.02152788113
TTO,Trinidad and Tobago,Other,Unknown,2022,2020,5.82838638517959,5.82838638517959,High (5-10%),0.86126082651883,15712.230497272
TUN,Tunisia,Africa,Upper Middle,2022,2020,8.30646124447623,8.30646124447623,High (5-10%),2.75228761004381,3986.54558325666
TUR,Turkiye,Europe,Upper Middle,2022,2020,72.3088359891207,72.3088359891207,Very High (>10%),5.44122511322401,14273.5747654873
TZA,Tanzania,Other,Low,2022,2020,4.35027204269101,4.35027204269101,Moderate (2-5%),4.56600576430955,1070.58532714844
UGA,Uganda,Other,Low,2022,2020,7.1957888597581,7.1957888597581,High (5-10%),4.58802192181773,933.094056370423
UKR,Ukraine,Other,Unknown,2022,2020,20.1836366617478,20.1836366617478,Very High (>10%),-28.7585842155085,1874.66296386719
UMC,Upper middle income,Other,Unknown,2022,2020,8.81109209279587,8.81109209279587,High (5-10%),3.53652312476997,9057.3896482151
URY,Uruguay,South America,High,2022,2020,9.10437983075437,9.10437983075437,High (5-10%),4.60623000920732,18249.2912168828
USA,United States,North America,High,2022,2020,8.00279982052121,8.00279982052121,High (5-10%),2.52421385073222,64322.2332819139
UZB,Uzbekistan,Other,Unknown,2022,2020,11.4466436998836,11.4466436998836,Very High (>10%),6.08592335737373,4109.08421031655
VCT,St. Vincent and the Grenadines,Other,Unknown,2022,2020,5.66009779226552,5.66009779226552,High (5-10%),3.1108330034352,8532.7381341339
VNM,Viet Nam,Asia,Lower Middle,2022,2020,3.15650749963112,3.15650749963112,Moderate (2-5%),8.53750041218142,3617.66311280437
VUT,Vanuatu,Other,Unknown,2022,2020,6.67930581887121,6.67930581887121,High (5-10%),5.59195729750803,3073.86062658113
WLD,World,Other,Unknown,2022,2020,8.08169507021982,8.08169507021982,High (5-10%),3.44001097265647,11452.0202124616
WSM,Samoa,Other,Unknown,2022,2020,10.9618822286844,10.9618822286844,Very High (>10%),2.26705310780669,4095.15875576978
XKX,Kosovo,Other,Unknown,2022,2020,11.5805104542012,11.5805104542012,Very High (>10%),4.27849895827543,4666.38918595784
ZAF,South Africa,Africa,Upper Middle,2022,2020,7.03987272546482,7.03987272546482,High (5-10%),2.05813661692193,5786.86505344736
ZMB,Zambia,Other,Unknown,2022,2020,10.9932039209136,10.9932039209136,Very High (>10%),5.21122360356247,1298.8480495593
ZWE,Zimbabwe,Other,Unknown,2022,2020,104.705170628667,104.705170628667,Very High (>10%),6.13926327570213,1369.19761495571
AFE,Africa Eastern and Southern,Other,Unknown,2023,2020,7.39918558080627,7.39918558080627,High (5-10%),1.94138157772015,1428.54623843676
AFG,Afghanistan,Other,Unknown,2023,2020,-4.64470870797775,-4.64470870797775,Low (<2%),2.26694373649188,378.06630312259
AFW,Africa Western and Central,Other,Unknown,2023,2020,5.22116801324002,5.22116801324002,High (5-10%),3.64459087867006,1782.32607004266
AGO,Angola,Africa,Lower Middle,2023,2020,13.6441017767715,13.6441017767715,Very High (>10%),1.32016587081031,2748.95196954248
ALB,Albania,Other,Unknown,2023,2020,4.75834555150038,4.75834555150038,Moderate (2-5%),4.01541716935742,6204.43525612114
ARB,Arab World,Other,Unknown,2023,2020,4.00025877060152,4.00025877060152,Moderate (2-5%),1.6487292798157,6322.02558331114
ARE,United Arab Emirates,Middle East,High,2023,2020,1.62670837213248,1.62670837213248,Low (<2%),4.30113648499413,41926.5773498407
ARG,Argentina,South America,Upper Middle,2023,2020,133.488935594175,133.488935594175,Very High (>10%),-1.85578803046339,12993.0928872416
ARM,Armenia,Other,Unknown,2023,2020,1.98041877615554,1.98041877615554,Low (<2%),8.29999999959539,5197.23509013575
ATG,Antigua and Barbuda,Other,Unknown,2023,2020,5.06713865364213,5.06713865364213,High (5-10%),3.86550160079324,17938.3186828047
AUS,Australia,Oceania,High,2023,2020,5.59701792296707,5.59701792296707,High (5-10%),3.58382100798981,61869.082498576
AUT,Austria,Europe,High,2023,2020,7.81413417002831,7.81413417002831,High (5-10%),-0.786244288594673,46497.9114640341
AZE,Azerbaijan,Other,Unknown,2023,2020,8.78543049849081,8.78543049849081,High (5-10%),1.35447749115767,5668.61021317029
BDI,Burundi,Other,Unknown,2023,2020,26.9414835762453,26.9414835762453,Very High (>10%),3.25476897326196,264.84330794512
BEL,Belgium,Europe,High,2023,2020,4.04901077613941,4.04901077613941,Moderate (2-5%),1.56125539542029,44828.2274521244
BEN,Benin,Other,Unknown,2023,2020,2.73870078406075,2.73870078406075,Moderate (2-5%),6.3527773854442,1263.62158336368
BFA,Burkina Faso,Other,Unknown,2023,2020,0.742910428668918,0.742910428668918,Low (<2%),3.00027415814125,745.405334618409
BGD,Bangladesh,Asia,Lower Middle,2023,2020,9.8835030377921,9.8835030377921,High (5-10%),5.77511237007889,1885.37733613545
BGR,Bulgaria,Other,Unknown,2023,2020,9.44284140088564,9.44284140088564,High (5-10%),1.68151075832925,9787.76510584614
BHR,Bahrain,Middle East,High,2023,2020,0.0746206782192256,0.0746206782192256,Low (<2%),3.87811614845566,25342.6226641572
BHS,"Bahamas, The",Other,Unknown,2023,2020,3.05291578969743,3.05291578969743,Moderate (2-5%),3.04824180553773,33009.645615121
BIH,Bosnia and Herzegovina,Other,Unknown,2023,2020,6.1059011284828,6.1059011284828,High (5-10%),1.99439414850893,6493.32400514463
BLR,Belarus,Other,Unknown,2023,2020,5.0005990309131,5.0005990309131,High (5-10%),4.12654007153881,6497.78450683592
BLZ,Belize,Other,Unknown,2023,2020,4.38984017487675,4.38984017487675,Moderate (2-5%),0.500127941638667,6165.69414825936
BOL,Bolivia,South America,Upper Middle,2023,2020,2.57688800489192,2.57688800489192,Moderate (2-5%),2.51636590154891,3122.77049466223
BRA,Brazil,South America,Upper Middle,2023,2020,4.59356282283204,4.59356282283204,Moderate (2-5%),3.24165532906981,9288.02701470069
BRB,Barbados,Other,Unknown,2023,2020,3.18718905472632,3.18718905472632,Moderate (2-5%),1.81419817804516,21701.2660270701
BRN,Brunei Darussalam,Other,Unknown,2023,2020,0.35706431153689,0.35706431153689,Low (<2%),1.12764418162719,28645.9645396284
BTN,Bhutan,Other,Unknown,2023,2020,4.22934419929251,4.22934419929251,Moderate (2-5%),4.63215702969933,3480.51388523184
BWA,Botswana,Other,Unknown,2023,2020,5.0676154934383,5.0676154934383,High (5-10%),3.20806812224438,7269.05170664457
CAF,Central African Republic,Other,Unknown,2023,2020,2.97913852618937,2.97913852618937,Moderate (2-5%),0.69996840076054,397.467795750451
CAN,Canada,North America,High,2023,2020,3.87900159788426,3.87900159788426,Moderate (2-5%),1.95308552199025,45495.5100892605
CEB,Central Europe and the Baltics,Other,Unknown,2023,2020,9.44284140088564,9.44284140088564,High (5-10%),0.720328299990356,16496.6728779092
CHE,Switzerland,Europe,High,2023,2020,2.13540088016387,2.13540088016387,Moderate (2-5%),0.825560934124624,92947.9424441568
CHL,Chile,South America,High,2023,2020,7.58168251407962,7.58168251407962,High (5-10%),0.677024831595858,14294.7106635595
CHN,China,Asia,Upper Middle,2023,2020,0.234836828893051,0.234836828893051,Low (<2%),5.41600334492955,12483.9791101249
CIV,Cote d'Ivoire,Africa,Lower Middle,2023,2020,4.36972254867474,4.36972254867474,Moderate (2-5%),6.60000045209176,2315.36434710324
CMR,Cameroon,Africa,Lower Middle,2023,2020,7.38281384280984,7.38281384280984,High (5-10%),3.34756290750219,1468.17837007337
COG,"Congo, Rep.",Other,Unknown,2023,2020,4.30174563591016,4.30174563591016,Moderate (2-5%),1.90686426346754,1677.08549205924
COL,Colombia,South America,Upper Middle,2023,2020,11.7359044948689,11.7359044948689,Very High (>10%),0.841819555752039,6837.37392084534
COM,Comoros,Other,Unknown,2023,2020,8.37373955490996,8.37373955490996,High (5-10%),3.1866131800554,1383.64201759575
CPV,Cabo Verde,Other,Unknown,2023,2020,3.72437517668748,3.72437517668748,Moderate (2-5%),4.7947613911073,4168.67748407593
CRI,Costa Rica,Other,Unknown,2023,2020,0.525193508693455,0.525193508693455,Low (<2%),4.79187732359398,14531.5005137466
CSS,Caribbean small states,Other,Unknown,2023,2020,4.10449281822017,4.10449281822017,Moderate (2-5%),8.80514656985758,16520.5066629775
CYP,Cyprus,Other,Unknown,2023,2020,3.54134188751646,3.54134188751646,Moderate (2-5%),3.62045368236082,32022.01953125
CZE,Czechia,Other,Unknown,2023,2020,10.6612601372427,10.6612601372427,Very High (>10%),0.0475803308973752,20272.5874017334
DEU,Germany,Europe,High,2023,2020,5.94643667725823,5.94643667725823,High (5-10%),-0.869647578573321,44368.9920074881
DJI,Djibouti,Other,Unknown,2023,2020,1.44905087029086,1.44905087029086,Low (<2%),6.80733529403308,3117.8155381531
DMA,Dominica,Other,Unknown,2023,2020,5.08677483158112,5.08677483158112,High (5-10%),3.65221012208734,8946.98822588042
DNK,Denmark,Europe,High,2023,2020,3.30517811237606,3.30517811237606,Moderate (2-5%),0.604587766175584,59026.9843650999
DOM,Dominican Republic,Other,Unknown,2023,2020,4.78561281021135,4.78561281021135,Moderate (2-5%),2.19229848237939,8809.96335385949
DZA,Algeria,Africa,Upper Middle,2023,2020,9.32217375928322,9.32217375928322,High (5-10%),4.10000000005964,4660.40545687895
EAP,East Asia & Pacific (excluding high income),Other,Unknown,2023,2020,5.88585897042164,5.88585897042164,High (5-10%),5.26014161362973,9666.08432645256
EAR,Early-demographic dividend,Other,Unknown,2023,2020,5.88585897042164,5.88585897042164,High (5-10%),4.12336017326531,3783.31364991383
EAS,East Asia & Pacific,Other,Unknown,2023,2020,4.25155508842779,4.25155508842779,Moderate (2-5%),4.07119548974431,12838.6681574645
ECA,Europe & Central Asia (excluding high income),Other,Unknown,2023,2020,9.07365149809048,9.07365149809048,High (5-10%),5.05062997543834,8435.75381106955
ECS,Europe & Central Asia,Other,Unknown,2023,2020,7.12042212089904,7.12042212089904,High (5-10%),1.04695405528739,25741.0380070691
ECU,Ecuador,South America,Upper Middle,2023,2020,2.21568764237058,2.21568764237058,Moderate (2-5%),1.8328406107788,6165.40977555695
EGY,"Egypt, Arab Rep.",Africa,Lower Middle,2023,2020,33.8847763115546,33.8847763115546,Very High (>10%),3.76028052279247,4111.3118479018
EMU,Euro area,Other,Unknown,2023,2020,5.94643667725823,5.94643667725823,High (5-10%),0.460070365687699,37542.8850711276
ESP,Spain,Europe,High,2023,2020,3.53236133492433,3.53236133492433,Moderate (2-5%),2.46085796805582,28558.6319817501
EST,Estonia,Other,Unknown,2023,2020,9.15922507983982,9.15922507983982,High (5-10%),-2.74421914571231,20126.3730486957
ETH,Ethiopia,Africa,Low,2023,2020,30.2188278135278,30.2188278135278,Very High (>10%),6.59424599054353,842.446604881663
EUU,European Union,Other,Unknown,2023,2020,6.29942487419125,6.29942487419125,High (5-10%),0.4380089249495,34626.5282460477
FIN,Finland,Europe,High,2023,2020,6.25064322154763,6.25064322154763,High (5-10%),-1.28973484453397,45196.4814400136
FJI,Fiji,Other,Unknown,2023,2020,2.97544080604539,2.97544080604539,Moderate (2-5%),9.44245856738313,5761.56947891018
FRA,France,Europe,High,2023,2020,4.8783572650844,4.8783572650844,Moderate (2-5%),1.43921494437743,39319.4152227295
GAB,Gabon,Other,Unknown,2023,2020,3.62901534185376,3.62901534185376,Moderate (2-5%),2.43893665041031,6541.25368618042
GBR,United Kingdom,Europe,High,2023,2020,6.79396706793963,6.79396706793963,High (5-10%),0.271650048355255,47911.1540134832
GEO,Georgia,Other,Unknown,2023,2020,2.48776056578715,2.48776056578715,Moderate (2-5%),7.83220126555726,6180.6206023429
GHA,Ghana,Africa,Unknown,2023,2020,38.1069656296501,38.1069656296501,Very High (>10%),3.14009100080186,2091.81335596465
GIN,Guinea,Other,Unknown,2023,2020,7.80497591927973,7.80497591927973,High (5-10%),5.54172668627702,1016.88094800324
GMB,"Gambia, The",Other,Unknown,2023,2020,16.9742129632327,16.9742129632327,Very High (>10%),5.91679576551141,735.612384062616
GNB,Guinea-Bissau,Other,Unknown,2023,2020,7.10220928557059,7.10220928557059,High (5-10%),4.63052364601562,769.504652461795
GNQ,Equatorial Guinea,Other,Unknown,2023,2020,2.85949506037322,2.85949506037322,Moderate (2-5%),-7.4250553172124,4992.26076814571
GRC,Greece,Europe,High,2023,2020,3.46480128513405,3.46480128513405,Moderate (2-5%),2.13591131996631,21050.8648111581
GRD,Grenada,Other,Unknown,2023,2020,2.69612269814564,2.69612269814564,Moderate (2-5%),4.52657497450693,9817.86383583917
GTM,Guatemala,Other,Unknown,2023,2020,6.20657592272126,6.20657592272126,High (5-10%),3.52430434049013,4469.05514652918
GUY,Guyana,Other,Unknown,2023,2020,2.82159393090811,2.82159393090811,Moderate (2-5%),33.795011115873,23101.3538282741
HIC,High income,Other,Unknown,2023,2020,4.73151302622883,4.73151302622883,Moderate (2-5%),1.79534582183456,41501.2948730887
HKG,"Hong Kong SAR, China",Other,Unknown,2023,2020,2.09660511249089,2.09660511249089,Moderate (2-5%),3.15034461759902,43518.9311789918
HND,Honduras,Other,Unknown,2023,2020,6.66325180347463,6.66325180347463,High (5-10%),3.57584760454412,2527.27366333188
HPC,Heavily indebted poor countries (HIPC),Other,Unknown,2023,2020,7.12697482131851,7.12697482131851,High (5-10%),3.48241783540763,992.174917021435
HRV,Croatia,Other,Unknown,2023,2020,7.94128177586822,7.94128177586822,High (5-10%),3.76204092717136,17225.4504515697
HTI,Haiti,Other,Unknown,2023,2020,36.8135162780854,36.8135162780854,Very High (>10%),-1.86388420254838,1219.11871645847
HUN,Hungary,Other,Unknown,2023,2020,17.1249659678737,17.1249659678737,Very High (>10%),-0.817107370513455,16375.0462724192
IBD,IBRD only,Other,Unknown,2023,2020,5.87451911590197,5.87451911590197,High (5-10%),4.63911789010562,7237.59788175414
IBT,IDA & IBRD total,Other,Unknown,2023,2020,6.09114152504141,6.09114152504141,High (5-10%),4.52590057203417,5634.16482692317
IDA,IDA total,Other,Unknown,2023,2020,7.10220928557059,7.10220928557059,High (5-10%),3.09487183510299,1466.40467616719
IDB,IDA blend,Other,Unknown,2023,2020,4.56457719814894,4.56457719814894,Moderate (2-5%),2.87508782353444,2062.62356419287
IDN,Indonesia,Asia,Lower Middle,2023,2020,3.66938654859761,3.66938654859761,Moderate (2-5%),5.04883117855516,4192.64401034181
IDX,IDA only,Other,Unknown,2023,2020,7.12142371831339,7.12142371831339,High (5-10%),3.3073554888398,1147.16316787956
IND,India,Asia,Lower Middle,2023,2020,5.64914318907925,5.64914318907925,High (5-10%),7.210224629335,2229.71491223037
IRL,Ireland,Europe,High,2023,2020,6.29942487419125,6.29942487419125,High (5-10%),-2.53637409313261,93541.9643678381
IRN,"Iran, Islamic Rep.",Asia,Lower Middle,2023,2020,44.5791857572797,44.5791857572797,Very High (>10%),5.33235116079808,5687.84396268742
IRQ,Iraq,Middle East,Unknown,2023,2020,4.35835351089595,4.35835351089595,Moderate (2-5%),0.517705525140073,4337.0870532422
ISL,Iceland,Other,Unknown,2023,2020,8.73630299937298,8.73630299937298,High (5-10%),5.0322597376242,59951.7537739692
ISR,Israel,Europe,High,2023,2020,4.22522603168918,4.22522603168918,Moderate (2-5%),2.06272504731618,42131.7415675806
ITA,Italy,Europe,High,2023,2020,5.62219442195901,5.62219442195901,High (5-10%),0.922796543670316,34221.7182928271
JAM,Jamaica,Other,Unknown,2023,2020,6.47413734662063,6.47413734662063,High (5-10%),2.74634433906714,6127.90771263434
JOR,Jordan,Other,Unknown,2023,2020,2.08486986327134,2.08486986327134,Moderate (2-5%),3.12900102017251,4373.38088482368
JPN,Japan,Asia,High,2023,2020,3.26813365933163,3.26813365933163,Moderate (2-5%),0.720785304749811,37902.5492204411
KAZ,Kazakhstan,Other,Unknown,2023,2020,14.5275597825952,14.5275597825952,Very High (>10%),5.09999999973641,11453.3952725363
KEN,Kenya,Africa,Low,2023,2020,7.67139634029402,7.67139634029402,High (5-10%),5.71999241214208,1811.21651838425
KGZ,Kyrgyz Republic,Other,Unknown,2023,2020,10.7532770416742,10.7532770416742,Very High (>10%),9.0132928339342,1298.25724482211
KHM,Cambodia,Other,Unknown,2023,2020,2.12746796594194,2.12746796594194,Moderate (2-5%),5.00733043811898,2085.05748462122
KIR,Kiribati,Other,Unknown,2023,2020,9.28307374517721,9.28307374517721,High (5-10%),3.13390313390313,1990.14605922104
KNA,St. Kitts and Nevis,Other,Unknown,2023,2020,3.55711230848243,3.55711230848243,Moderate (2-5%),3.02127526129283,21664.0333984701
KOR,"Korea, Rep.",Asia,High,2023,2020,3.5974562502901,3.5974562502901,Moderate (2-5%),1.58301467403629,36347.7036392553
KWT,Kuwait,Middle East,High,2023,2020,3.64216403030709,3.64216403030709,Moderate (2-5%),-1.64087799968877,24722.8143701857
LAC,Latin America & Caribbean (excluding high income),Other,Unknown,2023,2020,5.08677483158112,5.08677483158112,High (5-10%),2.12680994822227,8203.23895137503
LAO,Lao PDR,Other,Unknown,2023,2020,31.2301341732646,31.2301341732646,Very High (>10%),3.74568140158232,2648.88726608035
LBN,Lebanon,Other,Unknown,2023,2020,221.341644023365,180.13687701067877,Very High (>10%),-0.760584470257314,5834.63415739394
LBR,Liberia,Other,Unknown,2023,2020,10.0944535665552,10.0944535665552,Very High (>10%),4.68375688761311,653.329188343162
LBY,Libya,Other,Unknown,2023,2020,2.3731753143518,2.3731753143518,Moderate (2-5%),10.2000497852517,7630.49664928174
LCA,St. Lucia,Other,Unknown,2023,2020,3.81914546156358,3.81914546156358,Moderate (2-5%),3.90774802925928,11665.6826047818
LCN,Latin America & Caribbean,Other,Unknown,2023,2020,4.63202285403356,4.63202285403356,Moderate (2-5%),2.20678468368602,8736.17680385723
LDC,Least developed countries: UN classification,Other,Unknown,2023,2020,7.12697482131851,7.12697482131851,High (5-10%),3.05090811063616,1074.29165043316
LIC,Low income,Other,Unknown,2023,2020,8.5006507858837,8.5006507858837,High (5-10%),1.21474688217289,697.417753503119
LKA,Sri Lanka,Asia,Lower Middle,2023,2020,16.5411742279832,16.5411742279832,Very High (>10%),-2.0289296690344,3977.13564995085
LMC,Lower middle income,Other,Unknown,2023,2020,7.52710509155193,7.52710509155193,High (5-10%),5.29082296744885,2182.51186143558
LMY,Low & middle income,Other,Unknown,2023,2020,6.15623852560203,6.15623852560203,High (5-10%),4.65212132351984,5358.98340901979
LSO,Lesotho,Other,Unknown,2023,2020,6.34221743124953,6.34221743124953,High (5-10%),1.69433177608774,973.116561960912
LTE,Late-demographic dividend,Other,Unknown,2023,2020,5.86910359896119,5.86910359896119,High (5-10%),4.43253867675644,11414.6924038042
LTU,Lithuania,Other,Unknown,2023,2020,9.11731962390475,9.11731962390475,High (5-10%),0.739537398185803,18748.9302647191
LUX,Luxembourg,Other,Unknown,2023,2020,3.74140361983136,3.74140361983136,Moderate (2-5%),0.0994370594039111,105422.764660192
LVA,Latvia,Other,Unknown,2023,2020,8.9380462331663,8.9380462331663,High (5-10%),-0.941606068823631,16229.3844520245
MAC,"Macao SAR, China",Other,Unknown,2023,2020,0.476384495788075,0.476384495788075,Low (<2%),75.3084184293413,59474.3964251614
MAR,Morocco,Africa,Lower Middle,2023,2020,6.09114152504141,6.09114152504141,High (5-10%),3.65564411017931,3421.21704101563
MDA,Moldova,Other,Unknown,2023,2020,13.41701043813,13.41701043813,Very High (>10%),1.18802067937429,3758.3688194082
MDG,Madagascar,Other,Unknown,2023,2020,9.87432675044888,9.87432675044888,High (5-10%),4.23086580696344,445.874102052267
MDV,Maldives,Other,Unknown,2023,2020,2.90372427754586,2.90372427754586,Moderate (2-5%),4.94286301229583,11439.5364342871
MEA,"Middle East, North Africa, Afghanistan & Pakistan",Other,Unknown,2023,2020,4.22522603168918,4.22522603168918,Moderate (2-5%),2.29073324961962,5463.85312225795
MEX,Mexico,North America,Upper Middle,2023,2020,5.52796087314389,5.52796087314389,High (5-10%),3.1067964131456,10234.6840265651
MIC,Middle income,Other,Unknown,2023,2020,6.083192685419,6.083192685419,High (5-10%),4.70121337251241,5930.65300014784
MKD,North Macedonia,Other,Unknown,2023,2020,9.36187249769015,9.36187249769015,High (5-10%),2.554965253403,6423.99221393369
MLI,Mali,Other,Unknown,2023,2020,2.05880228274223,2.05880228274223,Moderate (2-5%),4.76394100040932,892.689219532429
MLT,Malta,Other,Unknown,2023,2020,5.09396758978883,5.09396758978883,High (5-10%),10.6340558017004,33429.8172092336
MNA,"Middle East, North Africa, Afghanistan & Pakistan (excluding high income)",Other,Unknown,2023,2020,6.09114152504141,6.09114152504141,High (5-10%),2.89591827095839,3016.25210020449
MNE,Montenegro,Other,Unknown,2023,2020,8.58476910455403,8.58476910455403,High (5-10%),6.47836283518564,8278.02461006262
MNG,Mongolia,Other,Unknown,2023,2020,10.347583131434,10.347583131434,Very High (>10%),7.4221127615025,4456.53627552726
MOZ,Mozambique,Other,Low,2023,2020,7.12697482131851,7.12697482131851,High (5-10%),5.50384456650241,610.591041611538
MRT,Mauritania,Other,Unknown,2023,2020,4.95305034506872,4.95305034506872,Moderate (2-5%),6.80949002457973,1638.99221583023
MUS,Mauritius,Other,Unknown,2023,2020,7.05298238454736,7.05298238454736,High (5-10%),4.69918189687444,11330.7335655767
MWI,Malawi,Other,Low,2023,2020,28.7897428247298,28.7897428247298,Very High (>10%),1.94575281675984,557.03523965791
MYS,Malaysia,Asia,Upper Middle,2023,2020,2.48886560125754,2.48886560125754,Moderate (2-5%),3.5370638041057,11445.3925275079
NAC,North America,Other,Unknown,2023,2020,3.99766999081457,3.99766999081457,Moderate (2-5%),2.85945132916503,63532.0076871763
NAM,Namibia,Other,Unknown,2023,2020,5.87993463284275,5.87993463284275,High (5-10%),4.32498048866805,3973.49010579998
NER,Niger,Other,Unknown,2023,2020,3.70097316425834,3.70097316425834,Moderate (2-5%),2.63516980401258,561.960694711722
NGA,Nigeria,Africa,Low,2023,2020,24.659550203114,24.659550203114,Very High (>10%),3.31590368111438,2280.67777167162
NIC,Nicaragua,Other,Unknown,2023,2020,8.38765854872536,8.38765854872536,High (5-10%),4.42779393186883,2241.1228811163
NLD,Netherlands,Europe,High,2023,2020,3.83839354342808,3.83839354342808,Moderate (2-5%),-0.598061017580278,50960.7810305308
NOR,Norway,Europe,High,2023,2020,5.51784987104659,5.51784987104659,High (5-10%),0.352695581319765,83100.7944645872
NPL,Nepal,Asia,Lower Middle,2023,2020,7.11587261530826,7.11587261530826,High (5-10%),1.98254843461849,1136.4276931197
NZL,New Zealand,Oceania,High,2023,2020,5.73316283034957,5.73316283034957,High (5-10%),1.81389453412019,42501.4932044968
OED,OECD members,Other,Unknown,2023,2020,5.67767862615429,5.67767862615429,High (5-10%),1.78937161232169,40246.7434272636
OMN,Oman,Middle East,High,2023,2020,0.950782997762827,0.950782997762827,Low (<2%),1.41401383200161,17853.9644897801
OSS,Other small states,Other,Unknown,2023,2020,5.51293808804143,5.51293808804143,High (5-10%),3.20030722043091,12357.3872788898
PAK,Pakistan,Asia,Lower Middle,2023,2020,30.7681280657005,30.7681280657005,Very High (>10%),-0.414935997088406,1610.33122837537
PAN,Panama,Other,Unknown,2023,2020,1.48641355277038,1.48641355277038,Low (<2%),7.16634016390665,16877.1543425646
PER,Peru,South America,Upper Middle,2023,2020,6.45561348369586,6.45561348369586,High (5-10%),-0.350699814345759,6575.18295502228
PHL,Philippines,Asia,Lower Middle,2023,2020,5.97802515541409,5.97802515541409,High (5-10%),5.51894967856043,3744.69763802686
PLW,Palau,Other,Unknown,2023,2020,12.8199748216534,12.8199748216534,Very High (>10%),1.22284844405733,13070.7944502154
PNG,Papua New Guinea,Other,Unknown,2023,2020,2.29869991296791,2.29869991296791,Moderate (2-5%),3.81046308333708,2515.28575096589
POL,Poland,Europe,Unknown,2023,2020,11.5289127961105,11.5289127961105,Very High (>10%),0.249610834017872,17410.3830137066
PRE,Pre-demographic dividend,Other,Unknown,2023,2020,7.10220928557059,7.10220928557059,High (5-10%),2.44455093685518,1429.18875247624
PRT,Portugal,Europe,High,2023,2020,4.31128191898681,4.31128191898681,Moderate (2-5%),3.09998745904281,22417.1634060906
PRY,Paraguay,South America,Upper Middle,2023,2020,4.63202285403356,4.63202285403356,Moderate (2-5%),5.28584584975323,6452.28566840034
PSE,West Bank and Gaza,Other,Unknown,2023,2020,5.87110177678988,5.87110177678988,High (5-10%),-0.97217780620403,2997.22694077849
PSS,Pacific island small states,Other,Unknown,2023,2020,7.92164684826777,7.92164684826777,High (5-10%),7.23510889764707,3890.39488708922
PST,Post-demographic dividend,Other,Unknown,2023,2020,5.06713865364213,5.06713865364213,High (5-10%),1.79595440239152,46338.3245846606
QAT,Qatar,Middle East,High,2023,2020,3.02764899198902,3.02764899198902,Moderate (2-5%),1.18715991623776,65111.033321485
ROU,Romania,Other,Unknown,2023,2020,10.3971874764996,10.3971874764996,Very High (>10%),2.25773416555121,12340.8170509969
RUS,Russian Federation,Europe,Upper Middle,2023,2020,5.86571931748967,5.86571931748967,High (5-10%),4.06661395813023,10560.4658203125
RWA,Rwanda,Other,Low,2023,2020,19.789546746467,19.789546746467,Very High (>10%),8.55964292914153,993.911004643524
SAS,South Asia,Other,Unknown,2023,2020,6.38250790219375,6.38250790219375,High (5-10%),6.7848640413625,2201.34248982502
SAU,Saudi Arabia,Asia,High,2023,2020,2.32708518362706,2.32708518362706,Moderate (2-5%),0.542592439393161,25634.8237547841
SEN,Senegal,Other,Unknown,2023,2020,5.93947798773215,5.93947798773215,High (5-10%),4.25743083300657,1458.9664233275
SGP,Singapore,Asia,High,2023,2020,4.83372362825798,4.83372362825798,Moderate (2-5%),1.45026775889565,65976.7068036903
SLB,Solomon Islands,Other,Unknown,2023,2020,5.88585897042164,5.88585897042164,High (5-10%),2.84111851154807,1795.88798697142
SLE,Sierra Leone,Other,Unknown,2023,2020,47.6428733253179,47.6428733253179,Very High (>10%),5.7100218981806,1113.86837500697
SLV,El Salvador,Other,Unknown,2023,2020,4.04554694222477,4.04554694222477,Moderate (2-5%),3.35508721646165,4481.19664108356
SMR,San Marino,Other,Unknown,2023,2020,5.93190858629403,5.93190858629403,High (5-10%),0.401932371532837,51323.7741002928
SRB,Serbia,Other,Unknown,2023,2020,12.3719043552519,12.3719043552519,Very High (>10%),3.74793303561771,8208.4786891507
SSA,Sub-Saharan Africa (excluding high income),Other,Unknown,2023,2020,7.05298238454736,7.05298238454736,High (5-10%),2.71209038880693,1570.00530365333
SSD,South Sudan,Other,Unknown,2023,2020,2.38280434813754,2.38280434813754,Moderate (2-5%),,
SSF,Sub-Saharan Africa,Other,Unknown,2023,2020,6.69759990789845,6.69759990789845,High (5-10%),2.71446691675897,1571.4055801623
SST,Small states,Other,Unknown,2023,2020,5.06713865364213,5.06713865364213,High (5-10%),5.02859646200615,12160.0587635306
STP,Sao Tome and Principe,Other,Unknown,2023,2020,21.2589138473,21.2589138473,Very High (>10%),0.372252775001456,1380.60169416257
SUR,Suriname,Other,Unknown,2023,2020,51.5873159600861,51.5873159600861,Very High (>10%),2.41659215006946,7186.47308144145
SVK,Slovak Republic,Other,Unknown,2023,2020,10.5319476645211,10.5319476645211,Very High (>10%),2.11263633214959,19383.3732009401
SVN,Slovenia,Other,Unknown,2023,2020,7.44687717385846,7.44687717385846,High (5-10%),2.3758326648385,25773.9015835069
SWE,Sweden,Europe,High,2023,2020,8.5486248974891,8.5486248974891,High (5-10%),-0.204061304891439,53937.7967122429
SYC,Seychelles,Other,Unknown,2023,2020,-1.03530088431952,-1.03530088431952,Low (<2%),5.17980996672414,16286.8557867673
TCD,Chad,Other,Unknown,2023,2020,10.8363568399843,10.8363568399843,Very High (>10%),3.99861309461539,856.985507283698
TEA,East Asia & Pacific (IDA & IBRD countries),Other,Unknown,2023,2020,5.93194206291787,5.93194206291787,High (5-10%),5.2600647393007,9774.78042985959
TEC,Europe & Central Asia (IDA & IBRD countries),Other,Unknown,2023,2020,9.36187249769015,9.36187249769015,High (5-10%),3.8319198777364,10132.3013270566
TGO,Togo,Other,Unknown,2023,2020,5.48928568141131,5.48928568141131,High (5-10%),6.19762969378132,1011.2308927823
THA,Thailand,Asia,Upper Middle,2023,2020,1.22908986612448,1.22908986612448,Low (<2%),2.24883437970568,6423.99101164149
TLA,Latin America & the Caribbean (IDA & IBRD countries),Other,Unknown,2023,2020,4.70881783212245,4.70881783212245,Moderate (2-5%),2.28058560829545,8611.07781121831
TLS,Timor-Leste,Other,Unknown,2023,2020,8.42035103310377,8.42035103310377,High (5-10%),-18.1359049134472,1279.2112241611
TMN,"Middle East, North Africa, Afghanistan & Pakistan (IDA & IBRD)",Other,Unknown,2023,2020,7.70665764216232,7.70665764216232,High (5-10%),2.92442456913298,3016.38786220006
TON,Tonga,Other,Unknown,2023,2020,6.35112980255182,6.35112980255182,High (5-10%),2.79014715494606,4680.30010664357
TSA,South Asia (IDA & IBRD),Other,Unknown,2023,2020,6.38250790219375,6.38250790219375,High (5-10%),6.7848640413625,2201.34248982502
TSS,Sub-Saharan Africa (IDA & IBRD countries),Other,Unknown,2023,2020,6.69759990789845,6.69759990789845,High (5-10%),2.71446691675898,1571.4055801623
TTO,Trinidad and Tobago,Other,Unknown,2023,2020,4.62930242419968,4.62930242419968,Moderate (2-5%),1.46645947294053,15922.7668349788
TUN,Tunisia,Africa,Upper Middle,2023,2020,9.32899597507865,9.32899597507865,High (5-10%),0.184015548469745,3967.33387634534
TUR,Turkiye,Europe,Upper Middle,2023,2020,53.8594087593315,53.8594087593315,Very High (>10%),5.04512369812289,14932.8851363122
TZA,Tanzania,Other,Low,2023,2020,3.79923291384916,3.79923291384916,Moderate (2-5%),5.06952353203394,1092.86413574219
UGA,Uganda,Other,Low,2023,2020,5.35094804280395,5.35094804280395,High (5-10%),5.33697295511469,955.745797275462
UKR,Ukraine,Other,Unknown,2023,2020,12.8490222828559,12.8490222828559,Very High (>10%),5.53473354963334,2164.26123046875
UMC,Upper middle income,Other,Unknown,2023,2020,5.0341072621757,5.0341072621757,High (5-10%),4.57426687515756,9448.07566849762
URY,Uruguay,South America,High,2023,2020,5.86910359896119,5.86910359896119,High (5-10%),0.761749241321681,18403.6753125157
USA,United States,North America,High,2023,2020,4.11633838374488,4.11633838374488,Moderate (2-5%),2.93436322440155,65667.281580468
UZB,Uzbekistan,Other,Unknown,2023,2020,9.95659071258018,9.95659071258018,High (5-10%),6.31603004201926,4281.20542121225
VCT,St. Vincent and the Grenadines,Other,Unknown,2023,2020,4.56457719814894,4.56457719814894,Moderate (2-5%),5.32636472098717,9051.35208011007
VNM,Viet Nam,Asia,Lower Middle,2023,2020,3.25289282667662,3.25289282667662,Moderate (2-5%),4.97865959483225,3772.36029116103
VUT,Vanuatu,Other,Unknown,2023,2020,11.1825017088175,11.1825017088175,Very High (>10%),5.82973013269719,3178.3031116212
WLD,World,Other,Unknown,2023,2020,5.79944107391962,5.79944107391962,High (5-10%),2.85938493335973,11670.8224680822
WSM,Samoa,Other,Unknown,2023,2020,7.92164684826777,7.92164684826777,High (5-10%),15.233606465518,4688.46305366113
XKX,Kosovo,Other,Unknown,2023,2020,4.94432438791283,4.94432438791283,Moderate (2-5%),4.06762701436438,5102.74674921908
ZAF,South Africa,Africa,Upper Middle,2023,2020,6.0752438457966,6.0752438457966,High (5-10%),0.80610455095804,5756.55049453121
ZMB,Zambia,Other,Unknown,2023,2020,10.884531691282,10.884531691282,Very High (>10%),5.36794285493059,1330.85998216751
